title,doi,eid,scopus_id,year,cover_date,journal,issn,publisher,document_type,authors,affiliations,cited_by_count,open_access,scopus_url,discovery_source,review_status,download_status,oa_pdf_url,priority_score,candidate_rank
Lead-Free BiFeO3-BaTiO3Ceramics with High Curie Temperature: Fine Compositional Tuning across the Phase Boundary for High Piezoelectric Charge and Strain Coefficients,10.1021/acsami.0c20381,2-s2.0-85099934541,85099934541,2021,2021-01-27,ACS Applied Materials and Interfaces,19448244,,Article,,University of Science and Technology Beijing,186,False,https://api.elsevier.com/content/abstract/scopus_id/85099934541,scopus,PENDING,NOT_STARTED,,38,1
Temperature-insensitive piezoelectric properties of lead-free BiFeO3–BaTiO3 ceramics with high Curie temperature,10.1016/j.jallcom.2020.156788,2-s2.0-85090198161,85090198161,2021,2021-01-15,Journal of Alloys and Compounds,09258388,,Article,,Changwon National University,74,True,https://api.elsevier.com/content/abstract/scopus_id/85090198161,scopus,PENDING,NOT_STARTED,,36,2
BiAlO3-modified BiFeO3–BaTiO3 high Curie temperature lead-free piezoelectric ceramics with enhanced performance,10.1007/s12598-023-02407-9,2-s2.0-85171590595,85171590595,2023,2023-11-01,Rare Metals,10010521,,Article,,University of Science and Technology Beijing,49,False,https://api.elsevier.com/content/abstract/scopus_id/85171590595,scopus,PENDING,NOT_STARTED,,33,3
Demonstration of Enhanced Piezo-Catalysis for Hydrogen Generation and Water Treatment at the Ferroelectric Curie Temperature,10.1016/j.isci.2020.101095,2-s2.0-85084201229,85084201229,2020,2020-05-22,Iscience,,,Article,,Viet Nam Academy of Science and Technology,104,True,https://api.elsevier.com/content/abstract/scopus_id/85084201229,scopus,PENDING,NOT_STARTED,,28,4
Controlling bimerons as skyrmion analogues by ferroelectric polarization in 2D van der Waals multiferroic heterostructures,10.1038/s41467-020-19779-6,2-s2.0-85096423752,85096423752,2020,2020-12-01,Nature Communications,,,Article,,Henan University,158,True,https://api.elsevier.com/content/abstract/scopus_id/85096423752,scopus,PENDING,NOT_STARTED,,26,5
Experimental Observation of the Fully Ferroelectric-Fully Ferroelastic Effect in Multiferroic Hybrid Perovskites,10.1021/jacs.4c06929,2-s2.0-85199296272,85199296272,2024,2024-07-31,Journal of the American Chemical Society,00027863,,Article,,Zhejiang Normal University,76,False,https://api.elsevier.com/content/abstract/scopus_id/85199296272,scopus,PENDING,NOT_STARTED,,25,6
Anomalous thickness dependence of Curie temperature in air-stable two-dimensional ferromagnetic 1T-CrTe2 grown by chemical vapor deposition,10.1038/s41467-021-21072-z,2-s2.0-85100449837,85100449837,2021,2021-12-01,Nature Communications,,,Article,,Beihang University,364,True,https://api.elsevier.com/content/abstract/scopus_id/85100449837,scopus,PENDING,NOT_STARTED,,25,7
Record Enhancement of Curie Temperature in Host-Guest Inclusion Ferroelectrics,10.1021/jacs.1c00613,2-s2.0-85104047824,85104047824,2021,2021-04-07,Journal of the American Chemical Society,00027863,,Article,,Southeast University,95,False,https://api.elsevier.com/content/abstract/scopus_id/85104047824,scopus,PENDING,NOT_STARTED,,24,8
"Textured (K,Na)NbO3 ceramics with enhanced piezoelectric properties: High kp, d33, and Curie temperature",10.26599/jac.2025.9221206,2-s2.0-105030822315,105030822315,2026,2026-01-01,Journal of Advanced Ceramics,22264108,,Article,,Guizhou University,7,True,https://api.elsevier.com/content/abstract/scopus_id/105030822315,scopus,PENDING,NOT_STARTED,,23,9
Enhanced piezoelectric properties in 0.665PMN-0.335PT-based piezoceramics with high Curie temperature by phase tuning,10.1142/s2010135x25500250,2-s2.0-105015607557,105015607557,2026,2026-02-01,Journal of Advanced Dielectrics,2010135X,,Article,,Guizhou University,3,True,https://api.elsevier.com/content/abstract/scopus_id/105015607557,scopus,PENDING,NOT_STARTED,,23,10
One-step sintering enabled structural stability and defect suppression even in Fe-off-stoichiometric BiFeO3-BaTiO3 piezoceramics,10.1016/j.jmat.2025.101158,2-s2.0-105029218719,105029218719,2026,2026-03-01,Journal of Materiomics,23528478,,Article,,University of Science and Technology Beijing,3,True,https://api.elsevier.com/content/abstract/scopus_id/105029218719,scopus,PENDING,NOT_STARTED,,23,11
Concurrently enhanced piezoelectric performance and curie temperature in stressed lead-free Ba0.85Ca0.15Ti0.9Zr0.1O3 ceramics,10.1038/s41467-025-59311-2,2-s2.0-105003864111,105003864111,2025,2025-12-01,Nature Communications,,,Article,,University of Jinan,37,True,https://api.elsevier.com/content/abstract/scopus_id/105003864111,scopus,PENDING,NOT_STARTED,,23,12
Simultaneous enhancement of piezoelectric performance and Curie temperature in high-temperature Bi4Ti3O12 piezoceramics through A/B site co-doping,10.26599/jac.2025.9221077,2-s2.0-105009234788,105009234788,2025,2025-05-01,Journal of Advanced Ceramics,22264108,,Article,,Sun Yat-Sen University,25,True,https://api.elsevier.com/content/abstract/scopus_id/105009234788,scopus,PENDING,NOT_STARTED,,23,13
Synergistically enhancing the piezoelectric activity and Curie temperature of CaBi4Ti4O15 ceramics via co-doping Gd/Mn at the A/B-site,10.26599/jac.2024.9220952,2-s2.0-85207071405,85207071405,2024,2024-09-01,Journal of Advanced Ceramics,22264108,,Article,,Chengdu University,34,True,https://api.elsevier.com/content/abstract/scopus_id/85207071405,scopus,PENDING,NOT_STARTED,,23,14
Room-temperature magnetoresistive and magnetocaloric effect in La1- x Ba xMnO3compounds: Role of Griffiths phase with ferromagnetic metal cluster above Curie temperature,10.1063/5.0078188,2-s2.0-85123484869,85123484869,2022,2022-01-31,Journal of Applied Physics,00218979,,Article,,Hangzhou Dianzi University,120,False,https://api.elsevier.com/content/abstract/scopus_id/85123484869,scopus,PENDING,NOT_STARTED,,23,15
Textured ferroelectric ceramics with high electromechanical coupling factors over a broad temperature range,10.1038/s41467-021-21673-8,2-s2.0-85101907433,85101907433,2021,2021-12-01,Nature Communications,,,Article,,"Faculty of Electronic and Information Engineering, Xi'an Jiaotong University",178,True,https://api.elsevier.com/content/abstract/scopus_id/85101907433,scopus,PENDING,NOT_STARTED,,23,16
Chemical-Pressure-Modulated BaTiO3Thin Films with Large Spontaneous Polarization and High Curie Temperature,10.1021/jacs.1c00605,2-s2.0-85105968649,85105968649,2021,2021-05-05,Journal of the American Chemical Society,00027863,,Article,,University of Science and Technology Beijing; Nanjing Tech University,72,False,https://api.elsevier.com/content/abstract/scopus_id/85105968649,scopus,PENDING,NOT_STARTED,,23,17
Curie temperature modeling of magnetocaloric lanthanum manganites using Gaussian process regression,10.1016/j.jmmm.2020.166998,2-s2.0-85085561684,85085561684,2020,2020-10-15,Journal of Magnetism and Magnetic Materials,03048853,,Article,,NC State University,132,False,https://api.elsevier.com/content/abstract/scopus_id/85085561684,scopus,PENDING,NOT_STARTED,,23,18
Excellent thermal stability and aging behaviors in BiFeO3-BaTiO3 piezoelectric ceramics with rhombohedral phase,10.1111/jace.16755,2-s2.0-85071357227,85071357227,2020,2020-01-01,Journal of the American Ceramic Society,00027820,,Article,,Shanghai University,104,False,https://api.elsevier.com/content/abstract/scopus_id/85071357227,scopus,PENDING,NOT_STARTED,,23,19
Ultrahigh Piezoelectric Response Obtained by Artificially Generating a Large Internal Bias Field in BiFeO3–BaTiO3 Lead-Free Ceramics,10.1002/adfm.202313879,2-s2.0-85183755917,85183755917,2024,2024-05-29,Advanced Functional Materials,1616301X,,Article,,School of Materials Science and Engineering Zhejiang University,67,False,https://api.elsevier.com/content/abstract/scopus_id/85183755917,scopus,PENDING,NOT_STARTED,,22,20
Poling above the Curie temperature driven large enhancement in piezoelectric performance of Mn doped PZT-based piezoceramics,10.1016/j.nanoen.2023.108546,2-s2.0-85160779947,85160779947,2023,2023-08-01,Nano Energy,22112855,,Article,,"Shanghai Institute of Ceramics, Chinese Academy of Sciences; ShanghaiTech University",68,False,https://api.elsevier.com/content/abstract/scopus_id/85160779947,scopus,PENDING,NOT_STARTED,,22,21
"Sm-Doped PIN-PMN-PT Transparent Ceramics with High Curie Temperature, Good Piezoelectricity, and Excellent Electro-Optical Properties",10.1021/acsami.2c19865,2-s2.0-85147118460,85147118460,2023,2023-02-08,ACS Applied Materials and Interfaces,19448244,,Article,,Qingdao University,64,False,https://api.elsevier.com/content/abstract/scopus_id/85147118460,scopus,PENDING,NOT_STARTED,,22,22
Mn-Rich MnSb2Te4: A Topological Insulator with Magnetic Gap Closing at High Curie Temperatures of 45–50 K,10.1002/adma.202102935,2-s2.0-85114017779,85114017779,2021,2021-10-01,Advanced Materials,09359648,,Article,,Johannes Kepler University Linz,110,True,https://api.elsevier.com/content/abstract/scopus_id/85114017779,scopus,PENDING,NOT_STARTED,,22,23
"Fabrication, structure, and frequency-dependent electrical and dielectric properties of Sr-doped BaTiO3 ceramics",10.1016/j.ceramint.2019.09.208,2-s2.0-85072524743,85072524743,2020,2020-02-01,Ceramics International,02728842,,Article,,Xi'an University of Science and Technology,350,False,https://api.elsevier.com/content/abstract/scopus_id/85072524743,scopus,PENDING,NOT_STARTED,,22,24
High-throughput discovery of high Curie point two-dimensional ferromagnetic materials,10.1038/s41524-020-0300-2,2-s2.0-85083155049,85083155049,2020,2020-12-01,Npj Computational Materials,,,Article,,Indian Institute of Science,112,True,https://api.elsevier.com/content/abstract/scopus_id/85083155049,scopus,PENDING,NOT_STARTED,,22,25
"Study of half metallic ferromagnetism, Curie temperature, and thermoelectric aspects of double perovskite oxides Ba2XMoO6 (X = Cr, Mn, Fe, Co) for spintronic applications",10.1016/j.mssp.2025.109519,2-s2.0-105001170684,105001170684,2025,2025-07-01,Materials Science in Semiconductor Processing,13698001,,Article,,"Imam Abdulrahman Bin Faisal University; Imam Abdulrahman bin Faisal University, College of Science",24,False,https://api.elsevier.com/content/abstract/scopus_id/105001170684,scopus,PENDING,NOT_STARTED,,21,26
Design and development of a new lead-free BiFeO3-BaTiO3 quenched ceramics for high piezoelectric strain performance,10.1016/j.cej.2023.145387,2-s2.0-85168432973,85168432973,2023,2023-10-01,Chemical Engineering Journal,13858947,,Article,,Central South University,53,False,https://api.elsevier.com/content/abstract/scopus_id/85168432973,scopus,PENDING,NOT_STARTED,,21,27
Investigation of BiFeO3-BaTiO3 lead-free piezoelectric ceramics with nonstoichiometric bismuth,10.20517/microstructures.2023.34,2-s2.0-85180246662,85180246662,2023,2023-01-01,Microstructures,,,Article,,Shenzhen Institutes of Advanced Technology; Guilin University of Technology,51,False,https://api.elsevier.com/content/abstract/scopus_id/85180246662,scopus,PENDING,NOT_STARTED,,21,28
Improvement in piezoelectric performance of the lead-free BiFeO3-BaTiO3 ceramics by synergistic approach,10.1016/j.jmst.2023.02.058,2-s2.0-85153359499,85153359499,2023,2023-10-10,Journal of Materials Science and Technology,10050302,,Article,,Central South University,49,False,https://api.elsevier.com/content/abstract/scopus_id/85153359499,scopus,PENDING,NOT_STARTED,,21,29
On-the-fly interpretable machine learning for rapid discovery of two-dimensional ferromagnets with high Curie temperature,10.1016/j.chempr.2021.11.009,2-s2.0-85122928435,85122928435,2022,2022-03-10,Chem,24519308,,Article,,Southeast University,87,True,https://api.elsevier.com/content/abstract/scopus_id/85122928435,scopus,PENDING,NOT_STARTED,,21,30
A combinatory ferroelectric compound bridging simple ABO3 and A-site-ordered quadruple perovskite,10.1038/s41467-020-20833-6,2-s2.0-85100334415,85100334415,2021,2021-12-01,Nature Communications,,,Article,,Institute of Physics Chinese Academy of Sciences; Songshan Lake Materials Laboratory,118,True,https://api.elsevier.com/content/abstract/scopus_id/85100334415,scopus,PENDING,NOT_STARTED,,21,31
Two-Dimensional Layered Perovskite Ferroelectric with Giant Piezoelectric Voltage Coefficient,10.1021/jacs.9b12368,2-s2.0-85077936414,85077936414,2020,2020-01-15,Journal of the American Chemical Society,00027863,,Article,,Southeast University,244,False,https://api.elsevier.com/content/abstract/scopus_id/85077936414,scopus,PENDING,NOT_STARTED,,21,32
Room-Temperature Ferroelectric Material Composed of a Two-Dimensional Metal Halide Double Perovskite for X-ray Detection,10.1002/anie.202004235,2-s2.0-85085869405,85085869405,2020,2020-08-10,Angewandte Chemie International Edition,14337851,,Article,,"University of Chinese Academy of Sciences; State Key Laboratory of Structural Chemistry, Fuzhou",173,False,https://api.elsevier.com/content/abstract/scopus_id/85085869405,scopus,PENDING,NOT_STARTED,,21,33
Proximity-Coupling-Induced Significant Enhancement of Coercive Field and Curie Temperature in 2D van der Waals Heterostructures,10.1002/adma.202002032,2-s2.0-85089450046,85089450046,2020,2020-09-01,Advanced Materials,09359648,,Article,,Huazhong University of Science and Technology,156,False,https://api.elsevier.com/content/abstract/scopus_id/85089450046,scopus,PENDING,NOT_STARTED,,21,34
Concurrent Enhancement of Piezoelectricity and Curie Temperature in Bi4Ti3O12 Ceramics via Dual-Modification,10.1002/adfm.202523058,2-s2.0-105025572331,105025572331,2026,2026-04-20,Advanced Functional Materials,1616301X,,Article,,Sun Yat-Sen University,4,False,https://api.elsevier.com/content/abstract/scopus_id/105025572331,scopus,PENDING,NOT_STARTED,,20,35
Effect of PbTiO3 content on the piezoelectric response of high curie temperature PYN-PZT ceramics,10.1016/j.jallcom.2025.185749,2-s2.0-105025702925,105025702925,2026,2026-01-15,Journal of Alloys and Compounds,09258388,,Article,,University of Chinese Academy of Sciences; Institute of Optics and Electronics Chinese Academy of Sciences,4,False,https://api.elsevier.com/content/abstract/scopus_id/105025702925,scopus,PENDING,NOT_STARTED,,20,36
Ultrahigh capacitive energy storage of BiFeO3-based ceramics through multi-oriented nanodomain construction,10.1038/s41467-025-57228-4,2-s2.0-85219605607,85219605607,2025,2025-12-01,Nature Communications,,,Article,,Ningbo University,87,True,https://api.elsevier.com/content/abstract/scopus_id/85219605607,scopus,PENDING,NOT_STARTED,,20,37
Enhancement of piezoelectric properties and temperature stability of high-Curie temperature CaBi2Nb2O9 ceramics,10.1016/j.jeurceramsoc.2024.117101,2-s2.0-85209740172,85209740172,2025,2025-04-01,Journal of the European Ceramic Society,09552219,,Article,,Guilin University of Technology,22,False,https://api.elsevier.com/content/abstract/scopus_id/85209740172,scopus,PENDING,NOT_STARTED,,20,38
Synergy ascension of Piezoresponse and curie temperature in bismuth-layered ceramics via defect engineering,10.1016/j.actamat.2025.121108,2-s2.0-105004350812,105004350812,2025,2025-07-01,Acta Materialia,13596454,,Article,,University of Science and Technology Beijing,20,False,https://api.elsevier.com/content/abstract/scopus_id/105004350812,scopus,PENDING,NOT_STARTED,,20,39
Pyroelectricity induced by Schottky interface above the Curie temperature of bulk materials,10.1016/j.joule.2023.12.006,2-s2.0-85185200228,85185200228,2024,2024-02-21,Joule,,,Article,,Chinese Academy of Sciences; University of Chinese Academy of Sciences,40,True,https://api.elsevier.com/content/abstract/scopus_id/85185200228,scopus,PENDING,NOT_STARTED,,20,40
Ferroelectric Polarization in BaTiO3 Nanocrystals Controls Photoelectrochemical Water Oxidation and Photocatalytic Hydrogen Evolution,10.1021/jacs.3c03762,2-s2.0-85169073473,85169073473,2023,2023-08-30,Journal of the American Chemical Society,00027863,,Article,,"University of California, Davis",110,False,https://api.elsevier.com/content/abstract/scopus_id/85169073473,scopus,PENDING,NOT_STARTED,,20,41
Large Electrostrictive Coefficient in a Two-Dimensional Hybrid Perovskite Ferroelectric,10.1021/jacs.0c12907,2-s2.0-85099930741,85099930741,2021,2021-01-27,Journal of the American Chemical Society,00027863,,Article,,Southeast University,154,False,https://api.elsevier.com/content/abstract/scopus_id/85099930741,scopus,PENDING,NOT_STARTED,,20,42
A multiaxial lead-free two-dimensional organic-inorganic perovskite ferroelectric,10.1093/nsr/nwaa232,2-s2.0-85106550687,85106550687,2021,2021-05-01,National Science Review,20955138,,Article,,GanNan Normal University,82,True,https://api.elsevier.com/content/abstract/scopus_id/85106550687,scopus,PENDING,NOT_STARTED,,20,43
Confinement-Driven Ferroelectricity in a Two-Dimensional Hybrid Lead Iodide Perovskite,10.1021/jacs.0c03710,2-s2.0-85085855126,85085855126,2020,2020-06-03,Journal of the American Chemical Society,00027863,,Article,,Southeast University,155,False,https://api.elsevier.com/content/abstract/scopus_id/85085855126,scopus,PENDING,NOT_STARTED,,20,44
Two-Dimensional Hybrid Perovskite Ferroelectric Induced by Perfluorinated Substitution,10.1021/jacs.0c10686,2-s2.0-85096884473,85096884473,2020,2020-11-25,Journal of the American Chemical Society,00027863,,Article,,Southeast University,148,False,https://api.elsevier.com/content/abstract/scopus_id/85096884473,scopus,PENDING,NOT_STARTED,,20,45
DFT-based and experimental study on Sr-doped BaTiO3: Impacts on piezoelectric and ferroelectric performance,10.1016/j.ceramint.2025.03.069,2-s2.0-105000076642,105000076642,2025,2025-07-01,Ceramics International,02728842,,Article,,Université Ibn Zohr; CERAMATHS,34,True,https://api.elsevier.com/content/abstract/scopus_id/105000076642,scopus,PENDING,NOT_STARTED,,19,46
Tunable Domain Switching Features of Incommensurate Antiferroelectric Ceramics Realizing Excellent Energy Storage Properties,10.1002/adma.202201333,2-s2.0-85129637304,85129637304,2022,2022-06-01,Advanced Materials,09359648,,Article,,Tongji University,155,False,https://api.elsevier.com/content/abstract/scopus_id/85129637304,scopus,PENDING,NOT_STARTED,,19,47
Imperceptible energy harvesting device and biomedical sensor based on ultraflexible ferroelectric transducers and organic diodes,10.1038/s41467-021-22663-6,2-s2.0-85104887615,85104887615,2021,2021-12-01,Nature Communications,,,Article,,The University of Osaka; Joanneum Research Forschungsgesellschaft mbH,184,True,https://api.elsevier.com/content/abstract/scopus_id/85104887615,scopus,PENDING,NOT_STARTED,,19,48
Trilayered Lead Chloride Perovskite Ferroelectric Affording Self-Powered Visible-Blind Ultraviolet Photodetection with Large Zero-Bias Photocurrent,10.1021/jacs.9b10919,2-s2.0-85077703930,85077703930,2020,2020-01-08,Journal of the American Chemical Society,00027863,,Article,,"University of Chinese Academy of Sciences; State Key Laboratory of Structural Chemistry, Fuzhou",139,False,https://api.elsevier.com/content/abstract/scopus_id/85077703930,scopus,PENDING,NOT_STARTED,,19,49
A Three-Dimensional Lead Halide Perovskite-Related Ferroelectric,10.1021/jacs.0c00375,2-s2.0-85081944729,85081944729,2020,2020-03-11,Journal of the American Chemical Society,00027863,,Article,,Southeast University,138,False,https://api.elsevier.com/content/abstract/scopus_id/85081944729,scopus,PENDING,NOT_STARTED,,19,50
Electrically tunable high Curie temperature two-dimensional ferromagnetism in van der Waals layered crystals,10.1063/5.0014865,2-s2.0-85090900293,85090900293,2020,2020-08-25,Applied Physics Letters,00036951,,Article,,College of Engineering,119,False,https://api.elsevier.com/content/abstract/scopus_id/85090900293,scopus,PENDING,NOT_STARTED,,19,51
Large enhancement of ferroelectric properties of perovskite oxides via nitrogen incorporation,10.1126/sciadv.ads8830,2-s2.0-85215223775,85215223775,2025,2025-01-10,Science Advances,,,Article,,"School of Materials Science and Engineering, Harbin Institute of Technology",32,True,https://api.elsevier.com/content/abstract/scopus_id/85215223775,scopus,PENDING,NOT_STARTED,,18,52
Lone pair expression in fluorinated two-dimensional hybrid perovskite enables multiaxial ferroelectricity and nonlinear optical response,10.1038/s41467-025-63134-6,2-s2.0-105013788654,105013788654,2025,2025-12-01,Nature Communications,,,Article,,Zhejiang Normal University,24,True,https://api.elsevier.com/content/abstract/scopus_id/105013788654,scopus,PENDING,NOT_STARTED,,18,53
Gaussian process modeling of doped-lanthanum manganites Curie temperature from compositions and ionic radii,10.1016/j.ssc.2022.115025,2-s2.0-85143650201,85143650201,2023,2023-02-01,Solid State Communications,00381098,,Article,,NC State University,60,False,https://api.elsevier.com/content/abstract/scopus_id/85143650201,scopus,PENDING,NOT_STARTED,,18,54
Simultaneously achieving giant piezoelectricity and record coercive field enhancement in relaxor-based ferroelectric crystals,10.1038/s41467-022-29962-6,2-s2.0-85129407348,85129407348,2022,2022-12-01,Nature Communications,,,Article,,"Shandong University; Henan University; School of Instrumentation Science and Engineering, Harbin Institute of Technology",142,True,https://api.elsevier.com/content/abstract/scopus_id/85129407348,scopus,PENDING,NOT_STARTED,,18,55
A universal framework for metropolis Monte Carlo simulation of magnetic Curie temperature,10.1016/j.commatsci.2021.110638,2-s2.0-85108376541,85108376541,2021,2021-09-01,Computational Materials Science,09270256,,Article,,Southeast University,86,False,https://api.elsevier.com/content/abstract/scopus_id/85108376541,scopus,PENDING,NOT_STARTED,,18,56
"Two-dimensional ferromagnetic semiconductors of rare-earth monolayer GdX2 (X = Cl, Br, I) with large perpendicular magnetic anisotropy and high Curie temperature",10.1016/j.mtphys.2021.100514,2-s2.0-85116353165,85116353165,2021,2021-11-01,Materials Today Physics,,,Article,,"Key Laboratory for Anisotropy and Texture of Materials, Ministry of Education, Northeastern University",84,False,https://api.elsevier.com/content/abstract/scopus_id/85116353165,scopus,PENDING,NOT_STARTED,,18,57
Room-temperature multiferroicity and diversified magnetoelectric couplings in 2D materials,10.1093/nsr/nwz169,2-s2.0-85083968553,85083968553,2020,2020-02-01,National Science Review,20955138,,Article,,Huazhong University of Science and Technology,104,True,https://api.elsevier.com/content/abstract/scopus_id/85083968553,scopus,PENDING,NOT_STARTED,,18,58
"Predicted 2D ferromagnetic Janus VSeTe monolayer with high Curie temperature, large valley polarization and magnetic crystal anisotropy",10.1039/d0nr04837b,2-s2.0-85096509038,85096509038,2020,2020-11-28,Nanoscale,20403364,,Article,,Shandong University,95,False,https://api.elsevier.com/content/abstract/scopus_id/85096509038,scopus,PENDING,NOT_STARTED,,18,59
"Strain-Controllable High Curie Temperature, Large Valley Polarization, and Magnetic Crystal Anisotropy in a 2D Ferromagnetic Janus VSeTe Monolayer",10.1021/acsami.0c13988,2-s2.0-85096666142,85096666142,2020,2020-11-25,ACS Applied Materials and Interfaces,19448244,,Article,,Shandong University,95,False,https://api.elsevier.com/content/abstract/scopus_id/85096666142,scopus,PENDING,NOT_STARTED,,18,60
Two-dimensional Weyl nodal-line semimetal in a d0 ferromagnetic K2 N monolayer with a high Curie temperature,10.1103/physrevb.102.125118,2-s2.0-85093363305,85093363305,2020,2020-09-14,Physical Review B,24699950,,Article,,Hebei University of Technology,91,False,https://api.elsevier.com/content/abstract/scopus_id/85093363305,scopus,PENDING,NOT_STARTED,,18,61
Coupled ferroelectricity and superconductivity in bilayer Td-MoTe2,10.1038/s41586-022-05521-3,2-s2.0-85145525412,85145525412,2023,2023-01-05,Nature,00280836,,Article,,Columbia University,206,False,https://api.elsevier.com/content/abstract/scopus_id/85145525412,scopus,PENDING,NOT_STARTED,,17,62
Giant Energy Storage Density with Antiferroelectric-Like Properties in BNT-Based Ceramics via Phase Structure Engineering,10.1002/smll.202302346,2-s2.0-85161203578,85161203578,2023,2023-10-04,Small,16136810,,Article,,Ningbo University,96,False,https://api.elsevier.com/content/abstract/scopus_id/85161203578,scopus,PENDING,NOT_STARTED,,17,63
Remarkable Enhancement of Piezoelectric Performance by Heavy Halogen Substitution in Hybrid Perovskite Ferroelectrics,10.1021/jacs.2c12306,2-s2.0-85146337886,85146337886,2023,2023-01-25,Journal of the American Chemical Society,00027863,,Article,,Nanchang University,76,False,https://api.elsevier.com/content/abstract/scopus_id/85146337886,scopus,PENDING,NOT_STARTED,,17,64
Large Piezoelectric Response in a Metal-Free Three-Dimensional Perovskite Ferroelectric,10.1021/jacs.3c00646,2-s2.0-85148412875,85148412875,2023,2023-03-01,Journal of the American Chemical Society,00027863,,Article,,Nanchang University,68,False,https://api.elsevier.com/content/abstract/scopus_id/85148412875,scopus,PENDING,NOT_STARTED,,17,65
Giant Polarization Sensitivity via the Anomalous Photovoltaic Effect in a Two-Dimensional Perovskite Ferroelectric,10.1021/jacs.3c05020,2-s2.0-85165787604,85165787604,2023,2023-07-26,Journal of the American Chemical Society,00027863,,Article,,"State Key Laboratory of Structural Chemistry, Fuzhou",61,False,https://api.elsevier.com/content/abstract/scopus_id/85165787604,scopus,PENDING,NOT_STARTED,,17,66
"Two-dimensional rare-earth Janus 2H-GdXY (X,Y=Cl,Br, I; X≠Y) monolayers: Bipolar ferromagnetic semiconductors with high Curie temperature and large valley polarization",10.1103/physrevb.107.115428,2-s2.0-85152111389,85152111389,2023,2023-03-15,Physical Review B,24699950,,Article,,Tianjin University of Technology,50,False,https://api.elsevier.com/content/abstract/scopus_id/85152111389,scopus,PENDING,NOT_STARTED,,17,67
Two-dimensional multiferroic material of metallic p-doped SnSe,10.1038/s41467-022-33917-2,2-s2.0-85139948801,85139948801,2022,2022-12-01,Nature Communications,,,Article,,Wuhan University,89,True,https://api.elsevier.com/content/abstract/scopus_id/85139948801,scopus,PENDING,NOT_STARTED,,17,68
Discovery of a 2D Hybrid Silver/Antimony-Based Iodide Double Perovskite Photoferroelectric with Photostrictive Effect and Efficient X-Ray Response,10.1002/adfm.202205918,2-s2.0-85135540270,85135540270,2022,2022-10-01,Advanced Functional Materials,1616301X,,Article,,Zhejiang Normal University; Jiangxi University of Science and Technology,81,False,https://api.elsevier.com/content/abstract/scopus_id/85135540270,scopus,PENDING,NOT_STARTED,,17,69
"The mechanism for the enhanced piezoelectricity in multi-elements doped (K,Na)NbO3 ceramics",10.1038/s41467-021-21202-7,2-s2.0-85100709012,85100709012,2021,2021-12-01,Nature Communications,,,Article,,University of Wollongong; State Key Laboratory of Advanced Technology for Materials Synthesis and Processing; State Key Laboratory of Silicate Materials for Architectures,240,True,https://api.elsevier.com/content/abstract/scopus_id/85100709012,scopus,PENDING,NOT_STARTED,,17,70
Highly Tunable Multifunctional BaTiO3-Based Ferroelectrics via Site Selective Doping Strategy,10.1016/j.actamat.2021.116792,2-s2.0-85102976785,85102976785,2021,2021-05-01,Acta Materialia,13596454,,Article,,Sichuan University,79,False,https://api.elsevier.com/content/abstract/scopus_id/85102976785,scopus,PENDING,NOT_STARTED,,17,71
Magnetic ground state and electron-doping tuning of Curie temperature in Fe3GeTe2: First-principles studies,10.1103/physrevb.103.085102,2-s2.0-85101912883,85101912883,2021,2021-02-01,Physical Review B,24699950,,Article,,University of Science and Technology of China,71,False,https://api.elsevier.com/content/abstract/scopus_id/85101912883,scopus,PENDING,NOT_STARTED,,17,72
P(VDF-TrFE) nanofibers: Structure of the ferroelectric and paraelectric phases through IR and Raman spectroscopies,10.1039/d0ra05478j,2-s2.0-85094194888,85094194888,2020,2020-10-13,Rsc Advances,,,Article,,Politecnico di Milano,126,True,https://api.elsevier.com/content/abstract/scopus_id/85094194888,scopus,PENDING,NOT_STARTED,,17,73
Simultaneously achieving large transducer figure-of-merits and high curie temperature through acceptor doping in PMN-PAN-PZT ternary system for high power applications,10.1016/j.jeurceramsoc.2025.117747,2-s2.0-105014627350,105014627350,2026,2026-02-01,Journal of the European Ceramic Society,09552219,,Article,,Tech University of Korea,8,False,https://api.elsevier.com/content/abstract/scopus_id/105014627350,scopus,PENDING,NOT_STARTED,,16,74
Achieving higher Curie temperature and magnetic entropy change by minor Co substitution for Fe in a Fe88Pr10Al2 amorphous alloy,10.1016/j.intermet.2025.109125,2-s2.0-105023965319,105023965319,2026,2026-02-01,Intermetallics,09669795,,Article,,Shanghai University Institute of Materials Science,4,False,https://api.elsevier.com/content/abstract/scopus_id/105023965319,scopus,PENDING,NOT_STARTED,,16,75
Enhanced Piezoelectric and Ferroelectric Properties of Ion-Doped BaTiO3,10.1002/pssb.202500411,2-s2.0-105016255723,105016255723,2026,2026-03-01,Physica Status Solidi B Basic Research,03701972,,Article,,"University of Architecture, Civil Engineering and Geodesy",3,False,https://api.elsevier.com/content/abstract/scopus_id/105016255723,scopus,PENDING,NOT_STARTED,,16,76
"Multielement (Fe, La, Ca, Zr) doping achieves superior dielectric properties and broad-temperature stability in BaTiO3-based ceramics",10.1016/j.ceramint.2026.02.114,2-s2.0-105032139152,105032139152,2026,2026-04-01,Ceramics International,02728842,,Article,,Shanghai Maritime University,3,False,https://api.elsevier.com/content/abstract/scopus_id/105032139152,scopus,PENDING,NOT_STARTED,,16,77
Influence of heat sintering on the physical properties of bulk La0.67Ca0.33MnO3 perovskite manganite: role of oxygen in tuning the magnetocaloric response,10.1039/d3cp04185a,2-s2.0-85183490930,85183490930,2024,2024-01-23,Physical Chemistry Chemical Physics,14639076,,Article,,Manipal Institute of Applied Physics,40,True,https://api.elsevier.com/content/abstract/scopus_id/85183490930,scopus,PENDING,NOT_STARTED,,16,78
High-performance van der Waals antiferroelectric CuCrP2S6-based memristors,10.1038/s41467-023-43628-x,2-s2.0-85178442976,85178442976,2023,2023-12-01,Nature Communications,,,Article,,King Abdullah University of Science and Technology,94,True,https://api.elsevier.com/content/abstract/scopus_id/85178442976,scopus,PENDING,NOT_STARTED,,16,79
Photoexcited Ultraviolet-to-Infrared (II) Pyroelectricity in a 2D Ferroelectric Perovskite Driving Broadband Self-Powered Photoactivities,10.1002/adfm.202214858,2-s2.0-85148915341,85148915341,2023,2023-05-25,Advanced Functional Materials,1616301X,,Article,,"State Key Laboratory of Structural Chemistry, Fuzhou",57,False,https://api.elsevier.com/content/abstract/scopus_id/85148915341,scopus,PENDING,NOT_STARTED,,16,80
Room-Temperature Ferroelectricity in 1 T′ - ReS2 Multilayers,10.1103/physrevlett.128.067601,2-s2.0-85124955236,85124955236,2022,2022-02-11,Physical Review Letters,00319007,,Article,,Peking University; Nanjing University of Science and Technology,187,False,https://api.elsevier.com/content/abstract/scopus_id/85124955236,scopus,PENDING,NOT_STARTED,,16,81
High-Performance Strain of Lead-Free Relaxor-Ferroelectric Piezoceramics by the Morphotropic Phase Boundary Modification,10.1002/adfm.202202307,2-s2.0-85131174369,85131174369,2022,2022-08-01,Advanced Functional Materials,1616301X,,Article,,"Frontier Institute of Science and Technology, Xi'an Jiaotong University",95,False,https://api.elsevier.com/content/abstract/scopus_id/85131174369,scopus,PENDING,NOT_STARTED,,16,82
Unprecedented Ferroelectricity and Ferromagnetism in a Cr2+-Based Two-Dimensional Hybrid Perovskite,10.1002/anie.202206034,2-s2.0-85131798608,85131798608,2022,2022-08-15,Angewandte Chemie International Edition,14337851,,Article,,Nanchang University,78,False,https://api.elsevier.com/content/abstract/scopus_id/85131798608,scopus,PENDING,NOT_STARTED,,16,83
Origin of Ferroelectricity in Two Prototypical Hybrid Organic-Inorganic Perovskites,10.1021/jacs.1c10188,2-s2.0-85123513000,85123513000,2022,2022-01-19,Journal of the American Chemical Society,00027863,,Article,,Nankai University,77,False,https://api.elsevier.com/content/abstract/scopus_id/85123513000,scopus,PENDING,NOT_STARTED,,16,84
Thermodynamics and dielectric response of BaTiO3 by data-driven modeling,10.1038/s41524-022-00845-0,2-s2.0-85139127219,85139127219,2022,2022-12-01,Npj Computational Materials,,,Article,,École Polytechnique Fédérale de Lausanne,76,True,https://api.elsevier.com/content/abstract/scopus_id/85139127219,scopus,PENDING,NOT_STARTED,,16,85
Excellent cryogenic magnetocaloric performances in ferromagnetic Sr2GdNbO6 double perovskite compound,10.1016/j.mtphys.2021.100470,2-s2.0-85109431705,85109431705,2021,2021-09-01,Materials Today Physics,,,Article,,"Key Laboratory of Electromagnetic Processing of Materials, Liaoning Province, Northeastern University",136,False,https://api.elsevier.com/content/abstract/scopus_id/85109431705,scopus,PENDING,NOT_STARTED,,16,86
Room-Temperature Symmetric Giant Positive and Negative Electrocaloric Effect in PbMg0.5W0.5O3 Antiferroelectric Ceramic,10.1002/adfm.202101176,2-s2.0-85107742272,85107742272,2021,2021-08-01,Advanced Functional Materials,1616301X,,Article,,University of Science and Technology Beijing,84,False,https://api.elsevier.com/content/abstract/scopus_id/85107742272,scopus,PENDING,NOT_STARTED,,16,87
Bromine-Substitution-Induced High- TcTwo-Dimensional Bilayered Perovskite Photoferroelectric,10.1021/jacs.1c00459,2-s2.0-85107082755,85107082755,2021,2021-05-26,Journal of the American Chemical Society,00027863,,Article,,"State Key Laboratory of Structural Chemistry, Fuzhou; Fujian Science & Technology Innovation Laboratory for Optoelectronic Information of China",78,False,https://api.elsevier.com/content/abstract/scopus_id/85107082755,scopus,PENDING,NOT_STARTED,,16,88
The First Improper Ferroelectric of 2D Multilayered Hybrid Perovskite Enabling Strong Tunable Polarization-Directed Second Harmonic Generation Effect,10.1002/adfm.202103012,2-s2.0-85108803204,85108803204,2021,2021-09-01,Advanced Functional Materials,1616301X,,Article,,"State Key Laboratory of Structural Chemistry, Fuzhou; Fujian Science & Technology Innovation Laboratory for Optoelectronic Information of China",65,False,https://api.elsevier.com/content/abstract/scopus_id/85108803204,scopus,PENDING,NOT_STARTED,,16,89
Grain-Oriented Ferroelectric Ceramics with Single-Crystal-like Piezoelectric Properties and Low Texture Temperature,10.1021/acsami.0c11680,2-s2.0-85089967236,85089967236,2020,2020-08-26,ACS Applied Materials and Interfaces,19448244,,Article,,"School of Instrumentation Science and Engineering, Harbin Institute of Technology",89,False,https://api.elsevier.com/content/abstract/scopus_id/85089967236,scopus,PENDING,NOT_STARTED,,16,90
Robust multiferroic in interfacial modulation synthesized wafer-scale one-unit-cell of chromium sulfide,10.1038/s41467-024-44929-5,2-s2.0-85182981607,85182981607,2024,2024-12-01,Nature Communications,,,Article,,Wuhan University,39,True,https://api.elsevier.com/content/abstract/scopus_id/85182981607,scopus,PENDING,NOT_STARTED,,15,91
Molecular Engineering Regulation Achieving Out-of-Plane Polarization in Rare-Earth Hybrid Double Perovskites for Ferroelectrics and Circularly Polarized Luminescence,10.1002/anie.202409796,2-s2.0-85201522551,85201522551,2024,2024-09-23,Angewandte Chemie International Edition,14337851,,Article,,Gannan University of Science and Technology,37,False,https://api.elsevier.com/content/abstract/scopus_id/85201522551,scopus,PENDING,NOT_STARTED,,15,92
Metal-Free Perovskite Ferroelectrics with the Most Equivalent Polarization Axes,10.1021/jacs.4c07268,2-s2.0-85201370752,85201370752,2024,2024-10-09,Journal of the American Chemical Society,00027863,,Article,,Zhejiang Normal University,33,False,https://api.elsevier.com/content/abstract/scopus_id/85201370752,scopus,PENDING,NOT_STARTED,,15,93
Lead zirconate titanate ceramics with aligned crystallite grains,10.1126/science.adf6161,2-s2.0-85151837334,85151837334,2023,2023-04-07,Science,00368075,,Article,,Xi'an Jiaotong University,262,False,https://api.elsevier.com/content/abstract/scopus_id/85151837334,scopus,PENDING,NOT_STARTED,,15,94
Superior energy storage properties with thermal stability in lead-free ceramics by constructing an antiferroelectric/relaxor-antiferroelectric crossover,10.1016/j.actamat.2023.118826,2-s2.0-85150071974,85150071974,2023,2023-05-01,Acta Materialia,13596454,,Article,,"Frontier Institute of Science and Technology, Xi'an Jiaotong University",51,False,https://api.elsevier.com/content/abstract/scopus_id/85150071974,scopus,PENDING,NOT_STARTED,,15,95
Energy storage density and charge–discharge properties of PbHf1−xSnxO3 antiferroelectric ceramics,10.1016/j.cej.2021.132540,2-s2.0-85115647722,85115647722,2022,2022-02-01,Chemical Engineering Journal,13858947,,Article,,Guangdong University of Technology,67,False,https://api.elsevier.com/content/abstract/scopus_id/85115647722,scopus,PENDING,NOT_STARTED,,15,96
Tuning the Circular Dichroism and Circular Polarized Luminescence Intensities of Chiral 2D Hybrid Organic–Inorganic Perovskites through Halogenation of the Organic Ions,10.1002/anie.202107239,2-s2.0-85112694471,85112694471,2021,2021-09-20,Angewandte Chemie International Edition,14337851,,Article,,National Taiwan University,164,False,https://api.elsevier.com/content/abstract/scopus_id/85112694471,scopus,PENDING,NOT_STARTED,,15,97
The ferroelectric photo ground state of SrTiO3: Cavity materials engineering,10.1073/pnas.2105618118,2-s2.0-85111575015,85111575015,2021,2021-08-03,Proceedings of the National Academy of Sciences of the United States of America,00278424,,Article,,Max Planck Institute for the Structure and Dynamics of Matter,94,True,https://api.elsevier.com/content/abstract/scopus_id/85111575015,scopus,PENDING,NOT_STARTED,,15,98
Direct measurement of ferroelectric polarization in a tunable semimetal,10.1038/s41467-021-25587-3,2-s2.0-85114556752,85114556752,2021,2021-12-01,Nature Communications,,,Article,,Carnegie Mellon University,81,True,https://api.elsevier.com/content/abstract/scopus_id/85114556752,scopus,PENDING,NOT_STARTED,,15,99
Unconventional Transverse Transport above and below the Magnetic Transition Temperature in Weyl Semimetal EuCd2As2,10.1103/physrevlett.126.076602,2-s2.0-85102413720,85102413720,2021,2021-02-18,Physical Review Letters,00319007,,Article,,Universität Zürich,76,True,https://api.elsevier.com/content/abstract/scopus_id/85102413720,scopus,PENDING,NOT_STARTED,,15,100
Machine-learning-guided discovery of the gigantic magnetocaloric effect in HoB2 near the hydrogen liquefaction temperature,10.1038/s41427-020-0214-y,2-s2.0-85084470578,85084470578,2020,2020-12-01,Npg Asia Materials,18844049,,Article,,University of Tsukuba; National Institute for Materials Science,147,True,https://api.elsevier.com/content/abstract/scopus_id/85084470578,scopus,PENDING,NOT_STARTED,,15,101
Ferroelectric-field accelerated charge transfer in 2D CuInP2S6 heterostructure for enhanced photocatalytic H2 evolution,10.1016/j.nanoen.2020.104972,2-s2.0-85087109328,85087109328,2020,2020-10-01,Nano Energy,22112855,,Article,,University of Electronic Science and Technology of China,146,False,https://api.elsevier.com/content/abstract/scopus_id/85087109328,scopus,PENDING,NOT_STARTED,,15,102
Magnetic transition and magnetocaloric properties in Tm2FeAl3 compound,10.1016/j.jmmm.2026.174110,2-s2.0-105035258203,105035258203,2026,2026-06-15,Journal of Magnetism and Magnetic Materials,03048853,,Article,,Hangzhou Dianzi University,19,False,https://api.elsevier.com/content/abstract/scopus_id/105035258203,scopus,PENDING,NOT_STARTED,,14,103
"Glassy formation ability, magnetic transition and low-temperature magnetocaloric performances of amorphous Ho30Gd30Ni20Cu20 ribbon",10.1016/j.ssc.2026.116323,2-s2.0-105027727366,105027727366,2026,2026-02-01,Solid State Communications,00381098,,Article,,Hangzhou Dianzi University,10,False,https://api.elsevier.com/content/abstract/scopus_id/105027727366,scopus,PENDING,NOT_STARTED,,14,104
Designing gadolinium-transition metals-based perovskite type high entropy oxides with good cryogenic magnetocaloric performances,10.1016/j.jmst.2024.05.004,2-s2.0-85194138100,85194138100,2025,2025-02-01,Journal of Materials Science and Technology,10050302,,Article,,Hangzhou Dianzi University,78,False,https://api.elsevier.com/content/abstract/scopus_id/85194138100,scopus,PENDING,NOT_STARTED,,14,105
Interface-induced dual-pinning mechanism enhances low-frequency electromagnetic wave loss,10.1038/s41467-024-47537-5,2-s2.0-85190543374,85190543374,2024,2024-12-01,Nature Communications,,,Article,,Beihang University,319,True,https://api.elsevier.com/content/abstract/scopus_id/85190543374,scopus,PENDING,NOT_STARTED,,14,106
"Experimental and theoretical insights into the structural, magnetic, and low-temperature magnetocaloric properties of RE2CoTiO6 (RE = Gd, Dy, and Er) double perovskite oxides",10.1039/d4ta05172f,2-s2.0-85208580605,85208580605,2024,2024-10-29,Journal of Materials Chemistry A,20507488,,Article,,Hangzhou Dianzi University,74,False,https://api.elsevier.com/content/abstract/scopus_id/85208580605,scopus,PENDING,NOT_STARTED,,14,107
"Control of spin on ferromagnetism and thermoelectric properties of K2GeMnX6 (X = Cl, Br, I) halide perovskites: emerging candidates for semiconductor spintronics and thermoelectric applications",10.1039/d3ma01160g,2-s2.0-85192985966,85192985966,2024,2024-05-08,Materials Advances,,,Article,,Jamia Millia Islamia,61,True,https://api.elsevier.com/content/abstract/scopus_id/85192985966,scopus,PENDING,NOT_STARTED,,14,108
Dual-role ion dynamics in ferroionic CuInP2S6: revealing the transition from ferroelectric to ionic switching mechanisms,10.1038/s41467-024-55160-7,2-s2.0-85213699986,85213699986,2024,2024-12-01,Nature Communications,,,Article,,Ningbo University of Technology,48,True,https://api.elsevier.com/content/abstract/scopus_id/85213699986,scopus,PENDING,NOT_STARTED,,14,109
Chemical Vapor Deposition Synthesis of Intrinsic High-Temperature Ferroelectric 2D CuCrSe2,10.1002/adma.202400655,2-s2.0-85185948080,85185948080,2024,2024-06-06,Advanced Materials,09359648,,Article,,Beijing Institute of Technology,42,True,https://api.elsevier.com/content/abstract/scopus_id/85185948080,scopus,PENDING,NOT_STARTED,,14,110
Engineering Thermoelectric Performance of α-GeTe by Ferroelectric Distortion,10.1002/eem2.12535,2-s2.0-85146339988,85146339988,2024,2024-03-01,Energy and Environmental Materials,25750348,,Article,,State Key Laboratory of Advanced Technology for Materials Synthesis and Processing,40,True,https://api.elsevier.com/content/abstract/scopus_id/85146339988,scopus,PENDING,NOT_STARTED,,14,111
High-Temperature Dielectric Relaxation and Electric Conduction Mechanisms in a LaCoO3-Modified Na0.5Bi0.5TiO3 System,10.1021/acsomega.3c04490,2-s2.0-85165910667,85165910667,2023,2023-07-18,ACS Omega,,,Article,,Guru Nanak Dev University,129,True,https://api.elsevier.com/content/abstract/scopus_id/85165910667,scopus,PENDING,NOT_STARTED,,14,112
Size-Induced Ferroelectricity in Antiferroelectric Oxide Membranes,10.1002/adma.202210562,2-s2.0-85150786855,85150786855,2023,2023-04-26,Advanced Materials,09359648,,Article,,Stanford University; NC State College of Engineering; SLAC National Accelerator Laboratory,50,True,https://api.elsevier.com/content/abstract/scopus_id/85150786855,scopus,PENDING,NOT_STARTED,,14,113
Polar Solomon rings in ferroelectric nanocrystals,10.1038/s41467-023-39668-y,2-s2.0-85163991191,85163991191,2023,2023-12-01,Nature Communications,,,Article,,"Tsinghua University; Advanced Research Institute of Multidisciplinary Science, Beijing Institute of Technology",49,True,https://api.elsevier.com/content/abstract/scopus_id/85163991191,scopus,PENDING,NOT_STARTED,,14,114
An Epitaxial Ferroelectric ScAlN/GaN Heterostructure Memory,10.1002/aelm.202200005,2-s2.0-85126184197,85126184197,2022,2022-09-01,Advanced Electronic Materials,,,Article,,"University of Michigan, Ann Arbor",70,True,https://api.elsevier.com/content/abstract/scopus_id/85126184197,scopus,PENDING,NOT_STARTED,,14,115
Energy storage performance of K0.5Na0.5NbO3-based ceramics modified by Bi(Zn2/3(Nb0.85Ta0.15)1/3)O3,10.1016/j.cej.2021.131465,2-s2.0-85112232267,85112232267,2021,2021-12-01,Chemical Engineering Journal,13858947,,Article,,Shaanxi University of Science and Technology,169,False,https://api.elsevier.com/content/abstract/scopus_id/85112232267,scopus,PENDING,NOT_STARTED,,14,116
Significantly enhanced piezoelectric performance in Bi4Ti3O12-based high-temperature piezoceramics via oxygen vacancy defects tailoring,10.1016/j.jmat.2020.08.003,2-s2.0-85091896128,85091896128,2021,2021-01-01,Journal of Materiomics,23528478,,Article,,"University of Chinese Academy of Sciences; Shanghai Institute of Ceramics, Chinese Academy of Sciences",105,True,https://api.elsevier.com/content/abstract/scopus_id/85091896128,scopus,PENDING,NOT_STARTED,,14,117
Giant energy storage efficiency and high recoverable energy storage density achieved in K0.5Na0.5NbO3-Bi(Zn0.5Zr0.5)O3ceramics,10.1039/d0tc01711f,2-s2.0-85088037062,85088037062,2020,2020-07-14,Journal of Materials Chemistry C,20507534,,Article,,Shaanxi University of Science and Technology,188,False,https://api.elsevier.com/content/abstract/scopus_id/85088037062,scopus,PENDING,NOT_STARTED,,14,118
Evidence of a magnetic transition in atomically thin Cr2TiC2T: X MXene,10.1039/d0nh00343c,2-s2.0-85096531282,85096531282,2020,2020-12-01,Nanoscale Horizons,20556756,,Article,,Drexel University; Drexel University College of Engineering,107,False,https://api.elsevier.com/content/abstract/scopus_id/85096531282,scopus,PENDING,NOT_STARTED,,14,119
Engineered local polarization disorder unlocks record efficiency in antiferroelectric capacitors,10.1038/s41467-026-72274-2,2-s2.0-105042524802,105042524802,2026,2026-12-01,Nature Communications,,,Article,,"Faculty of Electronic and Information Engineering, Xi'an Jiaotong University",7,True,https://api.elsevier.com/content/abstract/scopus_id/105042524802,scopus,PENDING,NOT_STARTED,,13,120
Intrinsic Ferroelectricity in ɛ-Ga2O3: Experimental and Theoretical Insights,10.1002/adfm.202524055,2-s2.0-105022214485,105022214485,2026,2026-03-30,Advanced Functional Materials,1616301X,,Article,,Southern University of Science and Technology; State Key Laboratory of Advanced Technology for Materials Synthesis and Processing,6,True,https://api.elsevier.com/content/abstract/scopus_id/105022214485,scopus,PENDING,NOT_STARTED,,13,121
Molecular Symmetry and Geometry Engineering for High-Temperature Ferroelectricity and Low Coercive Field in Hybrid Metal Halides,10.1002/anie.202523302,2-s2.0-105022732264,105022732264,2026,2026-01-16,Angewandte Chemie International Edition,14337851,,Article,,Southeast University,4,True,https://api.elsevier.com/content/abstract/scopus_id/105022732264,scopus,PENDING,NOT_STARTED,,13,122
"Ultrahigh piezoelectric performances of (K,Na)NbO3 based ceramics enabled by structural flexibility and grain orientation",10.1038/s41467-025-56074-8,2-s2.0-85216561413,85216561413,2025,2025-12-01,Nature Communications,,,Article,,University of Science and Technology Beijing,67,True,https://api.elsevier.com/content/abstract/scopus_id/85216561413,scopus,PENDING,NOT_STARTED,,13,123
Multiple Polarization States in Hf1−xZrxO2 Thin Films by Ferroelectric and Antiferroelectric Coupling,10.1002/adma.202411463,2-s2.0-85212788756,85212788756,2025,2025-02-12,Advanced Materials,09359648,,Article,,Xiangtan University,25,True,https://api.elsevier.com/content/abstract/scopus_id/85212788756,scopus,PENDING,NOT_STARTED,,13,124
2D ferroelectric narrow-bandgap semiconductor Wurtzite’ type α-In2Se3 and its silicon-compatible growth,10.1038/s41467-025-62822-7,2-s2.0-105012976920,105012976920,2025,2025-12-01,Nature Communications,,,Article,,University of Science and Technology of China; Institute of Metal Research Chinese Academy of Sciences,22,True,https://api.elsevier.com/content/abstract/scopus_id/105012976920,scopus,PENDING,NOT_STARTED,,13,125
Interface phenomena and emerging functionalities in ferroelectric oxide based heterostructures,10.1039/d4cc05836d,2-s2.0-86000547919,86000547919,2025,2025-02-03,Chemical Communications,13597345,,Article,,University of Nebraska–Lincoln,21,True,https://api.elsevier.com/content/abstract/scopus_id/86000547919,scopus,PENDING,NOT_STARTED,,13,126
Bevel-edge epitaxy of ferroelectric rhombohedral boron nitride single crystal,10.1038/s41586-024-07286-3,2-s2.0-85191815214,85191815214,2024,2024-05-02,Nature,00280836,,Article,,Institute of Physics Chinese Academy of Sciences,97,False,https://api.elsevier.com/content/abstract/scopus_id/85191815214,scopus,PENDING,NOT_STARTED,,13,127
Multiscale reconfiguration induced highly saturated poling in lead-free piezoceramics for giant energy conversion,10.1038/s41467-024-46894-5,2-s2.0-85188447380,85188447380,2024,2024-12-01,Nature Communications,,,Article,,Tongji University,60,True,https://api.elsevier.com/content/abstract/scopus_id/85188447380,scopus,PENDING,NOT_STARTED,,13,128
Compromise Optimized Superior Energy Storage Performance in Lead-Free Antiferroelectrics by Antiferroelectricity Modulation and Nanodomain Engineering,10.1002/smll.202306486,2-s2.0-85173518769,85173518769,2024,2024-02-15,Small,16136810,,Article,,University of Science and Technology Beijing,35,True,https://api.elsevier.com/content/abstract/scopus_id/85173518769,scopus,PENDING,NOT_STARTED,,13,129
"Multiprincipal Element M2FeC (M = Ti,V,Nb,Ta,Zr) MAX Phases with Synergistic Effect of Dielectric and Magnetic Loss",10.1002/advs.202206877,2-s2.0-85147180223,85147180223,2023,2023-04-05,Advanced Science,,,Article,,"University of Chinese Academy of Sciences; Ningbo Institute of Industrial Technology, Chinese Academy of Sciences; Qianwan Institute of CNITECH",115,True,https://api.elsevier.com/content/abstract/scopus_id/85147180223,scopus,PENDING,NOT_STARTED,,13,130
"Greatly improved piezoelectricity and thermal stability of (Na, Sm) Co-doped CaBi2Nb2O9 ceramics",10.1016/j.apmate.2023.100116,2-s2.0-85149742492,85149742492,2023,2023-07-01,Advanced Powder Materials,,,Article,,Central South University,74,True,https://api.elsevier.com/content/abstract/scopus_id/85149742492,scopus,PENDING,NOT_STARTED,,13,131
Above-room-temperature strong intrinsic ferromagnetism in 2D van der Waals Fe3GaTe2 with large perpendicular magnetic anisotropy,10.1038/s41467-022-32605-5,2-s2.0-85137108836,85137108836,2022,2022-12-01,Nature Communications,,,Article,,Huazhong University of Science and Technology,461,True,https://api.elsevier.com/content/abstract/scopus_id/85137108836,scopus,PENDING,NOT_STARTED,,13,132
Synthesis of Group VIII Magnetic Transition-Metal-Doped Monolayer MoSe2,10.1021/acsnano.2c02214,2-s2.0-85134583197,85134583197,2022,2022-07-26,ACS Nano,19360851,,Article,,Hunan University,88,False,https://api.elsevier.com/content/abstract/scopus_id/85134583197,scopus,PENDING,NOT_STARTED,,13,133
The construction of a two-dimensional organic-inorganic hybrid double perovskite ferroelastic with a high Tc and narrow band gap,10.1039/d1sc07045b,2-s2.0-85128474207,85128474207,2022,2022-03-30,Chemical Science,20416520,,Article,,Southeast University; Zhejiang Normal University,76,True,https://api.elsevier.com/content/abstract/scopus_id/85128474207,scopus,PENDING,NOT_STARTED,,13,134
"Scrutinized the inherent spin half-metallicity and thermoelectric response of f-electron-based RbMO3 (M = Np, Pu) perovskites: a computational assessment",10.1038/s41598-022-22633-y,2-s2.0-85141864462,85141864462,2022,2022-12-01,Scientific Reports,,,Article,,Jamia Millia Islamia,68,True,https://api.elsevier.com/content/abstract/scopus_id/85141864462,scopus,PENDING,NOT_STARTED,,13,135
"Intercalated architecture of MA2Z4 family layered van der Waals materials with emerging topological, magnetic and superconducting properties",10.1038/s41467-021-22324-8,2-s2.0-85104819698,85104819698,2021,2021-12-01,Nature Communications,,,Article,,University of Science and Technology of China; Institute of Metal Research Chinese Academy of Sciences,454,True,https://api.elsevier.com/content/abstract/scopus_id/85104819698,scopus,PENDING,NOT_STARTED,,13,136
Room-temperature intrinsic ferromagnetism in epitaxial CrTe2 ultrathin films,10.1038/s41467-021-22777-x,2-s2.0-85105215476,85105215476,2021,2021-12-01,Nature Communications,,,Article,,Nanjing University; College of Arts and Science,406,True,https://api.elsevier.com/content/abstract/scopus_id/85105215476,scopus,PENDING,NOT_STARTED,,13,137
500-Fold Amplification of Small Molecule Circularly Polarised Luminescence through Circularly Polarised FRET,10.1002/anie.202011745,2-s2.0-85096916055,85096916055,2021,2021-01-04,Angewandte Chemie International Edition,14337851,,Article,,Imperial College London,175,True,https://api.elsevier.com/content/abstract/scopus_id/85096916055,scopus,PENDING,NOT_STARTED,,13,138
Piezoelectric ceramics with high piezoelectricity and broad temperature usage range,10.1016/j.jmat.2020.11.012,2-s2.0-85102943686,85102943686,2021,2021-07-01,Journal of Materiomics,23528478,,Article,,State Key Laboratory of Silicate Materials for Architectures,80,True,https://api.elsevier.com/content/abstract/scopus_id/85102943686,scopus,PENDING,NOT_STARTED,,13,139
Reprogrammable shape morphing of magnetic soft machines,10.1126/sciadv.abc6414,2-s2.0-85091324949,85091324949,2020,2020-09-01,Science Advances,,,Article,,Max Planck Institute for Intelligent Systems,347,True,https://api.elsevier.com/content/abstract/scopus_id/85091324949,scopus,PENDING,NOT_STARTED,,13,140
Magnetic and spectroscopic properties of Ni-Zn-Al ferrite spinel: From the nanoscale to microscale,10.1039/d0ra05522k,2-s2.0-85091991644,85091991644,2020,2020-09-18,Rsc Advances,,,Article,,University of Sfax,306,True,https://api.elsevier.com/content/abstract/scopus_id/85091991644,scopus,PENDING,NOT_STARTED,,13,141
Phase-controllable growth of ultrathin 2D magnetic FeTe crystals,10.1038/s41467-020-17253-x,2-s2.0-85088381537,85088381537,2020,2020-12-01,Nature Communications,,,Article,,School of Materials Science and Engineering; CNRS-International-NTU-Thales Research Alliance (CINTRA),213,True,https://api.elsevier.com/content/abstract/scopus_id/85088381537,scopus,PENDING,NOT_STARTED,,13,142
Enabling room temperature ferromagnetism in monolayer MoS2 via in situ iron-doping,10.1038/s41467-020-15877-7,2-s2.0-85083991659,85083991659,2020,2020-12-01,Nature Communications,,,Article,,"Charles V. Schaefer, Jr. School of Engineering and Science",193,True,https://api.elsevier.com/content/abstract/scopus_id/85083991659,scopus,PENDING,NOT_STARTED,,13,143
Many-Body Electronic Structure of NdNiO2 and CaCuO2,10.1103/physrevx.10.021061,2-s2.0-85084707251,85084707251,2020,2020-06-01,Physical Review X,,,Article,,The Fu Foundation School of Engineering and Applied Science,170,True,https://api.elsevier.com/content/abstract/scopus_id/85084707251,scopus,PENDING,NOT_STARTED,,13,144
Machine learning the magnetocaloric effect in manganites from compositions and structural parameters,10.1063/1.5144241,2-s2.0-85082491401,85082491401,2020,2020-03-01,Aip Advances,,,Article,,NC State University,106,True,https://api.elsevier.com/content/abstract/scopus_id/85082491401,scopus,PENDING,NOT_STARTED,,13,145
Electronic and spintronic properties of the multiferroic GdBr2/In2Se3 van der Waals heterostructure,10.1016/j.jpcs.2025.113294,2-s2.0-105018950929,105018950929,2026,2026-02-01,Journal of Physics and Chemistry of Solids,00223697,,Article,,Northwestern Polytechnical University,4,False,https://api.elsevier.com/content/abstract/scopus_id/105018950929,scopus,PENDING,NOT_STARTED,,12,146
High-pressure synthesis and high-performance half metallicity of quadruple perovskite oxide DyCu3Fe2Re2O12,10.1016/j.fmre.2024.11.024,2-s2.0-85219070551,85219070551,2026,2026-05-01,Fundamental Research,20969457,,Article,,University of Chinese Academy of Sciences; Institute of Physics Chinese Academy of Sciences,4,True,https://api.elsevier.com/content/abstract/scopus_id/85219070551,scopus,PENDING,NOT_STARTED,,12,147
"Computational screening of 2D pentagonal materials with room-temperature altermagnetism, multiferroicity, and topological states",10.1007/s40843-025-3600-1,2-s2.0-105019753237,105019753237,2026,2026-01-01,Science China Materials,20958226,,Article,,University of Science and Technology of China,3,False,https://api.elsevier.com/content/abstract/scopus_id/105019753237,scopus,PENDING,NOT_STARTED,,12,148
"Pioneering computational insights into the structural, magnetic, and thermoelectric properties of A3XN (A=Co, Fe; X=Cu, Zn) anti-perovskites for advanced material applications",10.1016/j.mssp.2024.108925,2-s2.0-85205290657,85205290657,2025,2025-01-01,Materials Science in Semiconductor Processing,13698001,,Article,,Jamia Millia Islamia,29,True,https://api.elsevier.com/content/abstract/scopus_id/85205290657,scopus,PENDING,NOT_STARTED,,12,149
Efficient Mn2+Doping in Non-Stoichiometric Cesium Lead Bromide Perovskite Quantum Dots,10.1021/jacs.5c12086,2-s2.0-105016849248,105016849248,2025,2025-09-24,Journal of the American Chemical Society,00027863,,Article,,The University of Oklahoma,21,True,https://api.elsevier.com/content/abstract/scopus_id/105016849248,scopus,PENDING,NOT_STARTED,,12,150
Manipulating perovskite structural asymmetry for high-performing self-powered full-stokes polarimetry,10.1126/sciadv.ads6123,2-s2.0-85219568527,85219568527,2025,2025-02-28,Science Advances,,,Article,,Nankai University; Ningde Normal University,21,True,https://api.elsevier.com/content/abstract/scopus_id/85219568527,scopus,PENDING,NOT_STARTED,,12,151
"Magnetic properties, critical behavior, and magnetocaloric effect of Nd1−xSrxMnO3 (0.2 ≤ x ≤ 0.5): The role of Sr doping concentration",10.1063/5.0229032,2-s2.0-85203104256,85203104256,2024,2024-09-07,Journal of Applied Physics,00218979,,Article,,Hangzhou Dianzi University,62,True,https://api.elsevier.com/content/abstract/scopus_id/85203104256,scopus,PENDING,NOT_STARTED,,12,152
Origin of Polarization in Bismuth Sodium Titanate-Based Ceramics,10.1021/jacs.3c13927,2-s2.0-85185610503,85185610503,2024,2024-02-28,Journal of the American Chemical Society,00027863,,Article,,Queen Mary University of London,48,True,https://api.elsevier.com/content/abstract/scopus_id/85185610503,scopus,PENDING,NOT_STARTED,,12,153
Magnetic and magnetocaloric effect of Ba2FeReO6 double perovskite: Ab-initio and Monte Carlo studies,10.1016/j.vacuum.2024.113090,2-s2.0-85186267689,85186267689,2024,2024-04-01,Vacuum,0042207X,,Article,,Faculté des Sciences de Meknès,37,False,https://api.elsevier.com/content/abstract/scopus_id/85186267689,scopus,PENDING,NOT_STARTED,,12,154
"Physical properties of vacancy-ordered double perovskites K2TcZ6 (Z = Cl, Br) for spintronics applications: DFT calculations",10.1039/d3ra07603b,2-s2.0-85181813495,85181813495,2024,2024-01-08,Rsc Advances,,,Article,,Princess Nourah Bint Abdulrahman University,36,True,https://api.elsevier.com/content/abstract/scopus_id/85181813495,scopus,PENDING,NOT_STARTED,,12,155
General low-temperature growth of two-dimensional nanosheets from layered and nonlayered materials,10.1038/s41467-023-35983-6,2-s2.0-85146571058,85146571058,2023,2023-12-01,Nature Communications,,,Article,,Hunan University,127,True,https://api.elsevier.com/content/abstract/scopus_id/85146571058,scopus,PENDING,NOT_STARTED,,12,156
The emergence of considerable room temperature magnetocaloric performances in the transition metal high-entropy alloys,10.1016/j.mtphys.2023.101031,2-s2.0-85147797380,85147797380,2023,2023-03-01,Materials Today Physics,,,Article,,Hangzhou Dianzi University; State Key Laboratory of Advanced Special Steel,120,False,https://api.elsevier.com/content/abstract/scopus_id/85147797380,scopus,PENDING,NOT_STARTED,,12,157
Ultrahigh Oxygen Ion Mobility in Ferroelectric Hafnia,10.1103/physrevlett.131.256801,2-s2.0-85180941301,85180941301,2023,2023-12-22,Physical Review Letters,00319007,,Article,,Westlake University,64,False,https://api.elsevier.com/content/abstract/scopus_id/85180941301,scopus,PENDING,NOT_STARTED,,12,158
Thermal Stability of the Ferroelectric Properties in 100 nm-Thick Al0.72Sc0.28N,10.1021/acsami.2c18313,2-s2.0-85147300038,85147300038,2023,2023-02-08,ACS Applied Materials and Interfaces,19448244,,Article,,NaMLab gGmbH,62,False,https://api.elsevier.com/content/abstract/scopus_id/85147300038,scopus,PENDING,NOT_STARTED,,12,159
Enhanced piezoelectricity in Na and Ce co-doped CaBi4Ti4O15 ceramics for high-temperature applications,10.26599/jac.2023.9220754,2-s2.0-85164990591,85164990591,2023,2023-07-01,Journal of Advanced Ceramics,22264108,,Article,,Queen Mary University of London,54,True,https://api.elsevier.com/content/abstract/scopus_id/85164990591,scopus,PENDING,NOT_STARTED,,12,160
"Effects of A, B-site multiple ion co-doping on the structure, magnetic, magnetocaloric effect, and critical behavior of La0.7-xNd0.1Sr0.2KxMn0.95Ni0.05O3 ceramics",10.1016/j.ceramint.2023.07.235,2-s2.0-85166622614,85166622614,2023,2023-10-15,Ceramics International,02728842,,Article,,Guilin University of Technology,47,False,https://api.elsevier.com/content/abstract/scopus_id/85166622614,scopus,PENDING,NOT_STARTED,,12,161
Electric-Field-Induced Room-Temperature Antiferroelectric-Ferroelectric Phase Transition in van der Waals Layered GeSe,10.1021/acsnano.1c09183,2-s2.0-85122695447,85122695447,2022,2022-01-25,ACS Nano,19360851,,Article,,East China Normal University,85,False,https://api.elsevier.com/content/abstract/scopus_id/85122695447,scopus,PENDING,NOT_STARTED,,12,162
XGBoost model for electrocaloric temperature change prediction in ceramics,10.1038/s41524-022-00826-3,2-s2.0-85133215310,85133215310,2022,2022-12-01,Npj Computational Materials,,,Article,,College of Engineering,70,True,https://api.elsevier.com/content/abstract/scopus_id/85133215310,scopus,PENDING,NOT_STARTED,,12,163
A Novel Soft-Magnetic B2-Based Multiprincipal-Element Alloy with a Uniform Distribution of Coherent Body-Centered-Cubic Nanoprecipitates,10.1002/adma.202006723,2-s2.0-85101925909,85101925909,2021,2021-04-01,Advanced Materials,09359648,,Article,,Dalian University of Technology,146,True,https://api.elsevier.com/content/abstract/scopus_id/85101925909,scopus,PENDING,NOT_STARTED,,12,164
"Features of structure, magnetic state and electrodynamic performance of SrFe12−xInxO19",10.1038/s41598-021-97684-8,2-s2.0-85115208104,85115208104,2021,2021-12-01,Scientific Reports,,,Article,,"National Academy of Sciences of Ukraine; Joint Institute for Nuclear Research, Dubna; South Ural State University",144,True,https://api.elsevier.com/content/abstract/scopus_id/85115208104,scopus,PENDING,NOT_STARTED,,12,165
Itinerant ferromagnetism in van der Waals Fe5-xGeTe2 crystals above room temperature,10.1103/physrevb.102.064417,2-s2.0-85090119606,85090119606,2020,2020-08-01,Physical Review B,24699950,,Article,,Department of Materials Science and Engineering,142,True,https://api.elsevier.com/content/abstract/scopus_id/85090119606,scopus,PENDING,NOT_STARTED,,12,166
"Li/Mn co-doped K0.5Bi4.5Ti4O15 high-temperature piezoelectric ceramics: Structures, properties, and ultrasonic transducer applications",10.26599/jac.2026.9221277,2-s2.0-105040904479,105040904479,2026,2026-04-01,Journal of Advanced Ceramics,22264108,,Article,,Chengdu University,9,True,https://api.elsevier.com/content/abstract/scopus_id/105040904479,scopus,PENDING,NOT_STARTED,,11,167
Superior lead-free piezoceramics for wearable multimodal ultrasound imaging arrays,10.1038/s41467-025-66913-3,2-s2.0-105027174499,105027174499,2026,2026-12-01,Nature Communications,,,Article,,School of Physics,8,True,https://api.elsevier.com/content/abstract/scopus_id/105027174499,scopus,PENDING,NOT_STARTED,,11,168
Ultrahigh energy storage density and efficiency in AgNbO3-based ceramics by percolating interaction between antipolar regions and defect pairs,10.1038/s41467-026-68297-4,2-s2.0-105029884910,105029884910,2026,2026-12-01,Nature Communications,,,Article,,"Frontier Institute of Science and Technology, Xi'an Jiaotong University",7,True,https://api.elsevier.com/content/abstract/scopus_id/105029884910,scopus,PENDING,NOT_STARTED,,11,169
Optimizing magnetocaloric properties in rare-earth doped La0.8Sr0.2MnO3 ceramics: unveiling the synergy of lattice distortion and electronic structure,10.1016/j.cjph.2025.11.012,2-s2.0-105043486813,105043486813,2026,2026-10-01,Chinese Journal of Physics,05779073,,Article,,Southwest Petroleum University China,6,False,https://api.elsevier.com/content/abstract/scopus_id/105043486813,scopus,PENDING,NOT_STARTED,,11,170
Tuning magnetocaloric properties in La0.8-xGdxSr0.2MnO3 ceramics by Gd3+doping: A combined study via first-principles calculations and sol-gel synthesis,10.1016/j.ceramint.2026.02.318,2-s2.0-105034357325,105034357325,2026,2026-05-01,Ceramics International,02728842,,Article,,Southwest Petroleum University China,6,False,https://api.elsevier.com/content/abstract/scopus_id/105034357325,scopus,PENDING,NOT_STARTED,,11,171
Cobalt Concentration-Dependent Structural and Magnetic Transitions in Nanocrystalline Ni0.9−xZn0.1CoxFe2O4 Ferrites,10.1007/s10909-025-03299-y,2-s2.0-105006989185,105006989185,2025,2025-09-01,Journal of Low Temperature Physics,00222291,,Article,,Banasthali Vidyapith,26,False,https://api.elsevier.com/content/abstract/scopus_id/105006989185,scopus,PENDING,NOT_STARTED,,11,172
"Efficient development of ultra-low-grade iron ore by hydrogen-based mineral phase transformation: Magnetic transition, phase transformation, and microstructure evolution",10.1016/j.ijhydene.2024.11.469,2-s2.0-85210684073,85210684073,2025,2025-01-06,International Journal of Hydrogen Energy,03603199,,Article,,College of Resources and Civil Engineering; National-local Joint Engineering Research Center of High-efficient Exploitation Technology for Refractory Iron Ore Resources,21,False,https://api.elsevier.com/content/abstract/scopus_id/85210684073,scopus,PENDING,NOT_STARTED,,11,173
Relationships between structure and properties in commercial lead zirconate titanate (PZT) piezoceramics,10.1016/j.jmat.2025.101052,2-s2.0-105000869284,105000869284,2025,2025-09-01,Journal of Materiomics,23528478,,Article,,Queen Mary University of London,20,True,https://api.elsevier.com/content/abstract/scopus_id/105000869284,scopus,PENDING,NOT_STARTED,,11,174
Dual Cross-Linked Magnetic MXene Aerogel with High Strength and Durability Enables Multifunctionality,10.1002/adfm.202401687,2-s2.0-85189089072,85189089072,2024,2024-08-14,Advanced Functional Materials,1616301X,,Article,,Shandong University,173,False,https://api.elsevier.com/content/abstract/scopus_id/85189089072,scopus,PENDING,NOT_STARTED,,11,175
Investigation of the structural and magnetic properties of the GdCoC compound featuring excellent cryogenic magnetocaloric performance,10.1016/j.actamat.2024.120128,2-s2.0-85183456454,85183456454,2024,2024-09-01,Acta Materialia,13596454,,Article,,Hangzhou Dianzi University,116,False,https://api.elsevier.com/content/abstract/scopus_id/85183456454,scopus,PENDING,NOT_STARTED,,11,176
"First principle study of physical aspects and hydrogen storage capacity of magnesium-based double perovskite hydrides Mg2XH6 (X = Cr, Mn)",10.1016/j.ijhydene.2024.11.112,2-s2.0-85209234778,85209234778,2024,2024-12-18,International Journal of Hydrogen Energy,03603199,,Article,,University of Education,68,False,https://api.elsevier.com/content/abstract/scopus_id/85209234778,scopus,PENDING,NOT_STARTED,,11,177
Organic-Inorganic Hybrid Ferroelectric and Antiferroelectric with Afterglow Emission,10.1002/anie.202319650,2-s2.0-85185282833,85185282833,2024,2024-04-02,Angewandte Chemie International Edition,14337851,,Article,,Zhejiang Normal University,49,False,https://api.elsevier.com/content/abstract/scopus_id/85185282833,scopus,PENDING,NOT_STARTED,,11,178
Peptide programming of supramolecular vinylidene fluoride ferroelectric phases,10.1038/s41586-024-08041-4,2-s2.0-85206360926,85206360926,2024,2024-10-24,Nature,00280836,,Article,,Northwestern University,45,False,https://api.elsevier.com/content/abstract/scopus_id/85206360926,scopus,PENDING,NOT_STARTED,,11,179
Inverse Magnetocaloric Effect in Altermagnetic 2D Non-van der Waals FeX (X = S and Se) Semiconductors,10.1002/adfm.202402080,2-s2.0-85189820593,85189820593,2024,2024-09-11,Advanced Functional Materials,1616301X,,Article,,Dalian University of Technology,41,True,https://api.elsevier.com/content/abstract/scopus_id/85189820593,scopus,PENDING,NOT_STARTED,,11,180
"Structural, dielectric and magnetic study of double perovskite La2CoMnO6",10.1016/j.physb.2023.415473,2-s2.0-85177222474,85177222474,2024,2024-01-15,Physica B Condensed Matter,09214526,,Article,,Deenbandhu Chhotu Ram University of Science and Technology,38,False,https://api.elsevier.com/content/abstract/scopus_id/85177222474,scopus,PENDING,NOT_STARTED,,11,181
Enhanced piezoelectric performance of Cr/Ta non-equivalent co-doped Bi4Ti3O12-based high-temperature piezoceramics,10.26599/jac.2024.9220850,2-s2.0-85190401858,85190401858,2024,2024-03-01,Journal of Advanced Ceramics,22264108,,Article,,Sun Yat-Sen University,35,True,https://api.elsevier.com/content/abstract/scopus_id/85190401858,scopus,PENDING,NOT_STARTED,,11,182
Quantum microscopy with van der Waals heterostructures,10.1038/s41567-022-01815-5,2-s2.0-85141529898,85141529898,2023,2023-01-01,Nature Physics,17452473,,Article,,School of Physics,161,False,https://api.elsevier.com/content/abstract/scopus_id/85141529898,scopus,PENDING,NOT_STARTED,,11,183
Room temperature energy-efficient spin-orbit torque switching in two-dimensional van der Waals Fe3GeTe2 induced by topological insulators,10.1038/s41467-023-40714-y,2-s2.0-85168692346,85168692346,2023,2023-12-01,Nature Communications,,,Article,,Beihang University,118,True,https://api.elsevier.com/content/abstract/scopus_id/85168692346,scopus,PENDING,NOT_STARTED,,11,184
Photo-induced high-temperature ferromagnetism in YTiO3,10.1038/s41586-023-05853-8,2-s2.0-85159545054,85159545054,2023,2023-05-04,Nature,00280836,,Article,,Cornell University College of Engineering; Max Planck Institute for the Structure and Dynamics of Matter,102,True,https://api.elsevier.com/content/abstract/scopus_id/85159545054,scopus,PENDING,NOT_STARTED,,11,185
Designing magnetocaloric materials for hydrogen liquefaction with light rare-earth Laves phases,10.1088/2515-7655/accb0b,2-s2.0-85158881514,85158881514,2023,2023-07-01,Jphys Energy,,,Article,,Technische Universität Darmstadt,53,True,https://api.elsevier.com/content/abstract/scopus_id/85158881514,scopus,PENDING,NOT_STARTED,,11,186
Tunable magnetic phase transition and magnetocaloric effect in the rare-earth-free Al-Mn-Fe-Co-Cr high-entropy alloys,10.1016/j.matdes.2023.111894,2-s2.0-85151555522,85151555522,2023,2023-05-01,Materials and Design,02641275,,Article,,Hangzhou Dianzi University,49,True,https://api.elsevier.com/content/abstract/scopus_id/85151555522,scopus,PENDING,NOT_STARTED,,11,187
Wide field imaging of van der Waals ferromagnet Fe3GeTe2 by spin defects in hexagonal boron nitride,10.1038/s41467-022-33016-2,2-s2.0-85137753253,85137753253,2022,2022-12-01,Nature Communications,,,Article,,Department of Physics,131,True,https://api.elsevier.com/content/abstract/scopus_id/85137753253,scopus,PENDING,NOT_STARTED,,11,188
Phase transformations in an Aurivillius layer structured ferroelectric designed using the high entropy concept,10.1016/j.actamat.2022.117815,2-s2.0-85126368570,85126368570,2022,2022-05-01,Acta Materialia,13596454,,Article,,Queen Mary University of London,74,False,https://api.elsevier.com/content/abstract/scopus_id/85126368570,scopus,PENDING,NOT_STARTED,,11,189
High-TC Two-Dimensional Ferroelectric CuCrS2 Grown via Chemical Vapor Deposition,10.1021/acsnano.2c01470,2-s2.0-85129309579,85129309579,2022,2022-05-24,ACS Nano,19360851,,Article,,Huazhong University of Science and Technology,72,False,https://api.elsevier.com/content/abstract/scopus_id/85129309579,scopus,PENDING,NOT_STARTED,,11,190
High Entropy Oxide Relaxor Ferroelectrics,10.1021/acsami.2c00340,2-s2.0-85126072349,85126072349,2022,2022-03-09,ACS Applied Materials and Interfaces,19448244,,Article,,Oak Ridge National Laboratory; Los Alamos National Laboratory,68,False,https://api.elsevier.com/content/abstract/scopus_id/85126072349,scopus,PENDING,NOT_STARTED,,11,191
The second-order magnetic phase transition and magnetocaloric effect in all-d-metal NiCoMnTi-based Heusler alloys,10.1016/j.jallcom.2022.164337,2-s2.0-85125632092,85125632092,2022,2022-06-15,Journal of Alloys and Compounds,09258388,,Article,,Delft University of Technology,64,True,https://api.elsevier.com/content/abstract/scopus_id/85125632092,scopus,PENDING,NOT_STARTED,,11,192
Optimized strain performance in <001>-textured Bi0.5Na0.5TiO3-based ceramics with ergodic relaxor state and core—shell microstructure,10.1007/s40145-022-0628-9,2-s2.0-85136548805,85136548805,2022,2022-10-01,Journal of Advanced Ceramics,22264108,,Article,,Powder Metallurgy Research Institute,58,True,https://api.elsevier.com/content/abstract/scopus_id/85136548805,scopus,PENDING,NOT_STARTED,,11,193
Superflexible and Lead-Free Piezoelectric Nanogenerator as a Highly Sensitive Self-Powered Sensor for Human Motion Monitoring,10.1007/s40820-021-00649-9,2-s2.0-85105223403,85105223403,2021,2021-12-01,Nano Micro Letters,23116706,,Article,,Shanghai Jiao Tong University,138,True,https://api.elsevier.com/content/abstract/scopus_id/85105223403,scopus,PENDING,NOT_STARTED,,11,194
Strong intrinsic room-temperature ferromagnetism in freestanding non-van der Waals ultrathin 2D crystals,10.1038/s41467-021-26009-0,2-s2.0-85115885794,85115885794,2021,2021-12-01,Nature Communications,,,Article,,Huazhong University of Science and Technology,128,True,https://api.elsevier.com/content/abstract/scopus_id/85115885794,scopus,PENDING,NOT_STARTED,,11,195
"Magnetic, elastic, dielectric, microwave absorption and optical characterization of cobalt-substituted nickel spinel ferrites",10.1016/j.mseb.2020.114513,2-s2.0-85081651820,85081651820,2020,2020-05-01,Materials Science and Engineering B,09215107,,Article,,Guru Nanak Dev University,141,False,https://api.elsevier.com/content/abstract/scopus_id/85081651820,scopus,PENDING,NOT_STARTED,,11,196
Biquadratic exchange interactions in two-dimensional magnets,10.1038/s41524-020-00416-1,2-s2.0-85092319065,85092319065,2020,2020-12-01,Npj Computational Materials,,,Article,,Queen's University Belfast,137,True,https://api.elsevier.com/content/abstract/scopus_id/85092319065,scopus,PENDING,NOT_STARTED,,11,197
Practical high-performance lead-free piezoelectrics: Structural flexibility beyond utilizing multiphase coexistence,10.1093/nsr/nwz167,2-s2.0-85083958512,85083958512,2020,2020-02-01,National Science Review,20955138,,Article,,Tsinghua University,122,True,https://api.elsevier.com/content/abstract/scopus_id/85083958512,scopus,PENDING,NOT_STARTED,,11,198
Quantum transport evidence of Weyl fermions in an epitaxial ferromagnetic oxide,10.1038/s41467-020-18646-8,2-s2.0-85092328628,85092328628,2020,2020-12-01,Nature Communications,,,Article,,NTT Basic Research Laboratories; Center for Spintronics Research Network,120,True,https://api.elsevier.com/content/abstract/scopus_id/85092328628,scopus,PENDING,NOT_STARTED,,11,199
"Spin exchange, electronic correlation, and thermoelectric transport in Rb2GeMBr6(M = V, Mn, Ni) halide double perovskites from first principles calculations",10.1039/d5tc01842k,2-s2.0-105026748094,105026748094,2026,2026-01-08,Journal of Materials Chemistry C,20507526,,Article,,Jamia Millia Islamia,20,False,https://api.elsevier.com/content/abstract/scopus_id/105026748094,scopus,PENDING,NOT_STARTED,,10,200
Enhanced energy storage performance by stabilizing antiferroelectric phase through high-entropy engineering of NaNbO3,10.1007/s10854-026-17285-x,2-s2.0-105036413555,105036413555,2026,2026-04-01,Journal of Materials Science Materials in Electronics,09574522,,Article,,Xi'an University of Science and Technology,7,False,https://api.elsevier.com/content/abstract/scopus_id/105036413555,scopus,PENDING,NOT_STARTED,,10,201
Synergistic Bulk-Surface Engineering of Ferroelectric PbTiO3: Polarization Amplification and Surface Carrier Confinement for Efficient Photo-Thermal Coupled Catalytic CO2-to-Fuel Conversion,10.1002/adfm.202522013,2-s2.0-105018513103,105018513103,2026,2026-02-26,Advanced Functional Materials,1616301X,,Article,,Xiamen University,6,False,https://api.elsevier.com/content/abstract/scopus_id/105018513103,scopus,PENDING,NOT_STARTED,,10,202
Anisotropic and Temperature-Tunable Second-Harmonic Vortex Generation in Ferroelectric NbOCl2 Holograms,10.1002/lpor.202501523,2-s2.0-105015585736,105015585736,2026,2026-01-22,Laser and Photonics Reviews,18638880,,Article,,College of Engineering and Computing,5,False,https://api.elsevier.com/content/abstract/scopus_id/105015585736,scopus,PENDING,NOT_STARTED,,10,203
One-Dimensional Ferroelectric CsCu2Br3 Single-Crystal Enables UVB Polarization-Sensitive Photodetector for Encryption Wireless Communications,10.1002/adfm.202506789,2-s2.0-105004762804,105004762804,2025,2025-10-22,Advanced Functional Materials,1616301X,,Article,,Nanjing University of Aeronautics and Astronautics,21,False,https://api.elsevier.com/content/abstract/scopus_id/105004762804,scopus,PENDING,NOT_STARTED,,10,204
Tailoring the microstructure of lead-free KNN piezoelectric ceramics for force-sensitive smart windows,10.20517/microstructures.2024.182,2-s2.0-105008460230,105008460230,2025,2025-01-01,Microstructures,,,Article,,Fujian Normal University,19,True,https://api.elsevier.com/content/abstract/scopus_id/105008460230,scopus,PENDING,NOT_STARTED,,10,205
Unveiling the mechanism of substitution-induced high piezoelectric performance in PLZT ceramics,10.26599/jac.2025.9221097,2-s2.0-105012844958,105012844958,2025,2025-07-01,Journal of Advanced Ceramics,22264108,,Article,,Queen Mary University of London,18,True,https://api.elsevier.com/content/abstract/scopus_id/105012844958,scopus,PENDING,NOT_STARTED,,10,206
Advancing piezoelectricity and excellent thermal stability: <001>-textured 0.75BF–0.25BT lead-free ceramics for high temperature applications,10.1016/j.jmat.2024.100946,2-s2.0-85214523574,85214523574,2025,2025-07-01,Journal of Materiomics,23528478,,Article,,Shanghai University,17,True,https://api.elsevier.com/content/abstract/scopus_id/85214523574,scopus,PENDING,NOT_STARTED,,10,207
MnO2 doping induced structural tuning drives superior piezoelectric response in CaBi4Ti4O15-based ceramics,10.26599/jac.2025.9221051,2-s2.0-105004810275,105004810275,2025,2025-04-01,Journal of Advanced Ceramics,22264108,,Article,,Jingdezhen Ceramic University; China National Light Industry Key Laboratory of Functional Ceramic Materials; Jiangxi Key Laboratory of Advanced Ceramic Materials,17,True,https://api.elsevier.com/content/abstract/scopus_id/105004810275,scopus,PENDING,NOT_STARTED,,10,208
"Combined experimental and theoretical investigation on the structural, electronic, magnetic and optical properties of Pr2CoFeO6 double perovskite",10.1016/j.mtcomm.2024.108120,2-s2.0-85183833875,85183833875,2024,2024-03-01,Materials Today Communications,,,Article,,DRDO Microwave Tube Research and Development Center,54,False,https://api.elsevier.com/content/abstract/scopus_id/85183833875,scopus,PENDING,NOT_STARTED,,10,209
"Study of magnetic, thermoelectric, and mechanical properties of double perovskites Be2XH6 (X = Cr and Mn) for spintronic and hydrogen-storage applications",10.1016/j.inoche.2024.112579,2-s2.0-85193593660,85193593660,2024,2024-07-01,Inorganic Chemistry Communications,13877003,,Article,,Jazan University,51,False,https://api.elsevier.com/content/abstract/scopus_id/85193593660,scopus,PENDING,NOT_STARTED,,10,210
Interfacial engineering of ferromagnetism in wafer-scale van der Waals Fe4GeTe2 far above room temperature,10.1038/s41467-023-37917-8,2-s2.0-85156094043,85156094043,2023,2023-12-01,Nature Communications,,,Article,,Beihang University; Institut Jean Lamour,91,True,https://api.elsevier.com/content/abstract/scopus_id/85156094043,scopus,PENDING,NOT_STARTED,,10,211
Room-temperature spin-valve devices based on Fe3GaTe2/MoS2/Fe3GaTe2 2D van der Waals heterojunctions,10.1039/d2nr06886a,2-s2.0-85149070809,85149070809,2023,2023-02-06,Nanoscale,20403364,,Article,,Huazhong University of Science and Technology,80,True,https://api.elsevier.com/content/abstract/scopus_id/85149070809,scopus,PENDING,NOT_STARTED,,10,212
Room-Temperature van der Waals Ferromagnet Switching by Spin-Orbit Torques,10.1002/adma.202303688,2-s2.0-85176613400,85176613400,2023,2023-12-21,Advanced Materials,09359648,,Article,,University of Chinese Academy of Sciences; Institute of Semiconductors Chinese Academy of Sciences,80,True,https://api.elsevier.com/content/abstract/scopus_id/85176613400,scopus,PENDING,NOT_STARTED,,10,213
Enhancing Electromechanical Properties of PZT-Based Piezoelectric Ceramics by High-Temperature Poling for High-Power Applications,10.1021/acsami.2c19802,2-s2.0-85150443533,85150443533,2023,2023-03-29,ACS Applied Materials and Interfaces,19448244,,Article,,"University of Chinese Academy of Sciences; Shanghai Institute of Ceramics, Chinese Academy of Sciences; China State Shipbuilding Corporation",63,False,https://api.elsevier.com/content/abstract/scopus_id/85150443533,scopus,PENDING,NOT_STARTED,,10,214
Recent advances in La2NiMnO6 double perovskites for various applications; challenges and opportunities,10.1016/j.progsolidstchem.2023.100429,2-s2.0-85173912767,85173912767,2023,2023-12-01,Progress in Solid State Chemistry,00796786,,Article,,Indian Institute of Technology Indore,49,False,https://api.elsevier.com/content/abstract/scopus_id/85173912767,scopus,PENDING,NOT_STARTED,,10,215
Air-Stable 2D Cr5Te8 Nanosheets with Thickness-Tunable Ferromagnetism,10.1002/adma.202107512,2-s2.0-85118841673,85118841673,2022,2022-01-01,Advanced Materials,09359648,,Article,,Shaanxi Normal University,162,False,https://api.elsevier.com/content/abstract/scopus_id/85118841673,scopus,PENDING,NOT_STARTED,,10,216
A Van der Waals Interface Hosting Two Groups of Magnetic Skyrmions,10.1002/adma.202110583,2-s2.0-85126029759,85126029759,2022,2022-04-01,Advanced Materials,09359648,,Article,,Plasma Science and Fusion Center,116,True,https://api.elsevier.com/content/abstract/scopus_id/85126029759,scopus,PENDING,NOT_STARTED,,10,217
Effects of Cr/Ni ratio on physical properties of Cr-Mn-Fe-Co-Ni high-entropy alloys,10.1016/j.actamat.2022.117693,2-s2.0-85124329449,85124329449,2022,2022-04-01,Acta Materialia,13596454,,Article,,Ruhr-Universitat Bochum,113,True,https://api.elsevier.com/content/abstract/scopus_id/85124329449,scopus,PENDING,NOT_STARTED,,10,218
Large anomalous Nernst effect and nodal plane in an iron-based kagome ferromagnet,10.1126/sciadv.abk1480,2-s2.0-85122855412,85122855412,2022,2022-01-01,Science Advances,,,Article,,The University of Tokyo; Southeast University,111,True,https://api.elsevier.com/content/abstract/scopus_id/85122855412,scopus,PENDING,NOT_STARTED,,10,219
"Structural characteristics, cation distribution, and elastic properties of Cr3+ substituted stoichiometric and non-stoichiometric cobalt ferrites",10.1039/d1ra09090a,2-s2.0-85127326457,85127326457,2022,2022-03-17,Rsc Advances,,,Article,,Bangladesh University of Engineering and Technology,101,True,https://api.elsevier.com/content/abstract/scopus_id/85127326457,scopus,PENDING,NOT_STARTED,,10,220
"Half-metallic ferromagnetism and thermoelectric properties of double perovskites Rb2Z(Cl/Br)6 (Z = Ta, W, Re)",10.1016/j.jallcom.2021.162313,2-s2.0-85118504259,85118504259,2022,2022-02-15,Journal of Alloys and Compounds,09258388,,Article,,"Imam Abdulrahman Bin Faisal University; Imam Abdulrahman bin Faisal University, College of Science",72,False,https://api.elsevier.com/content/abstract/scopus_id/85118504259,scopus,PENDING,NOT_STARTED,,10,221
High-efficiency magnetic refrigeration using holmium,10.1038/s41467-021-21234-z,2-s2.0-85101190455,85101190455,2021,2021-12-01,Nature Communications,,,Article,,National Institute for Materials Science,114,True,https://api.elsevier.com/content/abstract/scopus_id/85101190455,scopus,PENDING,NOT_STARTED,,10,222
Tunable room-temperature ferromagnetism in Co-doped two-dimensional van der Waals ZnO,10.1038/s41467-021-24247-w,2-s2.0-85109200156,85109200156,2021,2021-12-01,Nature Communications,,,Article,,Lawrence Berkeley National Laboratory; Department of Materials Science and Engineering,106,True,https://api.elsevier.com/content/abstract/scopus_id/85109200156,scopus,PENDING,NOT_STARTED,,10,223
Beyond Solid Solution High-Entropy Alloys: Tailoring Magnetic Properties via Spinodal Decomposition,10.1002/adfm.202007668,2-s2.0-85096761057,85096761057,2021,2021-02-01,Advanced Functional Materials,1616301X,,Article,,Max-Planck-Institut für Eisenforschung GmbH,104,True,https://api.elsevier.com/content/abstract/scopus_id/85096761057,scopus,PENDING,NOT_STARTED,,10,224
Large anomalous Hall effect in the kagome ferromagnet LiMn6Sn6,10.1103/physrevb.103.144410,2-s2.0-85104423651,85104423651,2021,2021-04-06,Physical Review B,24699950,,Article,,Qingdao University; Max Planck Institute for Chemical Physics of Solids,100,True,https://api.elsevier.com/content/abstract/scopus_id/85104423651,scopus,PENDING,NOT_STARTED,,10,225
"Structural, optical, and electrical properties of vanadium-doped, lead-free BCZT ceramics",10.1016/j.jallcom.2021.159520,2-s2.0-85102822611,85102822611,2021,2021-07-15,Journal of Alloys and Compounds,09258388,,Article,,Shoolini University,90,False,https://api.elsevier.com/content/abstract/scopus_id/85102822611,scopus,PENDING,NOT_STARTED,,10,226
Intrinsic quantized anomalous Hall effect in a moiré heterostructure,10.1126/science.aay5533,2-s2.0-85080873119,85080873119,2020,2020-02-21,Science,00368075,,Article,,College of Letters & Science,1386,False,https://api.elsevier.com/content/abstract/scopus_id/85080873119,scopus,PENDING,NOT_STARTED,,10,227
Observation of Magnetic Skyrmion Bubbles in a van der Waals Ferromagnet Fe3GeTe2,10.1021/acs.nanolett.9b03453,2-s2.0-85078654189,85078654189,2020,2020-02-12,Nano Letters,15306984,,Article,,Chinese Academy of Sciences; University of Chinese Academy of Sciences,326,False,https://api.elsevier.com/content/abstract/scopus_id/85078654189,scopus,PENDING,NOT_STARTED,,10,228
Controlling the magnetic anisotropy in Cr2Ge2Te6 by electrostatic gating,10.1038/s41928-020-0427-7,2-s2.0-85089624604,85089624604,2020,2020-08-01,Nature Electronics,,,Article,,National University of Singapore; Centre for Advanced 2D Materials,249,False,https://api.elsevier.com/content/abstract/scopus_id/85089624604,scopus,PENDING,NOT_STARTED,,10,229
Prediction of a two-dimensional high-: T Cf-electron ferromagnetic semiconductor,10.1039/d0mh00183j,2-s2.0-85089700194,85089700194,2020,2020-06-01,Materials Horizons,20516347,,Article,,Southeast University; Henan University,219,False,https://api.elsevier.com/content/abstract/scopus_id/85089700194,scopus,PENDING,NOT_STARTED,,10,230
Above Room-Temperature Ferromagnetism in Wafer-Scale Two-Dimensional van der Waals Fe3GeTe2Tailored by a Topological Insulator,10.1021/acsnano.0c03152,2-s2.0-85090077811,85090077811,2020,2020-08-25,ACS Nano,19360851,,Article,,Beihang University,201,False,https://api.elsevier.com/content/abstract/scopus_id/85090077811,scopus,PENDING,NOT_STARTED,,10,231
Giant piezoelectricity in oxide thin films with nanopillar structure,10.1126/science.abb3209,2-s2.0-85088158210,85088158210,2020,2020-07-17,Science,00368075,,Article,,"A-Star, Institute of Materials Research and Engineering",176,False,https://api.elsevier.com/content/abstract/scopus_id/85088158210,scopus,PENDING,NOT_STARTED,,10,232
Single pulse all-optical toggle switching of magnetization without gadolinium in the ferrimagnet Mn2RuxGa,10.1038/s41467-020-18340-9,2-s2.0-85090355916,85090355916,2020,2020-12-01,Nature Communications,,,Article,,Trinity College Dublin,117,True,https://api.elsevier.com/content/abstract/scopus_id/85090355916,scopus,PENDING,NOT_STARTED,,10,233
Tailoring magnetocaloric effect in all-d-metal Ni-Co-Mn-Ti Heusler alloys: a combined experimental and theoretical study,10.1016/j.actamat.2020.10.013,2-s2.0-85093933594,85093933594,2020,2020-12-01,Acta Materialia,13596454,,Article,,Technische Universität Darmstadt,115,False,https://api.elsevier.com/content/abstract/scopus_id/85093933594,scopus,PENDING,NOT_STARTED,,10,234
Magnetic Dipole Impact on the Hybrid Nanofluid Flow over an Extending Surface,10.1038/s41598-020-65298-1,2-s2.0-85085156258,85085156258,2020,2020-12-01,Scientific Reports,,,Article,,"City University of Science and Information Technology, Peshawar; Higher Education Department Khyber Pakhtunkhwa",111,True,https://api.elsevier.com/content/abstract/scopus_id/85085156258,scopus,PENDING,NOT_STARTED,,10,235
High-throughput computational screening for two-dimensional magnetic materials based on experimental databases of three-dimensional compounds,10.1038/s41524-020-00428-x,2-s2.0-85093868522,85093868522,2020,2020-12-01,Npj Computational Materials,,,Article,,Technical University of Denmark,103,True,https://api.elsevier.com/content/abstract/scopus_id/85093868522,scopus,PENDING,NOT_STARTED,,10,236
Unexpectedly high piezoelectric response in Sm-doped PZT ceramics beyond the morphotropic phase boundary region,10.1016/j.jallcom.2020.155474,2-s2.0-85084374543,85084374543,2020,2020-09-25,Journal of Alloys and Compounds,09258388,,Article,,Wuhan University of Technology,85,False,https://api.elsevier.com/content/abstract/scopus_id/85084374543,scopus,PENDING,NOT_STARTED,,10,237
Advancements in Pr-doped LaSrMnO3 perovskite nanoparticles: a novel platform for self-regulated magnetic hyperthermia applications,10.1016/j.inoche.2025.115880,2-s2.0-105022755526,105022755526,2026,2026-01-01,Inorganic Chemistry Communications,13877003,,Article,,Saveetha School of Engineering,7,False,https://api.elsevier.com/content/abstract/scopus_id/105022755526,scopus,PENDING,NOT_STARTED,,9,238
"Computational investigation of perovskites RbABr3 (A = Cr, Mo) for next-generation spintronics using DFT and Monte Carlo simulation techniques",10.1016/j.jpcs.2026.113734,2-s2.0-105035240177,105035240177,2026,2026-08-01,Journal of Physics and Chemistry of Solids,00223697,,Article,,Université Sultan Moulay Slimane,5,False,https://api.elsevier.com/content/abstract/scopus_id/105035240177,scopus,PENDING,NOT_STARTED,,9,239
"Effect of Nd3+substitution on the structural, magnetic, magnetocaloric, and dielectric performance of M-type hexaferrites",10.1016/j.ceramint.2026.02.243,2-s2.0-105032200350,105032200350,2026,2026-05-01,Ceramics International,02728842,,Article,,Faculté des Sciences de Monastir,5,False,https://api.elsevier.com/content/abstract/scopus_id/105032200350,scopus,PENDING,NOT_STARTED,,9,240
Stepwise amplification of circularly polarized luminescence in indium-based metal halides by regulating their structural dimension,10.1038/s41467-025-56394-9,2-s2.0-85218240966,85218240966,2025,2025-12-01,Nature Communications,,,Article,,"University of Chinese Academy of Sciences; State Key Laboratory of Structural Chemistry, Fuzhou; Fujian Science & Technology Innovation Laboratory for Optoelectronic Information of China",71,True,https://api.elsevier.com/content/abstract/scopus_id/85218240966,scopus,PENDING,NOT_STARTED,,9,241
Explainable machine learning for multiscale thermal conductivity modeling in polymer nanocomposites with uncertainty quantification,10.1016/j.compstruct.2025.119292,2-s2.0-105007553544,105007553544,2025,2025-10-15,Composite Structures,02638223,,Article,,Umeå Universitet; Bauhaus-Universität Weimar,65,True,https://api.elsevier.com/content/abstract/scopus_id/105007553544,scopus,PENDING,NOT_STARTED,,9,242
Modulating Electromagnetic Genes Through Bi-Phase High-Entropy Engineering Toward Temperature-Stable Ultra-Broadband Megahertz Electromagnetic Wave Absorption,10.1007/s40820-024-01638-4,2-s2.0-85218471622,85218471622,2025,2025-12-01,Nano Micro Letters,23116706,,Article,,"Qingdao Innovation and Development Base, Harbin Engineering University",63,True,https://api.elsevier.com/content/abstract/scopus_id/85218471622,scopus,PENDING,NOT_STARTED,,9,243
Carrier-mediated ferromagnetism and dielectric tailoring in dual-doped ZnO semiconductor nanoparticles for spintronics,10.1016/j.mssp.2025.109487,2-s2.0-105000321991,105000321991,2025,2025-07-01,Materials Science in Semiconductor Processing,13698001,,Article,,United Arab Emirates University,38,True,https://api.elsevier.com/content/abstract/scopus_id/105000321991,scopus,PENDING,NOT_STARTED,,9,244
"Harnessing the half-metallicity and thermoelectric insights in Cs2AgMBr6 (M = V, Mn, Ni) double halide perovskites: A DFT study",10.1016/j.mssp.2024.109023,2-s2.0-85207367178,85207367178,2025,2025-02-01,Materials Science in Semiconductor Processing,13698001,,Article,,Jamia Millia Islamia,35,False,https://api.elsevier.com/content/abstract/scopus_id/85207367178,scopus,PENDING,NOT_STARTED,,9,245
"Study of structural, electronic, phonon, thermodynamic, and hydrogen storage properties of hydride Rb2AsSnH6 perovskites: DFT insights",10.1016/j.ijhydene.2025.04.308,2-s2.0-105004057343,105004057343,2025,2025-06-02,International Journal of Hydrogen Energy,03603199,,Article,,Shanghai Maritime University,34,False,https://api.elsevier.com/content/abstract/scopus_id/105004057343,scopus,PENDING,NOT_STARTED,,9,246
"First-principles discovery of half-metallicity in lead-free CsBCl3(B = Ti, V, Cr) halide perovskites for spintronic and spin-dependent applications",10.1016/j.mseb.2025.118504,2-s2.0-105008518084,105008518084,2025,2025-11-01,Materials Science and Engineering B,09215107,,Article,,Faculté des Sciences Rabat,23,False,https://api.elsevier.com/content/abstract/scopus_id/105008518084,scopus,PENDING,NOT_STARTED,,9,247
Investigation of optoelectronic and thermoelectric characteristics of Tl2Os(Cl/Br)6 double perovskites for renewable energy applications,10.1016/j.mssp.2025.109420,2-s2.0-86000359708,86000359708,2025,2025-06-15,Materials Science in Semiconductor Processing,13698001,,Article,,University of Education,22,False,https://api.elsevier.com/content/abstract/scopus_id/86000359708,scopus,PENDING,NOT_STARTED,,9,248
Highly efficient circularly polarized near-infrared phosphorescence in both solution and aggregate,10.1038/s41566-024-01538-4,2-s2.0-85205350377,85205350377,2024,2024-12-01,Nature Photonics,17494885,,Article,,"The Chinese University of Hong Kong, Shenzhen",132,False,https://api.elsevier.com/content/abstract/scopus_id/85205350377,scopus,PENDING,NOT_STARTED,,9,249
High-throughput determination of Hubbard U and Hund J values for transition metal oxides via the linear response formalism,10.1103/physrevmaterials.8.014409,2-s2.0-85183956604,85183956604,2024,2024-01-01,Physical Review Materials,,,Article,,Lawrence Berkeley National Laboratory; Department of Materials Science and Engineering,129,False,https://api.elsevier.com/content/abstract/scopus_id/85183956604,scopus,PENDING,NOT_STARTED,,9,250
Superior piezoelectric performance with high operating temperature in bismuth ferrite-based ternary ceramics,10.1016/j.jmst.2023.05.063,2-s2.0-85166625393,85166625393,2024,2024-01-10,Journal of Materials Science and Technology,10050302,,Article,,"Faculty of Electronic and Information Engineering, Xi'an Jiaotong University",44,False,https://api.elsevier.com/content/abstract/scopus_id/85166625393,scopus,PENDING,NOT_STARTED,,9,251
Superior temperature stability of electromechanical properties and resonant frequency in PYN-PZT piezoelectric ceramics,10.1016/j.jeurceramsoc.2023.09.076,2-s2.0-85172863212,85172863212,2024,2024-02-01,Journal of the European Ceramic Society,09552219,,Article,,"Faculty of Electronic and Information Engineering, Xi'an Jiaotong University",41,False,https://api.elsevier.com/content/abstract/scopus_id/85172863212,scopus,PENDING,NOT_STARTED,,9,252
Improving energy storage properties of NN-NBT ceramics through compositional modification,10.1016/j.jallcom.2024.174276,2-s2.0-85189507621,85189507621,2024,2024-06-25,Journal of Alloys and Compounds,09258388,,Article,,"School of Advanced Materials and Nanotechnology, Xidian University; National Ceramic Industry Design Institute of China",40,False,https://api.elsevier.com/content/abstract/scopus_id/85189507621,scopus,PENDING,NOT_STARTED,,9,253
"Synthesis, magnetic properties, and electrochemical evaluation of La2NiMnO6 double perovskite as electrode materials for supercapacitor applications",10.1016/j.ceramint.2024.02.056,2-s2.0-85184568471,85184568471,2024,2024-05-01,Ceramics International,02728842,,Article,,Muslim Arts College,39,False,https://api.elsevier.com/content/abstract/scopus_id/85184568471,scopus,PENDING,NOT_STARTED,,9,254
Programming correlated magnetic states with gate-controlled moiré geometry,10.1126/science.adg4268,2-s2.0-85165521758,85165521758,2023,2023-07-21,Science,00368075,,Article,,University of Washington,136,False,https://api.elsevier.com/content/abstract/scopus_id/85165521758,scopus,PENDING,NOT_STARTED,,9,255
Probing Defects and Spin-Phonon Coupling in CrSBr via Resonant Raman Scattering,10.1002/adfm.202211366,2-s2.0-85146065761,85146065761,2023,2023-03-16,Advanced Functional Materials,1616301X,,Article,,MIT School of Engineering,69,True,https://api.elsevier.com/content/abstract/scopus_id/85146065761,scopus,PENDING,NOT_STARTED,,9,256
Temperature-Induced Self-Decomposition Doping of Fe3GeTe2 to Achieve Ultra-High Tc of 496 K for Multispectral Compatible Strong Electromagnetic Wave Absorption,10.1002/adfm.202210578,2-s2.0-85147270105,85147270105,2023,2023-04-11,Advanced Functional Materials,1616301X,,Article,,Nankai University,67,True,https://api.elsevier.com/content/abstract/scopus_id/85147270105,scopus,PENDING,NOT_STARTED,,9,257
Strain-tunable Berry curvature in quasi-two-dimensional chromium telluride,10.1038/s41467-023-38995-4,2-s2.0-85160885342,85160885342,2023,2023-12-01,Nature Communications,,,Article,,U.S. Army Research Laboratory; Francis Bitter Magnet Laboratory,62,True,https://api.elsevier.com/content/abstract/scopus_id/85160885342,scopus,PENDING,NOT_STARTED,,9,258
Lead zirconate titanate-based ceramics with high piezoelectricity and broad usage temperature range,10.1016/j.cej.2023.147192,2-s2.0-85177765825,85177765825,2023,2023-12-01,Chemical Engineering Journal,13858947,,Article,,"Faculty of Electronic and Information Engineering, Xi'an Jiaotong University",58,False,https://api.elsevier.com/content/abstract/scopus_id/85177765825,scopus,PENDING,NOT_STARTED,,9,259
High-performance ultrasonic transducer based on PZT piezoelectric ceramic for high-temperature NDE,10.1016/j.ultras.2023.107013,2-s2.0-85153408521,85153408521,2023,2023-07-01,Ultrasonics,0041624X,,Article,,"University of Chinese Academy of Sciences; Shanghai Institute of Ceramics, Chinese Academy of Sciences",56,False,https://api.elsevier.com/content/abstract/scopus_id/85153408521,scopus,PENDING,NOT_STARTED,,9,260
Valley-dependent topological phase transition and quantum anomalous valley Hall effect in single-layer RuClBr,10.1103/physrevb.105.195112,2-s2.0-85130403433,85130403433,2022,2022-05-15,Physical Review B,24699950,,Article,,University of Jinan,155,False,https://api.elsevier.com/content/abstract/scopus_id/85130403433,scopus,PENDING,NOT_STARTED,,9,261
Phase engineering of Cr5Te8 with colossal anomalous Hall effect,10.1038/s41928-022-00754-6,2-s2.0-85128928419,85128928419,2022,2022-04-01,Nature Electronics,,,Article,,School of Materials Science and Engineering,150,False,https://api.elsevier.com/content/abstract/scopus_id/85128928419,scopus,PENDING,NOT_STARTED,,9,262
Ultrathin ferrite nanosheets for room-temperature two-dimensional magnetic semiconductors,10.1038/s41467-022-33017-1,2-s2.0-85137314161,85137314161,2022,2022-12-01,Nature Communications,,,Article,,Wuhan University,97,True,https://api.elsevier.com/content/abstract/scopus_id/85137314161,scopus,PENDING,NOT_STARTED,,9,263
Recent Progress in Iron-Based Microwave Absorbing Composites: A Review and Prospective,10.3390/molecules27134117,2-s2.0-85133404830,85133404830,2022,2022-07-01,Molecules,,,Article,,China Academy of Space Technology,96,True,https://api.elsevier.com/content/abstract/scopus_id/85133404830,scopus,PENDING,NOT_STARTED,,9,264
A study on rare-earth Laves phases for magnetocaloric liquefaction of hydrogen,10.1016/j.apmt.2022.101624,2-s2.0-85137154886,85137154886,2022,2022-12-01,Applied Materials Today,,,Article,,Technische Universität Darmstadt,89,False,https://api.elsevier.com/content/abstract/scopus_id/85137154886,scopus,PENDING,NOT_STARTED,,9,265
Magnetic Skyrmions in a Thickness Tunable 2D Ferromagnet from a Defect Driven Dzyaloshinskii–Moriya Interaction,10.1002/adma.202108637,2-s2.0-85124105725,85124105725,2022,2022-03-01,Advanced Materials,09359648,,Article,,Max Planck Institute of Microstructure Physics,86,True,https://api.elsevier.com/content/abstract/scopus_id/85124105725,scopus,PENDING,NOT_STARTED,,9,266
Microstructure Design of High-Entropy Alloys Through a Multistage Mechanical Alloying Strategy for Temperature-Stable Megahertz Electromagnetic Absorption,10.1007/s40820-022-00886-6,2-s2.0-85133726417,85133726417,2022,2022-12-01,Nano Micro Letters,23116706,,Article,,Dalian University of Technology,86,True,https://api.elsevier.com/content/abstract/scopus_id/85133726417,scopus,PENDING,NOT_STARTED,,9,267
Breaking through the Mermin-Wagner limit in 2D van der Waals magnets,10.1038/s41467-022-34389-0,2-s2.0-85141971306,85141971306,2022,2022-12-01,Nature Communications,,,Article,,Johannes Gutenberg-Universität Mainz; University of York; Universität Duisburg-Essen,84,True,https://api.elsevier.com/content/abstract/scopus_id/85141971306,scopus,PENDING,NOT_STARTED,,9,268
Large-scale epitaxy of two-dimensional van der Waals room-temperature ferromagnet Fe5GeTe2,10.1038/s41699-022-00285-w,2-s2.0-85125450771,85125450771,2022,2022-12-01,Npj 2d Materials and Applications,,,Article,,SPINTEC - Spin in Electronics Research,82,True,https://api.elsevier.com/content/abstract/scopus_id/85125450771,scopus,PENDING,NOT_STARTED,,9,269
"Structure, Morphology and Electrical/Magnetic Properties of Ni-Mg Nano-Ferrites from a New Perspective",10.3390/nano12071045,2-s2.0-85126996833,85126996833,2022,2022-04-01,Nanomaterials,,,Article,,Faculty of Science,82,True,https://api.elsevier.com/content/abstract/scopus_id/85126996833,scopus,PENDING,NOT_STARTED,,9,270
Simultaneous enhancement of electrical and mechanical properties in CaBi2Nb2O9-based ceramics,10.1016/j.jeurceramsoc.2022.03.044,2-s2.0-85127772827,85127772827,2022,2022-08-01,Journal of the European Ceramic Society,09552219,,Article,,College of Materials Science and Engineering,75,False,https://api.elsevier.com/content/abstract/scopus_id/85127772827,scopus,PENDING,NOT_STARTED,,9,271
Ion-Pair Engineering-Induced High Piezoelectricity in Bi4Ti3O12-Based High-Temperature Piezoceramics,10.1021/acsami.1c19445,2-s2.0-85127329324,85127329324,2022,2022-03-30,ACS Applied Materials and Interfaces,19448244,,Article,,"University of Chinese Academy of Sciences; Shanghai Institute of Ceramics, Chinese Academy of Sciences",69,False,https://api.elsevier.com/content/abstract/scopus_id/85127329324,scopus,PENDING,NOT_STARTED,,9,272
Enhancement of recoverable energy density and efficiency of K0.5Na0.5NbO3 ceramic modified by Bi(Mg0.5Zr0.5)O3,10.1016/j.mtener.2022.101185,2-s2.0-85142164390,85142164390,2022,2022-12-01,Materials Today Energy,,,Article,,Shaanxi University of Science and Technology,60,False,https://api.elsevier.com/content/abstract/scopus_id/85142164390,scopus,PENDING,NOT_STARTED,,9,273
Electromagnetic properties of zinc–nickel ferrites in the frequency range of 0.05–10 GHz,10.1016/j.mtchem.2021.100460,2-s2.0-85104115383,85104115383,2021,2021-06-01,Materials Today Chemistry,,,Article,,South Ural State University,145,False,https://api.elsevier.com/content/abstract/scopus_id/85104115383,scopus,PENDING,NOT_STARTED,,9,274
Competing Zero-Field Chern Insulators in Superconducting Twisted Bilayer Graphene,10.1103/physrevlett.127.197701,2-s2.0-85119423829,85119423829,2021,2021-11-05,Physical Review Letters,00319007,,Article,,Barcelona Institute of Science and Technology (BIST),144,False,https://api.elsevier.com/content/abstract/scopus_id/85119423829,scopus,PENDING,NOT_STARTED,,9,275
"Ni substitution effect on the structure, magnetization, resistivity and permeability of zinc ferrites",10.1039/d0tc05692h,2-s2.0-85105005130,85105005130,2021,2021-04-28,Journal of Materials Chemistry C,20507534,,Article,,South Ural State University,141,False,https://api.elsevier.com/content/abstract/scopus_id/85105005130,scopus,PENDING,NOT_STARTED,,9,276
Tuning the magnetic properties of two-dimensional mxenes by chemical etching,10.3390/ma14030694,2-s2.0-85100474582,85100474582,2021,2021-02-01,Materials,,,Article,,Fayetteville State University,96,True,https://api.elsevier.com/content/abstract/scopus_id/85100474582,scopus,PENDING,NOT_STARTED,,9,277
Magnon-phonon hybridization in 2D antiferromagnet MnPSe3,10.1126/sciadv.abj3106,2-s2.0-85118417593,85118417593,2021,2021-10-01,Science Advances,,,Article,,National Institute of Standards and Technology,95,True,https://api.elsevier.com/content/abstract/scopus_id/85118417593,scopus,PENDING,NOT_STARTED,,9,278
Half-Magnetic Topological Insulator with Magnetization-Induced Dirac Gap at a Selected Surface,10.1103/physrevx.11.011039,2-s2.0-85102412482,85102412482,2021,2021-02-25,Physical Review X,,,Article,,Southern University of Science and Technology,88,True,https://api.elsevier.com/content/abstract/scopus_id/85102412482,scopus,PENDING,NOT_STARTED,,9,279
Diverse electronic and magnetic properties of CrS2 enabling strain-controlled 2D lateral heterostructure spintronic devices,10.1038/s41524-021-00547-z,2-s2.0-85107329873,85107329873,2021,2021-12-01,Npj Computational Materials,,,Article,,Xi'an Jiaotong University,87,True,https://api.elsevier.com/content/abstract/scopus_id/85107329873,scopus,PENDING,NOT_STARTED,,9,280
High performance BiFe0.9Co0.1O3 doped KNN-based lead-free ceramics for acoustic energy harvesting,10.1016/j.nanoen.2021.105900,2-s2.0-85101420912,85101420912,2021,2021-06-01,Nano Energy,22112855,,Article,,College of Materials Science and Engineering,73,False,https://api.elsevier.com/content/abstract/scopus_id/85101420912,scopus,PENDING,NOT_STARTED,,9,281
Strain-tunable ferromagnetism and chiral spin textures in two-dimensional Janus chromium dichalcogenides,10.1103/physrevb.102.094425,2-s2.0-85092773692,85092773692,2020,2020-09-01,Physical Review B,24699950,,Article,,"Ningbo Institute of Industrial Technology, Chinese Academy of Sciences; University of Nottingham Ningbo China",150,False,https://api.elsevier.com/content/abstract/scopus_id/85092773692,scopus,PENDING,NOT_STARTED,,9,282
High-Field Dielectric Properties of Oriented Poly(vinylidene fluoride- co-hexafluoropropylene): Structure-Dielectric Property Relationship and Implications for Energy Storage Applications,10.1021/acsapm.9b01224,2-s2.0-85091742801,85091742801,2020,2020-03-13,ACS Applied Polymer Materials,,,Article,,"Pennsylvania State University; PolyK Technologies, LLC.",111,False,https://api.elsevier.com/content/abstract/scopus_id/85091742801,scopus,PENDING,NOT_STARTED,,9,283
Electrically and magnetically switchable nonlinear photocurrent in РТ-symmetric magnetic topological quantum materials,10.1038/s41524-020-00462-9,2-s2.0-85097774532,85097774532,2020,2020-12-01,Npj Computational Materials,,,Article,,College of Engineering,93,True,https://api.elsevier.com/content/abstract/scopus_id/85097774532,scopus,PENDING,NOT_STARTED,,9,284
Magnetocaloric effect and refrigeration performance in RE60Co20Ni20 (RE = Ho and Er) amorphous ribbons,10.1016/j.jmmm.2019.166179,2-s2.0-85076045251,85076045251,2020,2020-03-15,Journal of Magnetism and Magnetic Materials,03048853,,Article,,State Key Laboratory of Advanced Special Steel,87,False,https://api.elsevier.com/content/abstract/scopus_id/85076045251,scopus,PENDING,NOT_STARTED,,9,285
New nanosized Gd-Ho-Sm doped M-type strontium hexaferrite for water treatment application: Experimental and theoretical investigations,10.1039/d0ra04722h,2-s2.0-85087665298,85087665298,2020,2020-07-02,Rsc Advances,,,Article,,Ecole Normale Supérieure de Rabat,86,True,https://api.elsevier.com/content/abstract/scopus_id/85087665298,scopus,PENDING,NOT_STARTED,,9,286
Observation of Weyl fermions in a magnetic non-centrosymmetric crystal,10.1038/s41467-020-16879-1,2-s2.0-85087419657,85087419657,2020,2020-12-01,Nature Communications,,,Article,,Princeton University,85,True,https://api.elsevier.com/content/abstract/scopus_id/85087419657,scopus,PENDING,NOT_STARTED,,9,287
Magnetic properties and cryogenic magnetocaloric effect in antiferromagnetic Er2Co3Si5 compound,10.1016/j.ssc.2026.116397,2-s2.0-105032889985,105032889985,2026,2026-05-01,Solid State Communications,00381098,,Article,,Hangzhou Dianzi University,21,False,https://api.elsevier.com/content/abstract/scopus_id/105032889985,scopus,PENDING,NOT_STARTED,,8,288
"High Piezoelectricity and Strong Field Endurance in Pb(Zr,Ti)O3-Rich Textured Ceramics",10.1002/adfm.202515940,2-s2.0-105015207320,105015207320,2026,2026-02-05,Advanced Functional Materials,1616301X,,Article,,"Faculty of Electronic and Information Engineering, Xi'an Jiaotong University",14,False,https://api.elsevier.com/content/abstract/scopus_id/105015207320,scopus,PENDING,NOT_STARTED,,8,289
Dual Achievements of Piezoelectric Enhancement and Temperature Sensing in Bi4Ti3O12 Ceramics via Er3+ Doping,10.1002/adfm.202518029,2-s2.0-105020585945,105020585945,2026,2026-03-16,Advanced Functional Materials,1616301X,,Article,,Ningbo University,10,False,https://api.elsevier.com/content/abstract/scopus_id/105020585945,scopus,PENDING,NOT_STARTED,,8,290
"Grain size effect-induced evolution of relaxor state, domain structure, and polarization in Bi0.5Na0.5TiO3-based ceramics",10.1016/j.jeurceramsoc.2025.118103,2-s2.0-105025480592,105025480592,2026,2026-07-01,Journal of the European Ceramic Society,09552219,,Article,,Fuzhou University,6,False,https://api.elsevier.com/content/abstract/scopus_id/105025480592,scopus,PENDING,NOT_STARTED,,8,291
Synergistic multi-ion doping in BaTiO₃-based ceramics: Achieving high electrocaloric efficiency and wide temperature span for miniaturized cooling application,10.1016/j.jeurceramsoc.2025.117852,2-s2.0-105016866654,105016866654,2026,2026-02-01,Journal of the European Ceramic Society,09552219,,Article,,Southwest University,6,False,https://api.elsevier.com/content/abstract/scopus_id/105016866654,scopus,PENDING,NOT_STARTED,,8,292
"Enhanced energy harvesting performances in (K, Na)NbO3-based piezoceramics based on crystallographic texture",10.1016/j.jmst.2025.07.053,2-s2.0-105015297640,105015297640,2026,2026-05-20,Journal of Materials Science and Technology,10050302,,Article,,"School of Instrumentation Science and Engineering, Harbin Institute of Technology",5,False,https://api.elsevier.com/content/abstract/scopus_id/105015297640,scopus,PENDING,NOT_STARTED,,8,293
Synergistic optimization of structures and properties in NBT ceramics via heterovalent ion substitution at B-site,10.1111/jace.70347,2-s2.0-105020642965,105020642965,2026,2026-01-01,Journal of the American Ceramic Society,00027820,,Article,,Chengdu University,5,False,https://api.elsevier.com/content/abstract/scopus_id/105020642965,scopus,PENDING,NOT_STARTED,,8,294
Achieving exceptional high-power performance in PYN-PMnN-PZT ceramics via tailoring the phase structure,10.1016/j.jeurceramsoc.2025.118001,2-s2.0-105022072580,105022072580,2026,2026-05-01,Journal of the European Ceramic Society,09552219,,Article,,"Faculty of Electronic and Information Engineering, Xi'an Jiaotong University",4,False,https://api.elsevier.com/content/abstract/scopus_id/105022072580,scopus,PENDING,NOT_STARTED,,8,295
Concurrently enhanced piezoelectric properties and stability in textured PYN–PMN–PT ceramics for actuator applications,10.1111/jace.70464,2-s2.0-105024925113,105024925113,2026,2026-01-01,Journal of the American Ceramic Society,00027820,,Article,,"School of Instrumentation Science and Engineering, Harbin Institute of Technology",4,False,https://api.elsevier.com/content/abstract/scopus_id/105024925113,scopus,PENDING,NOT_STARTED,,8,296
Strategy-Induced Strong Exchange Interaction for Enhancing High-Temperature Magnetic Loss in High-Entropy Alloy Powders,10.1002/adfm.202507152,2-s2.0-105005214609,105005214609,2025,2025-10-29,Advanced Functional Materials,1616301X,,Article,,Dalian University of Technology,43,True,https://api.elsevier.com/content/abstract/scopus_id/105005214609,scopus,PENDING,NOT_STARTED,,8,297
High-Entropy High-Temperature High-Piezoelectricity Ceramics,10.1002/adma.202419134,2-s2.0-105004066396,105004066396,2025,2025-04-28,Advanced Materials,09359648,,Article,,University of Science and Technology Beijing; Hainan University,38,False,https://api.elsevier.com/content/abstract/scopus_id/105004066396,scopus,PENDING,NOT_STARTED,,8,298
Broad Temperature Plateau for High Piezoelectric Coefficient by Embedding PNRs in Singe-Phase KNN-Based Ceramics,10.1002/adfm.202414348,2-s2.0-85207367792,85207367792,2025,2025-01-22,Advanced Functional Materials,1616301X,,Article,,"Key Laboratory of Advanced Civil Engineering Materials, Ministry of Education",33,False,https://api.elsevier.com/content/abstract/scopus_id/85207367792,scopus,PENDING,NOT_STARTED,,8,299
Outstanding comprehensive piezoelectric properties in KNN-based ceramics via co-optimization of crystal structure and grain orientation,10.1016/j.actamat.2025.121378,2-s2.0-105012112090,105012112090,2025,2025-09-15,Acta Materialia,13596454,,Article,,"Key Laboratory of Advanced Civil Engineering Materials, Ministry of Education",21,False,https://api.elsevier.com/content/abstract/scopus_id/105012112090,scopus,PENDING,NOT_STARTED,,8,300
Dielectric Properties of Composite PZT Films with Distinct Phase-Transition Temperatures via Aerosol Deposition,10.3390/ma18071427,2-s2.0-105002330176,105002330176,2025,2025-04-01,Materials,,,Article,,Inha University,19,True,https://api.elsevier.com/content/abstract/scopus_id/105002330176,scopus,PENDING,NOT_STARTED,,8,301
Sensitivity Enhancement of SPR Sensor with Si/Perovskite heterostructure for Early Detection of Malaria,10.1007/s11468-025-02823-w,2-s2.0-85217773625,85217773625,2025,2025-09-01,Plasmonics,15571955,,Article,,Madan Mohan Malaviya University of Technology,18,False,https://api.elsevier.com/content/abstract/scopus_id/85217773625,scopus,PENDING,NOT_STARTED,,8,302
Unraveling Chiral Perovskite Spin-Light Emitting Diode Performance and Magneto-Chiroptical Properties Relationship Due to the Synergistic Effect,10.1002/adfm.202424619,2-s2.0-105000767716,105000767716,2025,2025-08-28,Advanced Functional Materials,1616301X,,Article,,"Beijing Jiaotong University; Key Laboratory of Luminescence and Optical Information, Ministry of Education",18,False,https://api.elsevier.com/content/abstract/scopus_id/105000767716,scopus,PENDING,NOT_STARTED,,8,303
Doping-control of excitons and magnetism in few-layer CrSBr,10.1038/s41467-024-49048-9,2-s2.0-85195002670,85195002670,2024,2024-12-01,Nature Communications,,,Article,,Ludwig-Maximilians-Universität München; Munich Center for Quantum Science and Technology (MCQST),57,True,https://api.elsevier.com/content/abstract/scopus_id/85195002670,scopus,PENDING,NOT_STARTED,,8,304
Achieving Strong Circularly Polarized Luminescence through Cascade Cationic Insertion in Lead-free Hybrid Metal Halides,10.1002/anie.202400769,2-s2.0-85190823819,85190823819,2024,2024-05-21,Angewandte Chemie International Edition,14337851,,Article,,Lanzhou University,56,True,https://api.elsevier.com/content/abstract/scopus_id/85190823819,scopus,PENDING,NOT_STARTED,,8,305
Robust ferromagnetism in wafer-scale Fe3GaTe2 above room-temperature,10.1038/s41467-024-54936-1,2-s2.0-85213800034,85213800034,2024,2024-12-01,Nature Communications,,,Article,,Sun Yat-Sen University,56,True,https://api.elsevier.com/content/abstract/scopus_id/85213800034,scopus,PENDING,NOT_STARTED,,8,306
"Structural, thermodynamic, and magnetic properties of SrFe12O19 hexaferrite modified by co-substitution of Cu and Gd",10.1039/d3ra08878b,2-s2.0-85187215018,85187215018,2024,2024-03-01,Rsc Advances,,,Article,,University of Rajshahi,46,True,https://api.elsevier.com/content/abstract/scopus_id/85187215018,scopus,PENDING,NOT_STARTED,,8,307
Magnetic and magnetocaloric properties of Dy1−xErxNi2 solid solutions and their promise for hydrogen liquefaction,10.1039/d4tc02247e,2-s2.0-85201662358,85201662358,2024,2024-08-15,Journal of Materials Chemistry C,20507526,,Article,,Instytut Niskich Temperatur i Badań Strukturalnych PAN,44,False,https://api.elsevier.com/content/abstract/scopus_id/85201662358,scopus,PENDING,NOT_STARTED,,8,308
An isotropic zero thermal expansion alloy with super-high toughness,10.1038/s41467-024-46613-0,2-s2.0-85187699092,85187699092,2024,2024-12-01,Nature Communications,,,Article,,University of Science and Technology Beijing,43,True,https://api.elsevier.com/content/abstract/scopus_id/85187699092,scopus,PENDING,NOT_STARTED,,8,309
Enhancing Chiroptical Responses in Helical Nanographenes via Geometric Engineering of Double [7]Helicenes,10.1002/anie.202319874,2-s2.0-85188916641,85188916641,2024,2024-05-06,Angewandte Chemie International Edition,14337851,,Article,,Max Planck Institute of Microstructure Physics; Center for Advancing Electronics Dresden,41,True,https://api.elsevier.com/content/abstract/scopus_id/85188916641,scopus,PENDING,NOT_STARTED,,8,310
Effects of heterovalent ions doping-induced oxygen octahedral distortion and defect chemical change on piezoelectric characteristics and thermal stability of PHT-PIN ceramics,10.1016/j.cej.2024.150145,2-s2.0-85187700927,85187700927,2024,2024-04-01,Chemical Engineering Journal,13858947,,Article,,"School of Advanced Materials and Nanotechnology, Xidian University; Shaanxi Key Laboratory of High-Orbits-Electron Materials and Protection Technology for Aerospace",35,False,https://api.elsevier.com/content/abstract/scopus_id/85187700927,scopus,PENDING,NOT_STARTED,,8,311
"Oxygen vacancies and electrical properties of different valence ions (W6+, Nb5+, Zr4+, Cr3+) doped Bi4Ti3O12 ceramics",10.1016/j.ceramint.2023.10.346,2-s2.0-85176237498,85176237498,2024,2024-01-15,Ceramics International,02728842,,Article,,Gui Zhou University,35,False,https://api.elsevier.com/content/abstract/scopus_id/85176237498,scopus,PENDING,NOT_STARTED,,8,312
Achieving ultrahigh electromechanical properties with high TC in PNN-PZT textured ceramics,10.1016/j.jmst.2023.08.017,2-s2.0-85171587935,85171587935,2024,2024-03-10,Journal of Materials Science and Technology,10050302,,Article,,"School of Instrumentation Science and Engineering, Harbin Institute of Technology",34,False,https://api.elsevier.com/content/abstract/scopus_id/85171587935,scopus,PENDING,NOT_STARTED,,8,313
Effect of rare earth doping on magnetic and dielectric properties of NiZnMn ferrites,10.1016/j.jallcom.2022.167777,2-s2.0-85141946098,85141946098,2023,2023-02-15,Journal of Alloys and Compounds,09258388,,Article,,Civil Aviation University of China,60,False,https://api.elsevier.com/content/abstract/scopus_id/85141946098,scopus,PENDING,NOT_STARTED,,8,314
Observation of interplay between phonon chirality and electronic band topology,10.1126/sciadv.adj4074,2-s2.0-85179896790,85179896790,2023,2023-12-01,Science Advances,,,Article,,Universidade de São Paulo,56,True,https://api.elsevier.com/content/abstract/scopus_id/85179896790,scopus,PENDING,NOT_STARTED,,8,315
Giant low-field magnetocaloric effect in ferromagnetically ordered Er1–xTmxAl2 (0 ≤ x ≤ 1) compounds,10.1016/j.jmst.2022.10.066,2-s2.0-85144825824,85144825824,2023,2023-05-20,Journal of Materials Science and Technology,10050302,,Article,,University of Science and Technology Beijing; Institute of Physics Chinese Academy of Sciences,54,False,https://api.elsevier.com/content/abstract/scopus_id/85144825824,scopus,PENDING,NOT_STARTED,,8,316
From Stoner to local moment magnetism in atomically thin Cr2Te3,10.1038/s41467-023-40997-1,2-s2.0-85169515530,85169515530,2023,2023-12-01,Nature Communications,,,Article,,"Stanford University; SLAC National Accelerator Laboratory; Advanced Light Source, Berkeley",52,True,https://api.elsevier.com/content/abstract/scopus_id/85169515530,scopus,PENDING,NOT_STARTED,,8,317
Strain-tunable skyrmions in two-dimensional monolayer Janus magnets,10.1039/d2nr06870b,2-s2.0-85151563899,85151563899,2023,2023-03-13,Nanoscale,20403364,,Article,,University of Jinan,51,True,https://api.elsevier.com/content/abstract/scopus_id/85151563899,scopus,PENDING,NOT_STARTED,,8,318
Widely Tunable Berry Curvature in the Magnetic Semimetal Cr1+δTe2,10.1002/adma.202207121,2-s2.0-85147997744,85147997744,2023,2023-03-23,Advanced Materials,09359648,,Article,,Okinawa Institute of Science and Technology Graduate University,47,True,https://api.elsevier.com/content/abstract/scopus_id/85147997744,scopus,PENDING,NOT_STARTED,,8,319
"Structural, optical, electrical, dielectric, molecular vibrational and magnetic properties of La3+ doped Mg–Cd–Cu ferrites prepared by Co-precipitation technique",10.1016/j.ceramint.2022.01.313,2-s2.0-85124751182,85124751182,2022,2022-05-15,Ceramics International,02728842,,Article,,Government College University Faisalabad,99,False,https://api.elsevier.com/content/abstract/scopus_id/85124751182,scopus,PENDING,NOT_STARTED,,8,320
Superior Piezoelectricity in Bismuth Titanate-Based Lead-Free High-Temperature Piezoceramics via Domain Engineering,10.1002/aelm.202101266,2-s2.0-85125917797,85125917797,2022,2022-07-01,Advanced Electronic Materials,,,Article,,"Shanghai Institute of Ceramics, Chinese Academy of Sciences",59,False,https://api.elsevier.com/content/abstract/scopus_id/85125917797,scopus,PENDING,NOT_STARTED,,8,321
A simple Bi3+ self-doping strategy constructing pseudo-tetragonal phase boundary to enhance electrical properties in CaBi2Nb2O9 high-temperature piezoceramics,10.1016/j.jeurceramsoc.2022.01.025,2-s2.0-85123716363,85123716363,2022,2022-06-01,Journal of the European Ceramic Society,09552219,,Article,,"University of Chinese Academy of Sciences; Shanghai Institute of Ceramics, Chinese Academy of Sciences",58,False,https://api.elsevier.com/content/abstract/scopus_id/85123716363,scopus,PENDING,NOT_STARTED,,8,322
"Two-Dimensional Janus FeXY (X, y = Cl, Br, and I, X ≠ Y) Monolayers: Half-Metallic Ferromagnets with Tunable Magnetic Properties under Strain",10.1021/acsami.1c10304,2-s2.0-85113791632,85113791632,2021,2021-08-18,ACS Applied Materials and Interfaces,19448244,,Article,,Tianjin University,138,False,https://api.elsevier.com/content/abstract/scopus_id/85113791632,scopus,PENDING,NOT_STARTED,,8,323
Triaxial magnetic anisotropy in the two-dimensional ferromagnetic semiconductor CrSBr,10.1103/physrevb.104.144416,2-s2.0-85118488728,85118488728,2021,2021-10-01,Physical Review B,24699950,,Article,,Fudan University; University of Shanghai for Science and Technology,137,False,https://api.elsevier.com/content/abstract/scopus_id/85118488728,scopus,PENDING,NOT_STARTED,,8,324
Room Temperature Ferromagnetism of Monolayer Chromium Telluride with Perpendicular Magnetic Anisotropy,10.1002/adma.202103360,2-s2.0-85114087749,85114087749,2021,2021-10-01,Advanced Materials,09359648,,Article,,National University of Singapore; NUS Graduate School,133,False,https://api.elsevier.com/content/abstract/scopus_id/85114087749,scopus,PENDING,NOT_STARTED,,8,325
Investigation on the thermal expansion behavior of FeCoNi and Fe30Co30Ni30Cr10-xMnx high entropy alloys,10.1016/j.matchemphys.2021.124907,2-s2.0-85109440482,85109440482,2021,2021-10-01,Materials Chemistry and Physics,02540584,,Article,,National Tsing Hua University; National Institute for Materials Science,66,True,https://api.elsevier.com/content/abstract/scopus_id/85109440482,scopus,PENDING,NOT_STARTED,,8,326
Giant anomalous Nernst effect in the magnetic Weyl semimetal Co3Sn2 S2,10.1103/physrevmaterials.4.024202,2-s2.0-85082694039,85082694039,2020,2020-02-10,Physical Review Materials,,,Article,,Hangzhou Normal University,138,False,https://api.elsevier.com/content/abstract/scopus_id/85082694039,scopus,PENDING,NOT_STARTED,,8,327
A novel ultrafine-grained high entropy alloy with excellent combination of mechanical and soft magnetic properties,10.1016/j.jmmm.2020.166513,2-s2.0-85078659577,85078659577,2020,2020-05-15,Journal of Magnetism and Magnetic Materials,03048853,,Article,,School of Materials Science and Engineering,132,False,https://api.elsevier.com/content/abstract/scopus_id/85078659577,scopus,PENDING,NOT_STARTED,,8,328
Antiferromagnetic topological insulator MnBi2Te4: Synthesis and magnetic properties,10.1039/c9cp05634c,2-s2.0-85077402401,85077402401,2020,2020-01-01,Physical Chemistry Chemical Physics,14639076,,Article,,Tsinghua University,129,False,https://api.elsevier.com/content/abstract/scopus_id/85077402401,scopus,PENDING,NOT_STARTED,,8,329
Solution Synthesis of Layered van der Waals (vdW) Ferromagnetic CrGeTe3Nanosheets from a Non-vdW Cr2Te3Template,10.1021/jacs.9b13492,2-s2.0-85080876159,85080876159,2020,2020-03-04,Journal of the American Chemical Society,00027863,,Article,,Shanxi Normal University,129,False,https://api.elsevier.com/content/abstract/scopus_id/85080876159,scopus,PENDING,NOT_STARTED,,8,330
"Zero thermal expansion and magnetocaloric effect in B doped Fe2(Hf,Ta) Laves phase compounds",10.1016/j.actamat.2025.121687,2-s2.0-105020934885,105020934885,2026,2026-01-01,Acta Materialia,13596454,,Article,,Hangzhou Dianzi University,19,False,https://api.elsevier.com/content/abstract/scopus_id/105020934885,scopus,PENDING,NOT_STARTED,,7,331
Magnetic and magnetocaloric properties in hexagonal parent LaMnO3,10.1007/s10854-026-17217-9,2-s2.0-105036207638,105036207638,2026,2026-04-01,Journal of Materials Science Materials in Electronics,09574522,,Article,,Hangzhou Dianzi University,15,False,https://api.elsevier.com/content/abstract/scopus_id/105036207638,scopus,PENDING,NOT_STARTED,,7,332
Tunable magnetoelastic transition and enhanced magnetocaloric response in Hf0.82Ta0.18Fe2 Laves phase alloys by Fe(6h)-site manipulation,10.1016/j.jmst.2025.08.015,2-s2.0-105015416348,105015416348,2026,2026-05-20,Journal of Materials Science and Technology,10050302,,Article,,Delft University of Technology; Hangzhou Dianzi University,13,False,https://api.elsevier.com/content/abstract/scopus_id/105015416348,scopus,PENDING,NOT_STARTED,,7,333
Dual-functional Cr3+-doped InP quantum dots with pure blue emission and room-temperature ferromagnetism,10.1016/j.apmate.2026.100393,2-s2.0-105027734065,105027734065,2026,2026-08-01,Advanced Powder Materials,,,Article,,Fudan University,11,True,https://api.elsevier.com/content/abstract/scopus_id/105027734065,scopus,PENDING,NOT_STARTED,,7,334
Nature of 2D XY antiferromagnetism in a van der Waals monolayer,10.1038/s41467-025-66672-1,2-s2.0-105026462797,105026462797,2026,2026-12-01,Nature Communications,,,Article,,Université de Genève,8,True,https://api.elsevier.com/content/abstract/scopus_id/105026462797,scopus,PENDING,NOT_STARTED,,7,335
Polaris: from laboratory prototypes to market-ready sustainable magnetic beverage coolers,10.1016/j.applthermaleng.2025.129144,2-s2.0-105021933631,105021933631,2026,2026-01-30,Applied Thermal Engineering,13594311,,Article,,HZDR - Helmholtz-Zentrum Dresden-Rossendorf; MAGNOTHERM Solutions GmbH,5,True,https://api.elsevier.com/content/abstract/scopus_id/105021933631,scopus,PENDING,NOT_STARTED,,7,336
Room-Temperature Ferromagnetism in an Iron-Based Zeolitic Imidazolate Framework Glass,10.1002/advs.202516465,2-s2.0-105019711481,105019711481,2026,2026-01-14,Advanced Science,,,Article,,State Key Laboratory of Silicate Materials for Architectures,5,True,https://api.elsevier.com/content/abstract/scopus_id/105019711481,scopus,PENDING,NOT_STARTED,,7,337
Self-buffered epitaxy of barium titanate on oxide insulators enables high-performance electro-optic modulators,10.1038/s41377-025-02081-9,2-s2.0-105026444775,105026444775,2026,2026-12-01,Light Science and Applications,20955545,,Article,,Tsinghua University,5,True,https://api.elsevier.com/content/abstract/scopus_id/105026444775,scopus,PENDING,NOT_STARTED,,7,338
Tailoring Si/Mn ratio to optimize magnetocaloric performance of FeCoNi-based high-entropy alloys,10.1016/j.intermet.2025.109024,2-s2.0-105019296593,105019296593,2026,2026-01-01,Intermetallics,09669795,,Article,,Jiangsu University of Science and Technology,5,False,https://api.elsevier.com/content/abstract/scopus_id/105019296593,scopus,PENDING,NOT_STARTED,,7,339
"Tailoring structure, morphology, composition, and magnetism by Ag addition to CoCrFeMnNi-Agx (x = 0; 1; 2.5; 5.5 at. %) high-entropy alloy powders prepared by high-energy ball milling",10.1016/j.actamat.2025.121717,2-s2.0-105022079590,105022079590,2026,2026-01-15,Acta Materialia,13596454,,Article,,Universität Duisburg-Essen,5,True,https://api.elsevier.com/content/abstract/scopus_id/105022079590,scopus,PENDING,NOT_STARTED,,7,340
"The magnetocaloric properties of Gd36RE20Ni20Al24 (RE = Dy, Ho, Er) amorphous high-entropy alloys for hydrogen liquefaction application",10.1016/j.jnoncrysol.2025.123838,2-s2.0-105020676508,105020676508,2026,2026-01-01,Journal of Non Crystalline Solids,00223093,,Article,,"Ningbo University; Ningbo Institute of Industrial Technology, Chinese Academy of Sciences",5,False,https://api.elsevier.com/content/abstract/scopus_id/105020676508,scopus,PENDING,NOT_STARTED,,7,341
Doping-induced magnetic phase transition enables all-electrical spin control in CrSBr,10.1038/s41467-025-67561-3,2-s2.0-105028426031,105028426031,2026,2026-12-01,Nature Communications,,,Article,,Fudan University,4,True,https://api.elsevier.com/content/abstract/scopus_id/105028426031,scopus,PENDING,NOT_STARTED,,7,342
Optimizing magnetic and electrical properties of MnZn ferrites via spatially engineered Ni distribution,10.26599/jac.2026.9221240,2-s2.0-105030863630,105030863630,2026,2026-02-01,Journal of Advanced Ceramics,22264108,,Article,,University of Electronic Science and Technology of China,4,True,https://api.elsevier.com/content/abstract/scopus_id/105030863630,scopus,PENDING,NOT_STARTED,,7,343
Role of Fe and Co addition in the phase stabilization and magnetic properties of Ni-Mn-Ga magnetic shape memory alloys,10.1016/j.jallcom.2026.186643,2-s2.0-105029698673,105029698673,2026,2026-03-05,Journal of Alloys and Compounds,09258388,,Article,,Universidad del Pais Vasco,4,True,https://api.elsevier.com/content/abstract/scopus_id/105029698673,scopus,PENDING,NOT_STARTED,,7,344
Investigation of giant inverse magnetocaloric effect in Ni47Mn40Sn13 for cooling technology,10.1007/s00339-026-09456-8,2-s2.0-105033337625,105033337625,2026,2026-04-01,Applied Physics A Materials Science and Processing,09478396,,Article,,Alexandria Higher Institute of Engineering and Technology,3,False,https://api.elsevier.com/content/abstract/scopus_id/105033337625,scopus,PENDING,NOT_STARTED,,7,345
Effect of Hubbard U-corrections on the electronic and magnetic properties of 2D materials: a high-throughput study,10.1038/s41524-024-01503-3,2-s2.0-85217746770,85217746770,2025,2025-12-01,Npj Computational Materials,,,Article,,Technical University of Denmark,35,True,https://api.elsevier.com/content/abstract/scopus_id/85217746770,scopus,PENDING,NOT_STARTED,,7,346
"Effect of high energy ball milling, heat treatment and spark plasma sintering on structure, composition, thermal stability and magnetism in CoCrFeNiGax (x = 0.5; 1) high entropy alloys",10.1016/j.actamat.2024.120569,2-s2.0-85210129332,85210129332,2025,2025-01-01,Acta Materialia,13596454,,Article,,Universität Duisburg-Essen,32,True,https://api.elsevier.com/content/abstract/scopus_id/85210129332,scopus,PENDING,NOT_STARTED,,7,347
"Recent advances on nano-enhanced phase change materials (NEPCMs) for photovoltaic thermal management and role of machine learning: A review of fundamentals, preparation, characterization, and thermo-physical properties",10.1016/j.est.2025.116544,2-s2.0-105004189183,105004189183,2025,2025-07-15,Journal of Energy Storage,,,Article,,King Fahd University of Petroleum and Minerals,32,True,https://api.elsevier.com/content/abstract/scopus_id/105004189183,scopus,PENDING,NOT_STARTED,,7,348
Magnetic properties and magnetocaloric responses in the Gd60Al20Cu20 amorphous ribbon,10.1016/j.jnoncrysol.2025.123526,2-s2.0-105001994394,105001994394,2025,2025-06-15,Journal of Non Crystalline Solids,00223093,,Article,,Hangzhou Dianzi University,28,False,https://api.elsevier.com/content/abstract/scopus_id/105001994394,scopus,PENDING,NOT_STARTED,,7,349
"Semiconducting ferromagnetism and thermoelectric performance of Rb2GeMI6 (M = V, Ni, Mn): a computational perspective",10.1039/d4ma01091d,2-s2.0-105001081420,105001081420,2025,2025-03-04,Materials Advances,,,Article,,Jamia Millia Islamia,27,True,https://api.elsevier.com/content/abstract/scopus_id/105001081420,scopus,PENDING,NOT_STARTED,,7,350
Magnetocaloric Effect in the Full-Heusler Alloy Ga2MnNi for Magnetic Refrigeration: A First-Principles and Monte Carlo Study,10.1002/pssr.202400294,2-s2.0-85209814203,85209814203,2025,2025-03-01,Physica Status Solidi Rapid Research Letters,18626254,,Article,,Université Moulay Ismaïl,25,False,https://api.elsevier.com/content/abstract/scopus_id/85209814203,scopus,PENDING,NOT_STARTED,,7,351
Accurate prediction of magnetocaloric effect in NiMn-based Heusler alloys by prioritizing phase transitions through explainable machine learning,10.1007/s12598-024-02953-w,2-s2.0-85202628238,85202628238,2025,2025-01-01,Rare Metals,10010521,,Article,,"School of Physics, Xi'an Jiaotong University",22,False,https://api.elsevier.com/content/abstract/scopus_id/85202628238,scopus,PENDING,NOT_STARTED,,7,352
Non-volatile electric-field control of room-temperature ferromagnetism in Fe3GaTe2 heterostructures,10.1038/s41467-025-62159-1,2-s2.0-105011353510,105011353510,2025,2025-12-01,Nature Communications,,,Article,,Wuhan University,21,True,https://api.elsevier.com/content/abstract/scopus_id/105011353510,scopus,PENDING,NOT_STARTED,,7,353
Orbital torque switching of room temperature two-dimensional van der Waals ferromagnet Fe3GaTe2,10.1038/s41467-025-62333-5,2-s2.0-105012288807,105012288807,2025,2025-12-01,Nature Communications,,,Article,,Tiangong University,21,True,https://api.elsevier.com/content/abstract/scopus_id/105012288807,scopus,PENDING,NOT_STARTED,,7,354
Inherent Circular Dichroism of Phonons in Magnetic Weyl Semimetal Co3Sn2 S2,10.1103/physrevlett.134.196905,2-s2.0-105005538089,105005538089,2025,2025-05-16,Physical Review Letters,00319007,,Article,,Southeast University; Universität Stuttgart,20,True,https://api.elsevier.com/content/abstract/scopus_id/105005538089,scopus,PENDING,NOT_STARTED,,7,355
Ultra-Stable Thermal Piezoelectricity up to 200 °C in High-Performance KNN-Based Textured Piezoceramics,10.1002/adfm.202507702,2-s2.0-105006912374,105006912374,2025,2025-11-12,Advanced Functional Materials,1616301X,,Article,,"Key Laboratory of Advanced Civil Engineering Materials, Ministry of Education",19,False,https://api.elsevier.com/content/abstract/scopus_id/105006912374,scopus,PENDING,NOT_STARTED,,7,356
"Exploring the impact of rare-earth (La3+) ions doping on structural, magnetic, and dielectric properties of Co0.50Ni0.50LaxFe2-xO4 nano‑spinel ferrite",10.1016/j.jallcom.2024.173708,2-s2.0-85184061052,85184061052,2024,2024-04-25,Journal of Alloys and Compounds,09258388,,Article,,SRM Group Of Educational Institutions,47,False,https://api.elsevier.com/content/abstract/scopus_id/85184061052,scopus,PENDING,NOT_STARTED,,7,357
A one-step fabrication of soft-magnetic high entropy alloy fiber with excellent strength and flexibility,10.1038/s41467-024-54984-7,2-s2.0-85211334087,85211334087,2024,2024-12-01,Nature Communications,,,Article,,"Ningbo Institute of Industrial Technology, Chinese Academy of Sciences; State Key Laboratory for GeoMechanics and Deep Underground Engineering",39,True,https://api.elsevier.com/content/abstract/scopus_id/85211334087,scopus,PENDING,NOT_STARTED,,7,358
Highly Luminescent Chiral Double π-Helical Nanoribbons,10.1021/jacs.3c11942,2-s2.0-85185802243,85185802243,2024,2024-02-28,Journal of the American Chemical Society,00027863,,Article,,MOE Key Laboratory of Organic Optoelectronics & Molecular Engineering,38,True,https://api.elsevier.com/content/abstract/scopus_id/85185802243,scopus,PENDING,NOT_STARTED,,7,359
Ferromagnetism on an atom-thick & extended 2D metal-organic coordination network,10.1038/s41467-024-46115-z,2-s2.0-85186333112,85186333112,2024,2024-12-01,Nature Communications,,,Article,,Universidad de Zaragoza,37,True,https://api.elsevier.com/content/abstract/scopus_id/85186333112,scopus,PENDING,NOT_STARTED,,7,360
"First principle study of scandium-based novel ternary half Heusler ScXGe (X = Mn and Fe) alloys: insight into the spin-polarized structural, electronic, and magnetic properties",10.1039/d4ra00811a,2-s2.0-85191329194,85191329194,2024,2024-04-25,Rsc Advances,,,Article,,Women University of Azad Jammu & kashmir Bagh,36,True,https://api.elsevier.com/content/abstract/scopus_id/85191329194,scopus,PENDING,NOT_STARTED,,7,361
Theoretical investigation of magnetic and magnetocaloric properties of the half-Heusler alloy MnCoBi for magnetic refrigeration applications,10.1016/j.physleta.2024.130007,2-s2.0-85207351904,85207351904,2024,2024-12-15,Physics Letters Section A General Atomic and Solid State Physics,03759601,,Article,,Université Sultan Moulay Slimane; Faculté des Sciences d'El Jadida,36,False,https://api.elsevier.com/content/abstract/scopus_id/85207351904,scopus,PENDING,NOT_STARTED,,7,362
Observation of stacking engineered magnetic phase transitions within moiré supercells of twisted van der Waals magnets,10.1038/s41467-024-49942-2,2-s2.0-85197702866,85197702866,2024,2024-12-01,Nature Communications,,,Article,,Georgia Institute of Technology,35,True,https://api.elsevier.com/content/abstract/scopus_id/85197702866,scopus,PENDING,NOT_STARTED,,7,363
Synthesis and chiral resolution of a triply twisted Möbius carbon nanobelt,10.1038/s44160-023-00317-3,2-s2.0-85169916409,85169916409,2023,2023-09-01,Nature Synthesis,,,Article,,National University of Singapore,89,False,https://api.elsevier.com/content/abstract/scopus_id/85169916409,scopus,PENDING,NOT_STARTED,,7,364
Room-Temperature Magnetic Skyrmions and Large Topological Hall Effect in Chromium Telluride Engineered by Self-Intercalation,10.1002/adma.202205967,2-s2.0-85142255940,85142255940,2023,2023-01-05,Advanced Materials,09359648,,Article,,King Abdullah University of Science and Technology,88,False,https://api.elsevier.com/content/abstract/scopus_id/85142255940,scopus,PENDING,NOT_STARTED,,7,365
Physical properties of monolayer Mn(BiTeS)2 and its applications in sub-3 nm spintronic devices,10.1103/physrevb.108.184413,2-s2.0-85177987268,85177987268,2023,2023-11-01,Physical Review B,24699950,,Article,,Changsha University of Science and Technology,80,False,https://api.elsevier.com/content/abstract/scopus_id/85177987268,scopus,PENDING,NOT_STARTED,,7,366
Ultrahigh energy-storage capacity achieved in (Bi0.5Na0.5)TiO3-based high-entropy dielectric capacitors with linear-like polarization response,10.1016/j.cej.2023.145506,2-s2.0-85168789132,85168789132,2023,2023-10-15,Chemical Engineering Journal,13858947,,Article,,"School of Materials Science and Engineering, Xi'an Jiaotong University",55,False,https://api.elsevier.com/content/abstract/scopus_id/85168789132,scopus,PENDING,NOT_STARTED,,7,367
Monolayer CeI2: An intrinsic room-temperature ferrovalley semiconductor,10.1103/physrevb.105.075304,2-s2.0-85125177547,85125177547,2022,2022-02-15,Physical Review B,24699950,,Article,,Southwest University,119,False,https://api.elsevier.com/content/abstract/scopus_id/85125177547,scopus,PENDING,NOT_STARTED,,7,368
Vacancy-engineered half-metallicity and magnetic anisotropy in CrSI semiconductor monolayer,10.1016/j.jallcom.2022.164797,2-s2.0-85127501679,85127501679,2022,2022-07-15,Journal of Alloys and Compounds,09258388,,Article,,Northwestern Polytechnical University,106,False,https://api.elsevier.com/content/abstract/scopus_id/85127501679,scopus,PENDING,NOT_STARTED,,7,369
Heat transfer analysis in three-dimensional unsteady magnetic fluid flow of water-based ternary hybrid nanofluid conveying three various shaped nanoparticles: A comparative study,10.1142/s0217979222501703,2-s2.0-85135454854,85135454854,2022,2022-10-10,International Journal of Modern Physics B,02179792,,Article,,Davangere University,105,False,https://api.elsevier.com/content/abstract/scopus_id/85135454854,scopus,PENDING,NOT_STARTED,,7,370
Prediction of the two-dimensional Janus ferrovalley material LaBrI,10.1103/physrevb.104.035430,2-s2.0-85111638513,85111638513,2021,2021-07-15,Physical Review B,24699950,,Article,,"Trinity College Dublin; Jiangsu Normal University; Institute of Solid State Physics, Chinese Academy of Sciences",106,False,https://api.elsevier.com/content/abstract/scopus_id/85111638513,scopus,PENDING,NOT_STARTED,,7,371
Room temperature spontaneous valley polarization in two-dimensional FeClBr monolayer,10.1039/d1nr04063d,2-s2.0-85115654685,85115654685,2021,2021-09-21,Nanoscale,20403364,,Article,,Tianjin University,101,False,https://api.elsevier.com/content/abstract/scopus_id/85115654685,scopus,PENDING,NOT_STARTED,,7,372
"Evolution of phases, hardness and magnetic properties of AlCoCrFeNi high entropy alloy processed by mechanical alloying",10.1016/j.jallcom.2020.154826,2-s2.0-85082515625,85082515625,2020,2020-08-15,Journal of Alloys and Compounds,09258388,,Article,,Indian Institute of Technology (BHU) Varanasi,117,False,https://api.elsevier.com/content/abstract/scopus_id/85082515625,scopus,PENDING,NOT_STARTED,,7,373
Tuning magnetic order in the van der Waals metal Fe5GeTe2 by cobalt substitution,10.1103/physrevmaterials.4.074008,2-s2.0-85092932373,85092932373,2020,2020-07-01,Physical Review Materials,,,Article,,Oak Ridge National Laboratory,112,False,https://api.elsevier.com/content/abstract/scopus_id/85092932373,scopus,PENDING,NOT_STARTED,,7,374
Hard and semi-hard magnetic materials based on cobalt and cobalt alloys,10.1016/j.jallcom.2020.153874,2-s2.0-85078308548,85078308548,2020,2020-05-25,Journal of Alloys and Compounds,09258388,,Article,,The University of Texas at Arlington,108,False,https://api.elsevier.com/content/abstract/scopus_id/85078308548,scopus,PENDING,NOT_STARTED,,7,375
Tunable magnetic properties in van der Waals crystals (Fe1-x Cox )5GeTe2,10.1063/5.0006337,2-s2.0-85089396460,85089396460,2020,2020-05-18,Applied Physics Letters,00036951,,Article,,School of Physics,108,False,https://api.elsevier.com/content/abstract/scopus_id/85089396460,scopus,PENDING,NOT_STARTED,,7,376
"Effect of doping different rare earth ions on microstructural, optical, and magnetic properties of nickel–cobalt ferrite nanoparticles",10.1007/s10854-019-02546-9,2-s2.0-85076111101,85076111101,2020,2020-01-01,Journal of Materials Science Materials in Electronics,09574522,,Article,,"Aryabhatta Knowledge University, Patna",105,False,https://api.elsevier.com/content/abstract/scopus_id/85076111101,scopus,PENDING,NOT_STARTED,,7,377
Coexistence of Magnetic Orders in Two-Dimensional Magnet CrI3,10.1021/acs.nanolett.9b04282,2-s2.0-85076249014,85076249014,2020,2020-01-08,Nano Letters,15306984,,Article,,"Nanjing University; University of California, Riverside",104,False,https://api.elsevier.com/content/abstract/scopus_id/85076249014,scopus,PENDING,NOT_STARTED,,7,378
Light-Tunable Ferromagnetism in Atomically Thin Fe3GeTe2 Driven by Femtosecond Laser Pulse,10.1103/physrevlett.125.267205,2-s2.0-85099131186,85099131186,2020,2020-12-31,Physical Review Letters,00319007,,Article,,Nanjing University,102,False,https://api.elsevier.com/content/abstract/scopus_id/85099131186,scopus,PENDING,NOT_STARTED,,7,379
In-Plane Magnetic Domains and Neél-like Domain Walls in Thin Flakes of the Room Temperature CrTe2Van der Waals Ferromagnet,10.1021/acsami.0c07017,2-s2.0-85088207907,85088207907,2020,2020-07-08,ACS Applied Materials and Interfaces,19448244,,Article,,Université Grenoble Alpes,100,False,https://api.elsevier.com/content/abstract/scopus_id/85088207907,scopus,PENDING,NOT_STARTED,,7,380
"Investigation of structural, electronic, magnetic and mechanical properties of a new series of equiatomic quaternary Heusler alloys CoYCrZ (Z = Si, Ge, Ga, Al): A DFT study",10.1016/j.jallcom.2019.152964,2-s2.0-85075354339,85075354339,2020,2020-04-05,Journal of Alloys and Compounds,09258388,,Article,,University of Gujrat,100,False,https://api.elsevier.com/content/abstract/scopus_id/85075354339,scopus,PENDING,NOT_STARTED,,7,381
Dielectric relaxation and hydration study of aqueous cellulose derivative using time domain reflectometry (TDR),10.1080/00387010.2025.2504537,2-s2.0-105005414896,105005414896,2026,2026-01-01,Spectroscopy Letters,00387010,,Article,,Late Bhimrao Chavhan Arts and Science College,5,False,https://api.elsevier.com/content/abstract/scopus_id/105005414896,scopus,PENDING,NOT_STARTED,,6,382
Exploring the Role of the Nephelauxetic Effect in Circularly Polarized Luminescence of Chiral Chromium(III) Complexes,10.1021/jacs.5c06196,2-s2.0-105009110568,105009110568,2025,2025-07-09,Journal of the American Chemical Society,00027863,,Article,,Université de Genève,18,True,https://api.elsevier.com/content/abstract/scopus_id/105009110568,scopus,PENDING,NOT_STARTED,,6,383
"Chemical synthesis of NdxCo1−xFe2O4 hybrid nanoparticles for permanent magnet applications: structural, magnetic and electrical properties",10.1039/d5na00197h,2-s2.0-105004074447,105004074447,2025,2025-03-18,Nanoscale Advances,,,Article,,Jazan University,17,True,https://api.elsevier.com/content/abstract/scopus_id/105004074447,scopus,PENDING,NOT_STARTED,,6,384
Machine learning enabled accurate prediction of structural and magnetic properties of cobalt ferrite,10.1038/s41524-025-01598-2,2-s2.0-105003290826,105003290826,2025,2025-12-01,Npj Computational Materials,,,Article,,Swanson School of Engineering,17,True,https://api.elsevier.com/content/abstract/scopus_id/105003290826,scopus,PENDING,NOT_STARTED,,6,385
Effect of rare earth (Ho and Er) co-substitution on the magnetic and dielectric properties of nanocrystalline cobalt ferrites,10.1016/j.ceramint.2024.05.397,2-s2.0-85194391116,85194391116,2024,2024-09-01,Ceramics International,02728842,,Article,,National Institute of Technology Meghalaya,38,False,https://api.elsevier.com/content/abstract/scopus_id/85194391116,scopus,PENDING,NOT_STARTED,,6,386
Efficient electromagnetic wave absorption of polypyrrole/low-reduction graphene oxide composites through dielectric properties modulation,10.1016/j.compscitech.2024.110436,2-s2.0-85183452751,85183452751,2024,2024-03-22,Composites Science and Technology,02663538,,Article,,College of Polymer Science and Engineering,34,False,https://api.elsevier.com/content/abstract/scopus_id/85183452751,scopus,PENDING,NOT_STARTED,,6,387
Smectic pair-density-wave order in EuRbFe4As4,10.1038/s41586-023-06103-7,2-s2.0-85163577995,85163577995,2023,2023-06-29,Nature,00280836,,Article,,Brookhaven National Laboratory Condensed Matter Physics and Materials Science Department,68,False,https://api.elsevier.com/content/abstract/scopus_id/85163577995,scopus,PENDING,NOT_STARTED,,6,388
Chiral Spectroscopy of Nanostructures,10.1021/acs.accounts.2c00756,2-s2.0-85162876918,85162876918,2023,2023-06-20,Accounts of Chemical Research,00014842,,Article,,Korea Advanced Institute of Science and Technology,64,False,https://api.elsevier.com/content/abstract/scopus_id/85162876918,scopus,PENDING,NOT_STARTED,,6,389
Three-dimensional coupled flow and heat transfer in non-newtonian magnetic nanofluid: An application of Cattaneo-Christov heat flux model,10.1016/j.jmmm.2022.170329,2-s2.0-85146054856,85146054856,2023,2023-02-01,Journal of Magnetism and Magnetic Materials,03048853,,Article,,Davangere University,63,False,https://api.elsevier.com/content/abstract/scopus_id/85146054856,scopus,PENDING,NOT_STARTED,,6,390
High-Quality Ferromagnet Fe3GeTe2 for High-Efficiency Electromagnetic Wave Absorption and Shielding with Wideband Radar Cross Section Reduction,10.1021/acsnano.2c00512,2-s2.0-85129321801,85129321801,2022,2022-05-24,ACS Nano,19360851,,Article,,Nankai University,98,False,https://api.elsevier.com/content/abstract/scopus_id/85129321801,scopus,PENDING,NOT_STARTED,,6,391
Regulating Optical Activity and Anisotropic Second-Harmonic Generation in Zero-Dimensional Hybrid Copper Halides,10.1021/acs.nanolett.1c04669,2-s2.0-85123878119,85123878119,2022,2022-01-26,Nano Letters,15306984,,Article,,Shanghai Jiao Tong University,97,False,https://api.elsevier.com/content/abstract/scopus_id/85123878119,scopus,PENDING,NOT_STARTED,,6,392
Air-stable ultrathin Cr3Te4 nanosheets with thickness-dependent magnetic biskyrmions,10.1016/j.mattod.2022.04.011,2-s2.0-85133244584,85133244584,2022,2022-07-01,Materials Today,13697021,,Article,,Hunan University,96,False,https://api.elsevier.com/content/abstract/scopus_id/85133244584,scopus,PENDING,NOT_STARTED,,6,393
Strain-engineered topological phase transitions in ferrovalley 2H-RuCl2 monolayer,10.1103/physrevb.105.195312,2-s2.0-85131291773,85131291773,2022,2022-05-15,Physical Review B,24699950,,Article,,Southwest University,93,False,https://api.elsevier.com/content/abstract/scopus_id/85131291773,scopus,PENDING,NOT_STARTED,,6,394
Generation and Control of Terahertz Spin Currents in Topology-Induced 2D Ferromagnetic Fe3GeTe2|Bi2Te3 Heterostructures,10.1002/adma.202106172,2-s2.0-85122320480,85122320480,2022,2022-03-01,Advanced Materials,09359648,,Article,,Beihang University,89,False,https://api.elsevier.com/content/abstract/scopus_id/85122320480,scopus,PENDING,NOT_STARTED,,6,395
"Structural, thermodynamics, optical, electronic, magnetic and thermoelectric properties of Heusler Ni2MnGa: An ab initio calculations",10.1007/s11082-022-03999-9,2-s2.0-85137143005,85137143005,2022,2022-10-01,Optical and Quantum Electronics,03068919,,Article,,"Laboratoire de Physique du Solide, Université Sidi Mohamed Ben Abdellah",87,False,https://api.elsevier.com/content/abstract/scopus_id/85137143005,scopus,PENDING,NOT_STARTED,,6,396
Room-Temperature Ferromagnetism in Perylene Diimide Organic Semiconductor,10.1002/adma.202108103,2-s2.0-85125194018,85125194018,2022,2022-04-01,Advanced Materials,09359648,,Article,,South China University of Technology,86,False,https://api.elsevier.com/content/abstract/scopus_id/85125194018,scopus,PENDING,NOT_STARTED,,6,397
Binaphthyl-Bridged Pyrenophanes: Intense Circularly Polarized Luminescence Based on a D2 Symmetry Strategy,10.1002/anie.202204609,2-s2.0-85132676072,85132676072,2022,2022-07-04,Angewandte Chemie International Edition,14337851,,Article,,Okayama University,81,False,https://api.elsevier.com/content/abstract/scopus_id/85132676072,scopus,PENDING,NOT_STARTED,,6,398
Highly enhanced microwave absorption for carbon nanotube/barium ferrite composite with ultra-low carbon nanotube loading,10.1016/j.jmst.2021.06.032,2-s2.0-85114671528,85114671528,2022,2022-03-10,Journal of Materials Science and Technology,10050302,,Article,,State Key Laboratory of Polymer Materials Engineering,81,False,https://api.elsevier.com/content/abstract/scopus_id/85114671528,scopus,PENDING,NOT_STARTED,,6,399
"Influence of Mn dopant on the crystallite size, optical and magnetic behaviour of CoFe2O4 magnetic nanoparticles",10.1016/j.jpcs.2020.109654,2-s2.0-85089134008,85089134008,2021,2021-01-01,Journal of Physics and Chemistry of Solids,00223697,,Article,,"Sri Sarada College for Women (Autonomous), Salem",96,False,https://api.elsevier.com/content/abstract/scopus_id/85089134008,scopus,PENDING,NOT_STARTED,,6,400
Highly-efficient piezocatalytic performance of nanocrystalline BaTi0.89Sn0.11O3 catalyst with Tc near room temperature,10.1016/j.nanoen.2021.106028,2-s2.0-85103688979,85103688979,2021,2021-07-01,Nano Energy,22112855,,Article,,Shanghai Jiao Tong University,93,False,https://api.elsevier.com/content/abstract/scopus_id/85103688979,scopus,PENDING,NOT_STARTED,,6,401
Effect of Co content on magnetic features and SPIN states IN Ni–Zn spinel ferrites,10.1016/j.ceramint.2021.01.063,2-s2.0-85099562437,85099562437,2021,2021-05-01,Ceramics International,02728842,,Article,,South Ural State University,91,False,https://api.elsevier.com/content/abstract/scopus_id/85099562437,scopus,PENDING,NOT_STARTED,,6,402
"Computational mining of Janus Sc2C-based MXenes for spintronic, photocatalytic, and solar cell applications",10.1039/d1ta00614b,2-s2.0-85105552342,85105552342,2021,2021-05-07,Journal of Materials Chemistry A,20507488,,Article,,Xiamen University,90,False,https://api.elsevier.com/content/abstract/scopus_id/85105552342,scopus,PENDING,NOT_STARTED,,6,403
Effect of titanium substitution and temperature variation on structure and magnetic state of barium hexaferrites,10.1016/j.jallcom.2020.158365,2-s2.0-85098179545,85098179545,2021,2021-04-05,Journal of Alloys and Compounds,09258388,,Article,,South Ural State University,88,False,https://api.elsevier.com/content/abstract/scopus_id/85098179545,scopus,PENDING,NOT_STARTED,,6,404
"Magnetic properties of NbSi2N4, VSi2N4, and VSi2P4monolayers",10.1063/5.0055878,2-s2.0-85112263047,85112263047,2021,2021-08-02,Applied Physics Letters,00036951,,Article,,Marlan and Rosemary Bourns College of Engineering,88,False,https://api.elsevier.com/content/abstract/scopus_id/85112263047,scopus,PENDING,NOT_STARTED,,6,405
Manipulating Ferromagnetism in Few-Layered Cr2Ge2Te6,10.1002/adma.202008586,2-s2.0-85108837690,85108837690,2021,2021-08-01,Advanced Materials,09359648,,Article,,Hefei National Laboratory for Physical Sciences at the Microscale,86,False,https://api.elsevier.com/content/abstract/scopus_id/85108837690,scopus,PENDING,NOT_STARTED,,6,406
"Structural, optical and electrical properties of barium titanate",10.1016/j.matchemphys.2021.124600,2-s2.0-85104082196,85104082196,2021,2021-07-15,Materials Chemistry and Physics,02540584,,Article,,Université de Gabès,81,False,https://api.elsevier.com/content/abstract/scopus_id/85104082196,scopus,PENDING,NOT_STARTED,,6,407
Two-dimensional ferromagnetism in CrTe flakes down to atomically thin layers,10.1039/d0nr04108d,2-s2.0-85089607293,85089607293,2020,2020-08-21,Nanoscale,20403364,,Article,,Huazhong University of Science and Technology,97,False,https://api.elsevier.com/content/abstract/scopus_id/85089607293,scopus,PENDING,NOT_STARTED,,6,408
Spontaneous (Anti)meron Chains in the Domain Walls of van der Waals Ferromagnetic Fe5−xGeTe2,10.1002/adma.202005228,2-s2.0-85094162563,85094162563,2020,2020-12-01,Advanced Materials,09359648,,Article,,Beijing Normal University; Institute of Physics Chinese Academy of Sciences,94,False,https://api.elsevier.com/content/abstract/scopus_id/85094162563,scopus,PENDING,NOT_STARTED,,6,409
Orbitally-resolved ferromagnetism of monolayer CrI3,10.1088/2053-1583/ab72d8,2-s2.0-85082525308,85082525308,2020,2020-01-01,2d Materials,,,Article,,Ural Federal University,91,False,https://api.elsevier.com/content/abstract/scopus_id/85082525308,scopus,PENDING,NOT_STARTED,,6,410
Vapor Deposition of Magnetic Van der Waals NiI2Crystals,10.1021/acsnano.0c04499,2-s2.0-85090080237,85090080237,2020,2020-08-25,ACS Nano,19360851,,Article,,University of Chinese Academy of Sciences; Hebei University of Science and Technology; National Center for Nanoscience and Technology Beijing,90,False,https://api.elsevier.com/content/abstract/scopus_id/85090080237,scopus,PENDING,NOT_STARTED,,6,411
Ferromagnetic hybrid nodal loop and switchable type-I and type-II Weyl fermions in two dimensions,10.1103/physrevb.102.075133,2-s2.0-85091534019,85091534019,2020,2020-08-15,Physical Review B,24699950,,Article,,Hebei University of Technology,85,False,https://api.elsevier.com/content/abstract/scopus_id/85091534019,scopus,PENDING,NOT_STARTED,,6,412
Narrow Band Gap Observed in a Molecular Ferroelastic: Ferrocenium Tetrachloroferrate,10.1021/jacs.9b13446,2-s2.0-85079319067,85079319067,2020,2020-02-12,Journal of the American Chemical Society,00027863,,Article,,Southeast University,85,False,https://api.elsevier.com/content/abstract/scopus_id/85079319067,scopus,PENDING,NOT_STARTED,,6,413
"X2AlH7 (X: Ca, Sr, Ba) hydrides as next-generation hydrogen storage materials: A comprehensive first principles study on structural, mechanical, optical, electronic and thermophysical properties",10.1016/j.est.2025.117400,2-s2.0-105007631295,105007631295,2025,2025-09-01,Journal of Energy Storage,,,Article,,Osmaniye Korkut Ata University,47,False,https://api.elsevier.com/content/abstract/scopus_id/105007631295,scopus,PENDING,NOT_STARTED,,5,414
"Structural, elastic, optic, electronic, phonon, thermodynamic, and hydrogen storage properties of bialkali alanates M2LiAlH6 (M = Na, K)",10.1016/j.ijhydene.2025.04.445,2-s2.0-105004416770,105004416770,2025,2025-06-06,International Journal of Hydrogen Energy,03603199,,Article,,Osmaniye Korkut Ata University,41,False,https://api.elsevier.com/content/abstract/scopus_id/105004416770,scopus,PENDING,NOT_STARTED,,5,415
Ultraviolet Optoelectronic Synapse Based on AlScN/p-i-n GaN Heterojunction for Advanced Artificial Vision Systems,10.1002/adma.202419316,2-s2.0-105001542274,105001542274,2025,2025-05-12,Advanced Materials,09359648,,Article,,University of Chinese Academy of Sciences; Changchun Institute of Optics Fine Mechanics and Physics Chinese Academy of Sciences,41,False,https://api.elsevier.com/content/abstract/scopus_id/105001542274,scopus,PENDING,NOT_STARTED,,5,416
"Comprehensive investigation of half Heusler alloy: Unveiling structural, electronic, magnetic, mechanical, thermodynamic, and transport properties",10.1016/j.intermet.2024.108311,2-s2.0-85192094347,85192094347,2024,2024-07-01,Intermetallics,09669795,,Article,,Jiwaji University,58,False,https://api.elsevier.com/content/abstract/scopus_id/85192094347,scopus,PENDING,NOT_STARTED,,5,417
Strain-induced phase transition from antiferromagnet to altermagnet,10.1103/physrevb.109.144421,2-s2.0-85191308998,85191308998,2024,2024-04-01,Physical Review B,24699950,,Article,,Johannes Gutenberg-Universität Mainz,56,False,https://api.elsevier.com/content/abstract/scopus_id/85191308998,scopus,PENDING,NOT_STARTED,,5,418
Influence of cerium ions on structure-dependent magnetic properties of Ba–Sr M-type hexaferrite nanocrystals,10.1016/j.jre.2023.01.020,2-s2.0-85162663377,85162663377,2024,2024-02-01,Journal of Rare Earths,10020721,,Article,,Arts,55,False,https://api.elsevier.com/content/abstract/scopus_id/85162663377,scopus,PENDING,NOT_STARTED,,5,419
Resurrected and Tunable Conductivity and Ferromagnetism in the Secondary Growth La0.7Ca0.3MnO3 on Transferred SrTiO3 Membranes,10.1021/acs.nanolett.3c03651,2-s2.0-85184344823,85184344823,2024,2024-01-31,Nano Letters,15306984,,Article,,University of Jinan,51,False,https://api.elsevier.com/content/abstract/scopus_id/85184344823,scopus,PENDING,NOT_STARTED,,5,420
High-Tc Ferromagnetic Semiconductor in Thinned 3D Ising Ferromagnetic Metal Fe3GaTe2,10.1021/acs.nanolett.3c04462,2-s2.0-85182566649,85182566649,2024,2024-01-24,Nano Letters,15306984,,Article,,University of Chinese Academy of Sciences; Institute of Physics Chinese Academy of Sciences,48,False,https://api.elsevier.com/content/abstract/scopus_id/85182566649,scopus,PENDING,NOT_STARTED,,5,421
"Giant valley polarization and perpendicular magnetocrystalline anisotropy energy in monolayer MX2 (M=Ru,Os; X=Cl,Br)",10.1103/physrevb.109.024406,2-s2.0-85183117879,85183117879,2024,2024-01-01,Physical Review B,24699950,,Article,,Central South University,47,False,https://api.elsevier.com/content/abstract/scopus_id/85183117879,scopus,PENDING,NOT_STARTED,,5,422
High-temperature flexible electric Piezo/pyroelectric bifunctional sensor with excellent output performance based on thermal-cyclized electrospun PAN/Zn(Ac)2 nanofiber mat,10.1016/j.nanoen.2024.109488,2-s2.0-85187797130,85187797130,2024,2024-06-01,Nano Energy,22112855,,Article,,Taiyuan University of Technology,43,False,https://api.elsevier.com/content/abstract/scopus_id/85187797130,scopus,PENDING,NOT_STARTED,,5,423
Unlocking Spin Gates of Transition Metal Oxides via Strain Stimuli to Augment Potassium Ion Storage,10.1002/anie.202404834,2-s2.0-85191845131,85191845131,2024,2024-06-03,Angewandte Chemie International Edition,14337851,,Article,,Beijing University of Chemical Technology,40,False,https://api.elsevier.com/content/abstract/scopus_id/85191845131,scopus,PENDING,NOT_STARTED,,5,424
Coexistence of Merons with Skyrmions in the Centrosymmetric Van Der Waals Ferromagnet Fe5–xGeTe2,10.1002/adma.202212087,2-s2.0-85150822354,85150822354,2023,2023-04-26,Advanced Materials,09359648,,Article,,National High Magnetic Field Laboratory,58,False,https://api.elsevier.com/content/abstract/scopus_id/85150822354,scopus,PENDING,NOT_STARTED,,5,425
Origin and regulation of triaxial magnetic anisotropy in the ferromagnetic semiconductor CrSBr monolayer,10.1039/d3nr02518g,2-s2.0-85168248652,85168248652,2023,2023-07-20,Nanoscale,20403364,,Article,,Henan University,56,False,https://api.elsevier.com/content/abstract/scopus_id/85168248652,scopus,PENDING,NOT_STARTED,,5,426
Electronic Structure of Above-Room-Temperature van der Waals Ferromagnet Fe3GaTe2,10.1021/acs.nanolett.3c03203,2-s2.0-85180088957,85180088957,2023,2023-12-27,Nano Letters,15306984,,Article,,"Pohang University of Science and Technology; Advanced Light Source, Berkeley",55,False,https://api.elsevier.com/content/abstract/scopus_id/85180088957,scopus,PENDING,NOT_STARTED,,5,427
Self-driven degradation of TC-HCl by CuFe2O4/Bi2O3 activated peroxymonosulfate,10.1016/j.cej.2023.145282,2-s2.0-85167802337,85167802337,2023,2023-10-01,Chemical Engineering Journal,13858947,,Article,,Northeastern University,55,False,https://api.elsevier.com/content/abstract/scopus_id/85167802337,scopus,PENDING,NOT_STARTED,,5,428
Fe3GaTe2/MoSe2 ferromagnet/semiconductor 2D van der Waals heterojunction for room-temperature spin-valve devices,10.1039/d2ce01695h,2-s2.0-85147737797,85147737797,2023,2023-01-24,Crystengcomm,,,Article,,Huazhong University of Science and Technology,53,False,https://api.elsevier.com/content/abstract/scopus_id/85147737797,scopus,PENDING,NOT_STARTED,,5,429
Robust silica and carbon bilayers decorating spherical FeCo alloys for high-performance anti-corrosion microwave absorption,10.1016/j.jallcom.2022.168301,2-s2.0-85143849789,85143849789,2023,2023-03-05,Journal of Alloys and Compounds,09258388,,Article,,University of Electronic Science and Technology of China,52,False,https://api.elsevier.com/content/abstract/scopus_id/85143849789,scopus,PENDING,NOT_STARTED,,5,430
"Distinct ferrovalley characteristics of the Janus RuClX (X = F, Br) monolayer",10.1039/d3nr00346a,2-s2.0-85153499567,85153499567,2023,2023-04-20,Nanoscale,20403364,,Article,,"Key Laboratory for Anisotropy and Texture of Materials, Ministry of Education, Northeastern University",51,False,https://api.elsevier.com/content/abstract/scopus_id/85153499567,scopus,PENDING,NOT_STARTED,,5,431
"Elastic, electronic, thermal and magnetic investigations of PrX2 (X = Fe,Ru) superconductors materials",10.1016/j.mtcomm.2023.105545,2-s2.0-85147454186,85147454186,2023,2023-06-01,Materials Today Communications,,,Article,,Université Djillali Liabes de Sidi Bel Abbes,51,False,https://api.elsevier.com/content/abstract/scopus_id/85147454186,scopus,PENDING,NOT_STARTED,,5,432
Significant Zero Thermal Expansion Via Enhanced Magnetoelastic Coupling in Kagome Magnets,10.1002/adma.202208635,2-s2.0-85145173001,85145173001,2023,2023-02-23,Advanced Materials,09359648,,Article,,Institute of Physics Chinese Academy of Sciences; Songshan Lake Materials Laboratory,50,False,https://api.elsevier.com/content/abstract/scopus_id/85145173001,scopus,PENDING,NOT_STARTED,,5,433
Composition-Controllable Syntheses and Property Modulations from 2D Ferromagnetic Fe5Se8 to Metallic Fe3Se4 Nanosheets,10.1002/adma.202207276,2-s2.0-85142239414,85142239414,2023,2023-01-05,Advanced Materials,09359648,,Article,,Peking University,49,False,https://api.elsevier.com/content/abstract/scopus_id/85142239414,scopus,PENDING,NOT_STARTED,,5,434
Enabling Room-Temperature Triferroic Coupling in Dual Transition-Metal Dichalcogenide Monolayers Via Electronic Asymmetry,10.1021/jacs.2c11862,2-s2.0-85146533775,85146533775,2023,2023-02-01,Journal of the American Chemical Society,00027863,,Article,,Queensland University of Technology,49,False,https://api.elsevier.com/content/abstract/scopus_id/85146533775,scopus,PENDING,NOT_STARTED,,5,435
Spontaneous valley polarization and valley-nonequilibrium quantum anomalous Hall effect in Janus monolayer ScBrI,10.1039/d2nr07221a,2-s2.0-85153879572,85153879572,2023,2023-04-11,Nanoscale,20403364,,Article,,Qufu Normal University,48,False,https://api.elsevier.com/content/abstract/scopus_id/85153879572,scopus,PENDING,NOT_STARTED,,5,436
Fe-Intercalation Dominated Ferromagnetism of van der Waals Fe3GeTe2,10.1002/adma.202302568,2-s2.0-85165296510,85165296510,2023,2023-09-07,Advanced Materials,09359648,,Article,,ShanghaiTech University,47,False,https://api.elsevier.com/content/abstract/scopus_id/85165296510,scopus,PENDING,NOT_STARTED,,5,437
Phase transition enhanced pyroelectric nanogenerators for self-powered temperature sensors,10.1016/j.nanoen.2022.107657,2-s2.0-85135688256,85135688256,2022,2022-11-01,Nano Energy,22112855,,Article,,Chinese Academy of Sciences; University of Chinese Academy of Sciences,68,False,https://api.elsevier.com/content/abstract/scopus_id/85135688256,scopus,PENDING,NOT_STARTED,,5,438
"Structural, magnetic, and electrical evaluations of rare earth Gd3+ doped in mixed Co–Mn spinel ferrite nanoparticles",10.1016/j.ceramint.2021.09.136,2-s2.0-85115008797,85115008797,2022,2022-01-01,Ceramics International,02728842,,Article,,Southeast University,68,False,https://api.elsevier.com/content/abstract/scopus_id/85115008797,scopus,PENDING,NOT_STARTED,,5,439
Thickness-dependent and strain-tunable magnetism in two-dimensional van der Waals VSe2,10.1007/s12274-022-4400-9,2-s2.0-85129863602,85129863602,2022,2022-08-01,Nano Research,19980124,,Article,,Shanxi Normal University,68,False,https://api.elsevier.com/content/abstract/scopus_id/85129863602,scopus,PENDING,NOT_STARTED,,5,440
High-Throughput Computational Discovery and Intelligent Design of Two-Dimensional Functional Materials for Various Applications,10.1021/accountsmr.1c00246,2-s2.0-85142932911,85142932911,2022,2022-06-24,Accounts of Materials Research,,,Article,,National University of Singapore,67,False,https://api.elsevier.com/content/abstract/scopus_id/85142932911,scopus,PENDING,NOT_STARTED,,5,441
Comparative examination of the physical parameters of the sol gel produced compounds La0.5Ag0.1Ca0.4MnO3 and La0.6Ca0.3Ag0.1MnO3,10.1007/s11082-022-03927-x,2-s2.0-85134814538,85134814538,2022,2022-09-01,Optical and Quantum Electronics,03068919,,Article,,University of Sfax,66,False,https://api.elsevier.com/content/abstract/scopus_id/85134814538,scopus,PENDING,NOT_STARTED,,5,442
Magnetic Imaging with Spin Defects in Hexagonal Boron Nitride,10.1103/physrevapplied.18.l061002,2-s2.0-85146112807,85146112807,2022,2022-12-01,Physical Review Applied,,,Article,,Laboratoire Charles Coulomb,66,False,https://api.elsevier.com/content/abstract/scopus_id/85146112807,scopus,PENDING,NOT_STARTED,,5,443
"Strain-tunable Dzyaloshinskii-Moriya interaction and skyrmions in two-dimensional Janus Cr2X3Y3 (X, y = Cl, Br, I, X≠Y) trihalide monolayers",10.1103/physrevb.106.094403,2-s2.0-85138197428,85138197428,2022,2022-09-01,Physical Review B,24699950,,Article,,Zhejiang Sci-Tech University,61,False,https://api.elsevier.com/content/abstract/scopus_id/85138197428,scopus,PENDING,NOT_STARTED,,5,444
Significance of thermal interfacing in hematite (α-Fe2O3) nanoparticles synthesized by sol-gel method and its characteristics properties,10.1016/j.surfin.2021.101432,2-s2.0-85121827250,85121827250,2021,2021-10-01,Surfaces and Interfaces,24680230,,Article,,Bharathidasan University,78,False,https://api.elsevier.com/content/abstract/scopus_id/85121827250,scopus,PENDING,NOT_STARTED,,5,445
Circularly Polarized Luminescence Liquids Based on Siloxybinaphthyls: Best Binaphthyl Dihedral Angle in the Excited State,10.1002/anie.202101226,2-s2.0-85103303007,85103303007,2021,2021-04-26,Angewandte Chemie International Edition,14337851,,Article,,Okayama University,77,False,https://api.elsevier.com/content/abstract/scopus_id/85103303007,scopus,PENDING,NOT_STARTED,,5,446
Magnetism and spin dynamics in room-temperature van der Waals magnet Fe5GeTe2,10.1088/2053-1583/ac2028,2-s2.0-85115967036,85115967036,2021,2021-10-01,2d Materials,,,Article,,Samuel Ginn College of Engineering,76,False,https://api.elsevier.com/content/abstract/scopus_id/85115967036,scopus,PENDING,NOT_STARTED,,5,447
Field-Free Improvement of Oxygen Evolution Reaction in Magnetic Two-Dimensional Heterostructures,10.1021/acs.nanolett.1c03981,2-s2.0-85120890170,85120890170,2021,2021-12-22,Nano Letters,15306984,,Article,,Jiangxi Normal University,75,False,https://api.elsevier.com/content/abstract/scopus_id/85120890170,scopus,PENDING,NOT_STARTED,,5,448
Enhancement of the Coercive Field and Exchange Bias Effect in Fe3GeTe2/MnPX3(X = S and Se) van der Waals Heterostructures,10.1021/acsami.1c05265,2-s2.0-85106349822,85106349822,2021,2021-05-26,ACS Applied Materials and Interfaces,19448244,,Article,,Huazhong University of Science and Technology,73,False,https://api.elsevier.com/content/abstract/scopus_id/85106349822,scopus,PENDING,NOT_STARTED,,5,449
Critical behavior in the van der Waals itinerant ferromagnet Fe4 GeTe2,10.1103/physrevb.104.094405,2-s2.0-85114633015,85114633015,2021,2021-09-01,Physical Review B,24699950,,Article,,Saha Institute of Nuclear Physics,72,False,https://api.elsevier.com/content/abstract/scopus_id/85114633015,scopus,PENDING,NOT_STARTED,,5,450
Magnetic ordering through itinerant ferromagnetism in a metal–organic framework,10.1038/s41557-021-00666-6,2-s2.0-85104737653,85104737653,2021,2021-06-01,Nature Chemistry,17554330,,Article,,Berkeley College of Chemistry,72,False,https://api.elsevier.com/content/abstract/scopus_id/85104737653,scopus,PENDING,NOT_STARTED,,5,451
Spin-filter induced large magnetoresistance in 2D van der Waals magnetic tunnel junctions,10.1039/d0nr07290g,2-s2.0-85099779205,85099779205,2021,2021-01-14,Nanoscale,20403364,,Article,,Beihang University,69,False,https://api.elsevier.com/content/abstract/scopus_id/85099779205,scopus,PENDING,NOT_STARTED,,5,452
Rare-earth doped Ni–Co ferrites synthesized by Pechini method: Cation distribution and high temperature magnetic studies,10.1016/j.ceramint.2021.03.069,2-s2.0-85102859926,85102859926,2021,2021-06-15,Ceramics International,02728842,,Article,,University of Jammu,67,False,https://api.elsevier.com/content/abstract/scopus_id/85102859926,scopus,PENDING,NOT_STARTED,,5,453
Two-dimensional magneto-photoconductivity in non-van der Waals manganese selenide,10.1039/d1mh00009h,2-s2.0-85104094736,85104094736,2021,2021-04-01,Materials Horizons,20516347,,Article,,Hangzhou Dianzi University; National Key Laboratory of Silicon and Advanced Semiconductor Materials,65,False,https://api.elsevier.com/content/abstract/scopus_id/85104094736,scopus,PENDING,NOT_STARTED,,5,454
Logic-inspired bistable liquid crystal elastomer photo-oscillator via magnetic-photothermal coupling,10.1016/j.tws.2026.114759,2-s2.0-105032150824,105032150824,2026,2026-06-01,Thin Walled Structures,02638231,,Article,,Anhui Jianzhu University,19,False,https://api.elsevier.com/content/abstract/scopus_id/105032150824,scopus,PENDING,NOT_STARTED,,4,455
Insight into dynamic magnetic hysteresis behaviors of the nanotube encapsulated with X36,10.1142/s0217984925502574,2-s2.0-105019694801,105019694801,2026,2026-01-20,Modern Physics Letters B,02179849,,Article,,Shenyang University of Technology,15,False,https://api.elsevier.com/content/abstract/scopus_id/105019694801,scopus,PENDING,NOT_STARTED,,4,456
"Structure, Magnetism, and Transport Properties in Hexagonal LaMnO3",10.1007/s11664-025-12473-7,2-s2.0-105019517564,105019517564,2026,2026-01-01,Journal of Electronic Materials,03615235,,Article,,Hangzhou Dianzi University,13,False,https://api.elsevier.com/content/abstract/scopus_id/105019517564,scopus,PENDING,NOT_STARTED,,4,457
Engineering d–d Coupling-Induced Ferromagnetic Catalysts for Boosting the Spin-Polarized Water Oxidation,10.1021/jacs.5c18826,2-s2.0-105033085885,105033085885,2026,2026-03-18,Journal of the American Chemical Society,00027863,,Article,,Dalian University of Technology,9,False,https://api.elsevier.com/content/abstract/scopus_id/105033085885,scopus,PENDING,NOT_STARTED,,4,458
Cs4Co1.2Sb1.8Cl12 with rich chlorine defect and enhanced spin polarization achieved excellent photocatalytic activity for CO2 conversion without sacrificial agent,10.1016/j.apcatb.2025.126227,2-s2.0-105022629439,105022629439,2026,2026-05-01,Applied Catalysis B Environmental,09263373,,Article,,Guangxi University,7,False,https://api.elsevier.com/content/abstract/scopus_id/105022629439,scopus,PENDING,NOT_STARTED,,4,459
FeTaX2: A Ferrimagnetic Quantum Anomalous Hall Insulator,10.1103/5k34-4zyh,2-s2.0-105028252922,105028252922,2026,2026-01-23,Physical Review Letters,00319007,,Article,,Fudan University; Shanghai Research Center for Quantum Sciences,6,False,https://api.elsevier.com/content/abstract/scopus_id/105028252922,scopus,PENDING,NOT_STARTED,,4,460
Interphase stress-induced amorphization at grain boundary of sintered Nd-Fe-Zr-B magnets,10.1016/j.jre.2025.01.013,2-s2.0-105021673370,105021673370,2026,2026-01-01,Journal of Rare Earths,10020721,,Article,,University of Science and Technology Beijing,5,False,https://api.elsevier.com/content/abstract/scopus_id/105021673370,scopus,PENDING,NOT_STARTED,,4,461
"Multifunctional properties of half-Heusler alloys TaFeGe and TaFeSn: Route towards opto-electronics, thermoelectric based wearables, coolers, generators and spintronic devices",10.1016/j.matchemphys.2025.131746,2-s2.0-105022310679,105022310679,2026,2026-02-01,Materials Chemistry and Physics,02540584,,Article,,"SSN College of Engineering, Kalavakkam",5,False,https://api.elsevier.com/content/abstract/scopus_id/105022310679,scopus,PENDING,NOT_STARTED,,4,462
Targeted cancer therapy through self-regulated magnetic hyperthermia using biocompatible zirconium-doped LSMO nanoparticles,10.1016/j.ces.2025.122731,2-s2.0-105017973394,105017973394,2026,2026-02-01,Chemical Engineering Science,00092509,,Article,,Saveetha School of Engineering,5,False,https://api.elsevier.com/content/abstract/scopus_id/105017973394,scopus,PENDING,NOT_STARTED,,4,463
Chiroπ-Extended Helitwistacene: Resolving the Planarity–Helicity Dilemma for Broadband Circularly Polarized Light Detection,10.1002/anie.202525044,2-s2.0-105027421830,105027421830,2026,2026-02-16,Angewandte Chemie International Edition,14337851,,Article,,Tianjin University,4,False,https://api.elsevier.com/content/abstract/scopus_id/105027421830,scopus,PENDING,NOT_STARTED,,4,464
Composition-Tuned Piezoelectricity Governs Hydrogen Evolution in Ba1-xSrxTiO3 (0 ≤ x ≤ 0.3),10.1002/adfm.202516480,2-s2.0-105014627951,105014627951,2026,2026-02-02,Advanced Functional Materials,1616301X,,Article,,China Jiliang University,4,False,https://api.elsevier.com/content/abstract/scopus_id/105014627951,scopus,PENDING,NOT_STARTED,,4,465
Ductile Inorganic Ferromagnetic Semiconductor,10.1002/adma.202514083,2-s2.0-105018485719,105018485719,2026,2026-01-16,Advanced Materials,09359648,,Article,,"University of Chinese Academy of Sciences; Shanghai Institute of Ceramics, Chinese Academy of Sciences",4,False,https://api.elsevier.com/content/abstract/scopus_id/105018485719,scopus,PENDING,NOT_STARTED,,4,466
Eco-designed material for next-generation electronics: Mn-doped EuS2 bridging green photovoltaics and energy applications,10.1016/j.micrna.2025.208411,2-s2.0-105020783792,105020783792,2026,2026-01-01,Micro and Nanostructures,,,Article,,Qilu Institute of Technology,4,False,https://api.elsevier.com/content/abstract/scopus_id/105020783792,scopus,PENDING,NOT_STARTED,,4,467
Enhancing high-temperature coercivity in Sm2Co17 magnets via combining low-temperature first-step aging with slow cooling processes,10.1016/j.jmst.2026.03.012,2-s2.0-105033236958,105033236958,2026,2026-11-20,Journal of Materials Science and Technology,10050302,,Article,,Hangzhou Dianzi University,4,False,https://api.elsevier.com/content/abstract/scopus_id/105033236958,scopus,PENDING,NOT_STARTED,,4,468
Spin-orbit and topological contributions to magnetic anisotropy in monolayer V2WS4,10.1103/ldvf-6qnr,2-s2.0-105037961786,105037961786,2026,2026-01-01,Physical Review B,24699950,,Article,,Henan University,4,False,https://api.elsevier.com/content/abstract/scopus_id/105037961786,scopus,PENDING,NOT_STARTED,,4,469
"First-Principles Study of the Effects of Dopant Concentration on the Electronic, Magnetic, and Structural Properties of Mn-Doped ZnO",10.1007/s10948-025-07132-1,2-s2.0-105028524845,105028524845,2026,2026-02-01,Journal of Superconductivity and Novel Magnetism,15571939,,Article,,Azerbaijan State Oil and Industry University (ASOIU),3,False,https://api.elsevier.com/content/abstract/scopus_id/105028524845,scopus,PENDING,NOT_STARTED,,4,470
Impact of Ni substitution on the structural and magnetic characteristics of SrFe12-xNixO19 (x= 0 – 0.3),10.1016/j.ceramint.2026.04.106,2-s2.0-105035244600,105035244600,2026,2026-06-01,Ceramics International,02728842,,Article,,"Joint Institute for Nuclear Research, Dubna; Azerbaijan University of Architecture and Construction",3,False,https://api.elsevier.com/content/abstract/scopus_id/105035244600,scopus,PENDING,NOT_STARTED,,4,471
"Magnetic and optical properties of (Mn, Tc) co-doped HfS2 monolayer: A first-principles study",10.1016/j.mseb.2025.118815,2-s2.0-105016993839,105016993839,2026,2026-01-01,Materials Science and Engineering B,09215107,,Article,,Yibin Vocational and Technical College,3,False,https://api.elsevier.com/content/abstract/scopus_id/105016993839,scopus,PENDING,NOT_STARTED,,4,472
Pressure-Driven Circularly Polarized Luminescence Enhancement and Chirality Amplification,10.1021/jacs.5c01503,2-s2.0-86000627486,86000627486,2025,2025-03-26,Journal of the American Chemical Society,00027863,,Article,,School of Chemistry; Henan University of Engineering,36,False,https://api.elsevier.com/content/abstract/scopus_id/86000627486,scopus,PENDING,NOT_STARTED,,4,473
Light-powered self-swing of a bistable magnetic pendulum utilizing liquid crystal elastomer fibers,10.1016/j.chaos.2025.116565,2-s2.0-105004815602,105004815602,2025,2025-09-01,Chaos Solitons and Fractals,09600779,,Article,,Anhui Jianzhu University,29,False,https://api.elsevier.com/content/abstract/scopus_id/105004815602,scopus,PENDING,NOT_STARTED,,4,474
Magnetic Order Induced Chiral Phonons in a Ferromagnetic Weyl Semimetal,10.1103/physrevlett.134.196906,2-s2.0-105005524612,105005524612,2025,2025-05-16,Physical Review Letters,00319007,,Article,,Tsinghua University,28,False,https://api.elsevier.com/content/abstract/scopus_id/105005524612,scopus,PENDING,NOT_STARTED,,4,475
"Sustainable enhancement of alkali-activated foam concrete using vegetable waste ash and fly ash: Improving mechanical, thermal, and durability properties",10.1016/j.jobe.2025.113091,2-s2.0-105007420778,105007420778,2025,2025-09-15,Journal of Building Engineering,,,Article,,Kastamonu University,28,False,https://api.elsevier.com/content/abstract/scopus_id/105007420778,scopus,PENDING,NOT_STARTED,,4,476
Supramolecular Charge-Transfer Approach for Tunable and Efficient Circularly Polarized Delayed Fluorescence and Phosphorescence,10.1002/anie.202501330,2-s2.0-105004770874,105004770874,2025,2025-07-07,Angewandte Chemie International Edition,14337851,,Article,,Jawaharlal Nehru Centre for Advanced Scientific Research,27,False,https://api.elsevier.com/content/abstract/scopus_id/105004770874,scopus,PENDING,NOT_STARTED,,4,477
Structural and magnetic studies of Cobalt-Substituted copper ferrites for efficient photocatalytic dye degradation,10.1016/j.inoche.2024.113648,2-s2.0-85210543847,85210543847,2025,2025-01-01,Inorganic Chemistry Communications,13877003,,Article,,AGH University of Krakow; Ivano-Frankivsk National Medical University,25,False,https://api.elsevier.com/content/abstract/scopus_id/85210543847,scopus,PENDING,NOT_STARTED,,4,478
"Structural Stability, Half-Metallic Ferromagnetism, Magneto-Optical, and Thermoelectric Properties of Europium-Based Ternary Zintl Compounds EuZn2C2(C = P, As): A Promising Alternative for Spintronics and Thermoelectric Applications",10.1007/s10904-025-03692-w,2-s2.0-86000275326,86000275326,2025,2025-08-01,Journal of Inorganic and Organometallic Polymers and Materials,15741443,,Article,,Women University of Azad Jammu & kashmir Bagh,25,False,https://api.elsevier.com/content/abstract/scopus_id/86000275326,scopus,PENDING,NOT_STARTED,,4,479
"High spin polarization and half-metallic ferromagnetism in novel Half–Heusler FeCrX (X = S, Se and Te) alloys using first-principles calculations",10.1016/j.ssc.2024.115803,2-s2.0-85212187297,85212187297,2025,2025-03-01,Solid State Communications,00381098,,Article,,The Islamia University of Bahawalpur,21,False,https://api.elsevier.com/content/abstract/scopus_id/85212187297,scopus,PENDING,NOT_STARTED,,4,480
Advancing Room-Temperature Magnetic Semiconductors with Organic Radical Charge Transfer Cocrystals,10.1002/adma.202414719,2-s2.0-86000434822,86000434822,2025,2025-03-12,Advanced Materials,09359648,,Article,,Tianjin University,20,False,https://api.elsevier.com/content/abstract/scopus_id/86000434822,scopus,PENDING,NOT_STARTED,,4,481
Optical magnetic field enhancement using ultrafast azimuthally polarized laser beams and tailored metallic nanoantennas,10.1364/prj.511916,2-s2.0-85192675618,85192675618,2024,2024-05-01,Photonics Research,23279125,,Article,,Universidad de Salamanca,39,False,https://api.elsevier.com/content/abstract/scopus_id/85192675618,scopus,PENDING,NOT_STARTED,,4,482
"Unlocking the role of 3d electrons on ferromagnetism and spin-dependent transport properties in K2GeNiX6 (X=Br, I) for spintronics and thermoelectric applications",10.1016/j.jpcs.2024.112022,2-s2.0-85192103066,85192103066,2024,2024-09-01,Journal of Physics and Chemistry of Solids,00223697,,Article,,Jamia Millia Islamia,39,False,https://api.elsevier.com/content/abstract/scopus_id/85192103066,scopus,PENDING,NOT_STARTED,,4,483
Developing novel high-temperature soft-magnetic B2-based multi-principal-element alloys with coherent body-centered-cubic nanoprecipitates,10.1016/j.actamat.2024.119686,2-s2.0-85182877541,85182877541,2024,2024-03-01,Acta Materialia,13596454,,Article,,Dalian University of Technology,35,False,https://api.elsevier.com/content/abstract/scopus_id/85182877541,scopus,PENDING,NOT_STARTED,,4,484
Investigations on temperature-dependent magnetic properties and magnetic thermal stability of magnesium ferrite (MgFe2O4) nanoparticles,10.1016/j.jmmm.2024.171798,2-s2.0-85183991687,85183991687,2024,2024-02-15,Journal of Magnetism and Magnetic Materials,03048853,,Article,,AUH-Gurugram,35,False,https://api.elsevier.com/content/abstract/scopus_id/85183991687,scopus,PENDING,NOT_STARTED,,4,485
"Probing electronic, magnetic and thermal properties of NiMnSb Half-Heusler alloy for spintronics as an environmentally friendly energy resource: A DFT+U and Monte Carlo study",10.1016/j.mtcomm.2024.108064,2-s2.0-85182024468,85182024468,2024,2024-03-01,Materials Today Communications,,,Article,,"Laboratoire de Physique du Solide, Université Sidi Mohamed Ben Abdellah",35,False,https://api.elsevier.com/content/abstract/scopus_id/85182024468,scopus,PENDING,NOT_STARTED,,4,486
Evaluation of structural characteristics BaFe(12-x)InxO19 hexaferrite compounds at high temperatures,10.1016/j.ssc.2024.115529,2-s2.0-85191193252,85191193252,2024,2024-08-01,Solid State Communications,00381098,,Article,,Institute of Physics Public Legal Entity,33,False,https://api.elsevier.com/content/abstract/scopus_id/85191193252,scopus,PENDING,NOT_STARTED,,4,487
Hybrid Amyloid-Chitin Nanofibrils for Magnetic and Catalytic Aerogels,10.1021/acsnano.4c00883,2-s2.0-85185612411,85185612411,2024,2024-02-27,ACS Nano,19360851,,Article,,ETH Zürich,33,False,https://api.elsevier.com/content/abstract/scopus_id/85185612411,scopus,PENDING,NOT_STARTED,,4,488
Understanding the impact of magnetic dipole and variable viscosity on nanofluid flow characteristics over a stretching surface,10.1016/j.jmmm.2023.171613,2-s2.0-85184055895,85184055895,2024,2024-01-01,Journal of Magnetism and Magnetic Materials,03048853,,Article,,National University of Medical Sciences,33,False,https://api.elsevier.com/content/abstract/scopus_id/85184055895,scopus,PENDING,NOT_STARTED,,4,489
A Three-Dimensional Non-Newtonian Magnetic Fluid Flow Induced Due to Stretching of the Flat Surface With Chemical Reaction,10.1115/1.4055373,2-s2.0-85140913016,85140913016,2022,2022-11-01,Journal of Heat Transfer,00221481,,Article,,Davangere University,59,False,https://api.elsevier.com/content/abstract/scopus_id/85140913016,scopus,PENDING,NOT_STARTED,,4,490
Effect of Gd doping on magnetic and MCE properties of M-type barium hexaferrite,10.1016/j.jallcom.2021.163367,2-s2.0-85121973064,85121973064,2022,2022-04-05,Journal of Alloys and Compounds,09258388,,Article,,Indian Institute of Technology Patna,58,False,https://api.elsevier.com/content/abstract/scopus_id/85121973064,scopus,PENDING,NOT_STARTED,,4,491
Novel broadband electromagnetic-wave absorption metasurfaces composed of C-doped FeCoNiSiAl high-entropy-alloy ribbons with hierarchical nanostructures,10.1016/j.compositesb.2022.110182,2-s2.0-85135916756,85135916756,2022,2022-09-01,Composites Part B Engineering,13598368,,Article,,Dalian University of Technology,58,False,https://api.elsevier.com/content/abstract/scopus_id/85135916756,scopus,PENDING,NOT_STARTED,,4,492
"Microstructure, wear, and corrosion resistance of Nb-modified magnetic field-assisted Co-based laser cladding layers",10.1016/j.surfcoat.2022.128195,2-s2.0-85124512458,85124512458,2022,2022-03-25,Surface and Coatings Technology,02578972,,Article,,Qingdao University of Technology,57,False,https://api.elsevier.com/content/abstract/scopus_id/85124512458,scopus,PENDING,NOT_STARTED,,4,493
Radio-frequency induction heating powered low-temperature catalytic CO2 conversion via bi-reforming of methane,10.1016/j.cej.2021.132934,2-s2.0-85119175879,85119175879,2022,2022-02-15,Chemical Engineering Journal,13858947,,Article,,University of Science and Technology - The University of Da Nang,57,False,https://api.elsevier.com/content/abstract/scopus_id/85119175879,scopus,PENDING,NOT_STARTED,,4,494
Enhanced spintronic and thermoelectric performance in vanadium-doped CaTiO3: An ab-initio study,10.1016/j.cocom.2024.e00999,2-s2.0-85214236739,85214236739,2025,2025-03-01,Computational Condensed Matter,,,Article,,Faculté des Sciences Rabat,19,False,https://api.elsevier.com/content/abstract/scopus_id/85214236739,scopus,PENDING,NOT_STARTED,,3,495
Enhancement of Circularly Polarized Light Detection Through Ortho-Substitution in Chiral Perylene Diimides,10.1002/adfm.202414453,2-s2.0-85210175592,85210175592,2025,2025-01-29,Advanced Functional Materials,1616301X,,Article,,"School of Materials Science and Engineering, Xi'an Jiaotong University",18,False,https://api.elsevier.com/content/abstract/scopus_id/85210175592,scopus,PENDING,NOT_STARTED,,3,496
Giant Negative Temperature Coefficient of Resistance and Magnetotransport in Antiferromagnetic CaMnO3,10.1007/s10909-025-03312-4,2-s2.0-105008954393,105008954393,2025,2025-12-01,Journal of Low Temperature Physics,00222291,,Article,,Hangzhou Dianzi University,18,False,https://api.elsevier.com/content/abstract/scopus_id/105008954393,scopus,PENDING,NOT_STARTED,,3,497
Spark plasma sintering of high-TC calcium bismuth niobate (CaBi2Nb2O9) with superior piezoelectric performance,10.1016/j.jeurceramsoc.2024.117065,2-s2.0-85208767997,85208767997,2025,2025-04-01,Journal of the European Ceramic Society,09552219,,Article,,State Key Laboratory of Crystal Materials,18,False,https://api.elsevier.com/content/abstract/scopus_id/85208767997,scopus,PENDING,NOT_STARTED,,3,498
Random fields-triggered strain enhancement in BNT-based materials,10.1016/j.jeurceramsoc.2024.116805,2-s2.0-85200978754,85200978754,2025,2025-01-01,Journal of the European Ceramic Society,09552219,,Article,,Sichuan University,17,False,https://api.elsevier.com/content/abstract/scopus_id/85200978754,scopus,PENDING,NOT_STARTED,,3,499
Thermophysical properties of magnetic nanofluids under effects of magnetic field-a review on mechanisms and studies,10.1007/s10973-024-13490-0,2-s2.0-85201961625,85201961625,2025,2025-02-01,Journal of Thermal Analysis and Calorimetry,13886150,,Article,,Semnan University,17,False,https://api.elsevier.com/content/abstract/scopus_id/85201961625,scopus,PENDING,NOT_STARTED,,3,500
