candidate_rank,paper_id,title,doi,year,journal,s2_is_open_access,oa_pdf_url,status,filename,sha256,bytes,error,openalex_status,openalex_error
1,,Lead-Free BiFeO3-BaTiO3Ceramics with High Curie Temperature: Fine Compositional Tuning across the Phase Boundary for High Piezoelectric Charge and Strain Coefficients,10.1021/acsami.0c20381,2021,ACS Applied Materials and Interfaces,False,,NO_OA_PDF,,,0,,NO_WORKING_PDF,
2,,Temperature-insensitive piezoelectric properties of lead-free BiFeO3–BaTiO3 ceramics with high Curie temperature,10.1016/j.jallcom.2020.156788,2021,Journal of Alloys and Compounds,True,https://www.sciencedirect.com/science/article/am/pii/S0925838820331522,DOWNLOAD_FAILED,,,0,HTTPError: 403 Client Error: Forbidden for url: https://www.sciencedirect.com/science/article/am/pii/S0925838820331522,NO_WORKING_PDF,HTTPError: 403 Client Error: Forbidden for url: https://www.sciencedirect.com/science/article/am/pii/S0925838820331522
3,,BiAlO3-modified BiFeO3–BaTiO3 high Curie temperature lead-free piezoelectric ceramics with enhanced performance,10.1007/s12598-023-02407-9,2023,Rare Metals,False,,NO_OA_PDF,,,0,,NO_WORKING_PDF,
4,,Demonstration of Enhanced Piezo-Catalysis for Hydrogen Generation and Water Treatment at the Ferroelectric Curie Temperature,10.1016/j.isci.2020.101095,2020,Iscience,True,http://www.cell.com/article/S2589004220302807/pdf,DOWNLOAD_FAILED,,,0,HTTPError: 403 Client Error: Forbidden for url: https://www.cell.com/article/S2589004220302807/pdf,NO_WORKING_PDF,HTTPError: 403 Client Error: Forbidden for url: https://www.cell.com/article/S2589004220302807/pdf
5,101,Controlling bimerons as skyrmion analogues by ferroelectric polarization in 2D van der Waals multiferroic heterostructures,10.1038/s41467-020-19779-6,2020,Nature Communications,True,https://www.nature.com/articles/s41467-020-19779-6.pdf,DOWNLOADED,101-Controlling bimerons as skyrmion analogues by ferroelectric polarization in 2D van der Waals multiferroic.pdf,c2b1e384b259217711027ffbc66c87c98dc755fb8211c3a1c5832b9a635d5260,1682552,,,
6,,Experimental Observation of the Fully Ferroelectric-Fully Ferroelastic Effect in Multiferroic Hybrid Perovskites,10.1021/jacs.4c06929,2024,Journal of the American Chemical Society,False,,NO_OA_PDF,,,0,,NO_WORKING_PDF,
7,102,Anomalous thickness dependence of Curie temperature in air-stable two-dimensional ferromagnetic 1T-CrTe2 grown by chemical vapor deposition,10.1038/s41467-021-21072-z,2021,Nature Communications,True,https://www.nature.com/articles/s41467-021-21072-z.pdf,DOWNLOADED,102-Anomalous thickness dependence of Curie temperature in air-stable two-dimensional ferromagnetic 1T-CrTe2.pdf,f67562f4a84fa8231b04e6994ff54a14415e40ef2b457adab61c7151fe4fffc0,1590549,,,
8,,Record Enhancement of Curie Temperature in Host-Guest Inclusion Ferroelectrics,10.1021/jacs.1c00613,2021,Journal of the American Chemical Society,False,,NO_OA_PDF,,,0,,NO_WORKING_PDF,
9,,"Textured (K,Na)NbO3 ceramics with enhanced piezoelectric properties: High kp, d33, and Curie temperature",10.26599/jac.2025.9221206,2026,Journal of Advanced Ceramics,True,https://www.sciopen.com/article_pdf/1989137859572453378.pdf,DOWNLOAD_FAILED,,,0,HTTPError: 404 Client Error: Not Found for url: https://www.sciopen.com/article_pdf/1989137859572453378.pdf,NO_WORKING_PDF,HTTPError: 404 Client Error: Not Found for url: https://www.sciopen.com/article_pdf/1989137859572453378.pdf
10,,Enhanced piezoelectric properties in 0.665PMN-0.335PT-based piezoceramics with high Curie temperature by phase tuning,10.1142/s2010135x25500250,2026,Journal of Advanced Dielectrics,True,https://doi.org/10.1142/s2010135x25500250,DOWNLOAD_FAILED,,,0,HTTPError: 403 Client Error: Forbidden for url: https://www.worldscientific.com/doi/10.1142/S2010135X25500250,NO_WORKING_PDF,
11,,One-step sintering enabled structural stability and defect suppression even in Fe-off-stoichiometric BiFeO3-BaTiO3 piezoceramics,10.1016/j.jmat.2025.101158,2026,Journal of Materiomics,True,https://doi.org/10.1016/j.jmat.2025.101158,DOWNLOAD_FAILED,,,0,ValueError: response is not a PDF,NO_WORKING_PDF,
12,103,Concurrently enhanced piezoelectric performance and curie temperature in stressed lead-free Ba0.85Ca0.15Ti0.9Zr0.1O3 ceramics,10.1038/s41467-025-59311-2,2025,Nature Communications,True,https://www.nature.com/articles/s41467-025-59311-2.pdf,DOWNLOADED,103-Concurrently enhanced piezoelectric performance and curie temperature in stressed lead-free Ba0.85Ca0.15T.pdf,3eb23801b5829964f722780d3ef9621ffb57f2ad74c60c7c87d9a5f6a9d94ad9,5589993,,,
13,,Simultaneous enhancement of piezoelectric performance and Curie temperature in high-temperature Bi4Ti3O12 piezoceramics through A/B site co-doping,10.26599/jac.2025.9221077,2025,Journal of Advanced Ceramics,True,https://sciopen.com/article_pdf/1909496977785700353.pdf,DOWNLOAD_FAILED,,,0,"ProxyError: HTTPSConnectionPool(host='sciopen.com', port=443): Max retries exceeded with url: /article_pdf/1909496977785700353.pdf (Caused by ProxyError('Unable to connect to proxy', RemoteDisconnected('Remote end closed connection without response')))",NO_WORKING_PDF,"ProxyError: HTTPSConnectionPool(host='sciopen.com', port=443): Max retries exceeded with url: /article_pdf/1909496977785700353.pdf (Caused by ProxyError('Unable to connect to proxy', RemoteDisconnected('Remote end closed connection without response')))"
14,,Synergistically enhancing the piezoelectric activity and Curie temperature of CaBi4Ti4O15 ceramics via co-doping Gd/Mn at the A/B-site,10.26599/jac.2024.9220952,2024,Journal of Advanced Ceramics,True,https://doi.org/10.26599/jac.2024.9220952,DOWNLOAD_FAILED,,,0,ValueError: response is not a PDF,NO_WORKING_PDF,
15,,Room-temperature magnetoresistive and magnetocaloric effect in La1- x Ba xMnO3compounds: Role of Griffiths phase with ferromagnetic metal cluster above Curie temperature,10.1063/5.0078188,2022,Journal of Applied Physics,False,,NO_OA_PDF,,,0,,NO_WORKING_PDF,
16,104,Textured ferroelectric ceramics with high electromechanical coupling factors over a broad temperature range,10.1038/s41467-021-21673-8,2021,Nature Communications,True,https://www.nature.com/articles/s41467-021-21673-8.pdf,DOWNLOADED,104-Textured ferroelectric ceramics with high electromechanical coupling factors over a broad temperature ran.pdf,ad7625a45869977b6cb340dbaac79b5ec6f7005f4d43ae2268465de056b2b97f,1975112,,,
17,,Chemical-Pressure-Modulated BaTiO3Thin Films with Large Spontaneous Polarization and High Curie Temperature,10.1021/jacs.1c00605,2021,Journal of the American Chemical Society,False,,NO_OA_PDF,,,0,,NO_WORKING_PDF,
18,,Curie temperature modeling of magnetocaloric lanthanum manganites using Gaussian process regression,10.1016/j.jmmm.2020.166998,2020,Journal of Magnetism and Magnetic Materials,False,,NO_OA_PDF,,,0,,NO_WORKING_PDF,
19,,Excellent thermal stability and aging behaviors in BiFeO3-BaTiO3 piezoelectric ceramics with rhombohedral phase,10.1111/jace.16755,2020,Journal of the American Ceramic Society,False,,NO_OA_PDF,,,0,,NO_WORKING_PDF,
20,,Ultrahigh Piezoelectric Response Obtained by Artificially Generating a Large Internal Bias Field in BiFeO3–BaTiO3 Lead-Free Ceramics,10.1002/adfm.202313879,2024,Advanced Functional Materials,False,,NO_OA_PDF,,,0,,NO_WORKING_PDF,
21,,Poling above the Curie temperature driven large enhancement in piezoelectric performance of Mn doped PZT-based piezoceramics,10.1016/j.nanoen.2023.108546,2023,Nano Energy,False,,NO_OA_PDF,,,0,,NO_WORKING_PDF,
22,,"Sm-Doped PIN-PMN-PT Transparent Ceramics with High Curie Temperature, Good Piezoelectricity, and Excellent Electro-Optical Properties",10.1021/acsami.2c19865,2023,ACS Applied Materials and Interfaces,False,,NO_OA_PDF,,,0,,NO_WORKING_PDF,
23,175,Mn-Rich MnSb2Te4: A Topological Insulator with Magnetic Gap Closing at High Curie Temperatures of 45–50 K,10.1002/adma.202102935,2021,Advanced Materials,True,https://arxiv.org/pdf/2011.07052,DOWNLOADED_OPENALEX,175-Mn-Rich MnSb2Te4 A Topological Insulator with Magnetic Gap Closing at High Curie Temperatures of 45–50 K.pdf,e16c469c537a7395506fa462116581fbd80d3330d607dbdf72ef49a9ace62844,6104975,,,
24,,"Fabrication, structure, and frequency-dependent electrical and dielectric properties of Sr-doped BaTiO3 ceramics",10.1016/j.ceramint.2019.09.208,2020,Ceramics International,False,,NO_OA_PDF,,,0,,NO_WORKING_PDF,
25,105,High-throughput discovery of high Curie point two-dimensional ferromagnetic materials,10.1038/s41524-020-0300-2,2020,Npj Computational Materials,True,https://www.nature.com/articles/s41524-020-0300-2.pdf,DOWNLOADED,105-High-throughput discovery of high Curie point two-dimensional ferromagnetic materials.pdf,9da56efb52065dce92145c0dcc687ab431dc62a1f35cfaa729c9f826c33107e6,2011733,,,
26,,"Study of half metallic ferromagnetism, Curie temperature, and thermoelectric aspects of double perovskite oxides Ba2XMoO6 (X = Cr, Mn, Fe, Co) for spintronic applications",10.1016/j.mssp.2025.109519,2025,Materials Science in Semiconductor Processing,False,,NO_OA_PDF,,,0,,NO_WORKING_PDF,
27,,Design and development of a new lead-free BiFeO3-BaTiO3 quenched ceramics for high piezoelectric strain performance,10.1016/j.cej.2023.145387,2023,Chemical Engineering Journal,False,,NO_OA_PDF,,,0,,NO_WORKING_PDF,
28,,Investigation of BiFeO3-BaTiO3 lead-free piezoelectric ceramics with nonstoichiometric bismuth,10.20517/microstructures.2023.34,2023,Microstructures,False,,NO_OA_PDF,,,0,,NO_WORKING_PDF,
29,,Improvement in piezoelectric performance of the lead-free BiFeO3-BaTiO3 ceramics by synergistic approach,10.1016/j.jmst.2023.02.058,2023,Journal of Materials Science and Technology,False,,NO_OA_PDF,,,0,,NO_WORKING_PDF,
30,,On-the-fly interpretable machine learning for rapid discovery of two-dimensional ferromagnets with high Curie temperature,10.1016/j.chempr.2021.11.009,2022,Chem,True,https://doi.org/10.1016/j.chempr.2021.11.009,DOWNLOAD_FAILED,,,0,ValueError: response is not a PDF,NO_WORKING_PDF,
31,106,A combinatory ferroelectric compound bridging simple ABO3 and A-site-ordered quadruple perovskite,10.1038/s41467-020-20833-6,2021,Nature Communications,True,https://www.nature.com/articles/s41467-020-20833-6.pdf,DOWNLOADED,106-A combinatory ferroelectric compound bridging simple ABO3 and A-site-ordered quadruple perovskite.pdf,d0ed8c42d28788fea1a3be768b904019bef8d51b8a0195fc22e92d03c62bcfd8,1534967,,,
32,,Two-Dimensional Layered Perovskite Ferroelectric with Giant Piezoelectric Voltage Coefficient,10.1021/jacs.9b12368,2020,Journal of the American Chemical Society,True,https://figshare.com/articles/journal_contribution/Two-Dimensional_Layered_Perovskite_Ferroelectric_with_Giant_Piezoelectric_Voltage_Coefficient/11482605/1/files/20504034.pdf,DOWNLOAD_FAILED,,,0,ValueError: response is not a PDF,NO_WORKING_PDF,
33,,Room-Temperature Ferroelectric Material Composed of a Two-Dimensional Metal Halide Double Perovskite for X-ray Detection,10.1002/anie.202004235,2020,Angewandte Chemie International Edition,False,,NO_OA_PDF,,,0,,NO_WORKING_PDF,
34,,Proximity-Coupling-Induced Significant Enhancement of Coercive Field and Curie Temperature in 2D van der Waals Heterostructures,10.1002/adma.202002032,2020,Advanced Materials,False,,NO_OA_PDF,,,0,,NO_WORKING_PDF,
35,,Concurrent Enhancement of Piezoelectricity and Curie Temperature in Bi4Ti3O12 Ceramics via Dual-Modification,10.1002/adfm.202523058,2026,Advanced Functional Materials,False,,NO_OA_PDF,,,0,,NO_WORKING_PDF,
36,,Effect of PbTiO3 content on the piezoelectric response of high curie temperature PYN-PZT ceramics,10.1016/j.jallcom.2025.185749,2026,Journal of Alloys and Compounds,False,,NO_OA_PDF,,,0,,NO_WORKING_PDF,
37,,Ultrahigh capacitive energy storage of BiFeO3-based ceramics through multi-oriented nanodomain construction,10.1038/s41467-025-57228-4,2025,Nature Communications,True,https://doi.org/10.1038/s41467-025-57228-4,DOWNLOAD_FAILED,,,0,ValueError: response is not a PDF,NO_WORKING_PDF,
38,,Enhancement of piezoelectric properties and temperature stability of high-Curie temperature CaBi2Nb2O9 ceramics,10.1016/j.jeurceramsoc.2024.117101,2025,Journal of the European Ceramic Society,False,,NO_OA_PDF,,,0,,NO_WORKING_PDF,
39,,Synergy ascension of Piezoresponse and curie temperature in bismuth-layered ceramics via defect engineering,10.1016/j.actamat.2025.121108,2025,Acta Materialia,False,,NO_OA_PDF,,,0,,NO_WORKING_PDF,
40,176,Pyroelectricity induced by Schottky interface above the Curie temperature of bulk materials,10.1016/j.joule.2023.12.006,2024,Joule,True,https://purehost.bath.ac.uk/ws/files/321087618/Pyroelectricity_induced_by_Schottky_interface_AAM.pdf,DOWNLOADED_OPENALEX,176-Pyroelectricity induced by Schottky interface above the Curie temperature of bulk materials.pdf,dce988c5c72f4f18a0fdc23af1394a3554db8c6470eab961891bc4176aaf8d7d,483138,,,
41,107,Ferroelectric Polarization in BaTiO3 Nanocrystals Controls Photoelectrochemical Water Oxidation and Photocatalytic Hydrogen Evolution,10.1021/jacs.3c03762,2023,Journal of the American Chemical Society,True,https://www.osti.gov/servlets/purl/2000438,DOWNLOADED,107-Ferroelectric Polarization in BaTiO3 Nanocrystals Controls Photoelectrochemical Water Oxidation and Photo.pdf,9dc97b8dd711bd46dc1a73bd6c54fba030938cfb8f797e75f22d3789237ce678,2367562,,,
42,,Large Electrostrictive Coefficient in a Two-Dimensional Hybrid Perovskite Ferroelectric,10.1021/jacs.0c12907,2021,Journal of the American Chemical Society,False,,NO_OA_PDF,,,0,,NO_WORKING_PDF,
43,,A multiaxial lead-free two-dimensional organic-inorganic perovskite ferroelectric,10.1093/nsr/nwaa232,2021,National Science Review,True,https://academic.oup.com/nsr/article-pdf/8/5/nwaa232/38909493/nwaa232.pdf,DOWNLOAD_FAILED,,,0,HTTPError: 403 Client Error: Forbidden for url: https://academic.oup.com/nsr/article-pdf/8/5/nwaa232/38909493/nwaa232.pdf,NO_WORKING_PDF,HTTPError: 403 Client Error: Forbidden for url: https://academic.oup.com/nsr/article-pdf/8/5/nwaa232/38909493/nwaa232.pdf
44,,Confinement-Driven Ferroelectricity in a Two-Dimensional Hybrid Lead Iodide Perovskite,10.1021/jacs.0c03710,2020,Journal of the American Chemical Society,False,,NO_OA_PDF,,,0,,NO_WORKING_PDF,
45,,Two-Dimensional Hybrid Perovskite Ferroelectric Induced by Perfluorinated Substitution,10.1021/jacs.0c10686,2020,Journal of the American Chemical Society,False,,NO_OA_PDF,,,0,,NO_WORKING_PDF,
46,,DFT-based and experimental study on Sr-doped BaTiO3: Impacts on piezoelectric and ferroelectric performance,10.1016/j.ceramint.2025.03.069,2025,Ceramics International,True,https://doi.org/10.1016/j.ceramint.2025.03.069,DOWNLOAD_FAILED,,,0,ValueError: response is not a PDF,NO_WORKING_PDF,
47,,Tunable Domain Switching Features of Incommensurate Antiferroelectric Ceramics Realizing Excellent Energy Storage Properties,10.1002/adma.202201333,2022,Advanced Materials,True,https://onlinelibrary.wiley.com/doi/pdfdirect/10.1002/adma.202201333,DOWNLOAD_FAILED,,,0,HTTPError: 403 Client Error: Forbidden for url: https://onlinelibrary.wiley.com/doi/pdfdirect/10.1002/adma.202201333,NO_WORKING_PDF,
48,108,Imperceptible energy harvesting device and biomedical sensor based on ultraflexible ferroelectric transducers and organic diodes,10.1038/s41467-021-22663-6,2021,Nature Communications,True,https://www.nature.com/articles/s41467-021-22663-6.pdf,DOWNLOADED,108-Imperceptible energy harvesting device and biomedical sensor based on ultraflexible ferroelectric transdu.pdf,ae1a76b4824e9d6245fd07bb8dfcff461b02b73f6b0606d1a0a9b08c4101c038,2213522,,,
49,,Trilayered Lead Chloride Perovskite Ferroelectric Affording Self-Powered Visible-Blind Ultraviolet Photodetection with Large Zero-Bias Photocurrent,10.1021/jacs.9b10919,2020,Journal of the American Chemical Society,False,,NO_OA_PDF,,,0,,NO_WORKING_PDF,
50,,A Three-Dimensional Lead Halide Perovskite-Related Ferroelectric,10.1021/jacs.0c00375,2020,Journal of the American Chemical Society,False,,NO_OA_PDF,,,0,,NO_WORKING_PDF,
51,109,Electrically tunable high Curie temperature two-dimensional ferromagnetism in van der Waals layered crystals,10.1063/5.0014865,2020,Applied Physics Letters,True,https://arxiv.org/pdf/1811.02674,DOWNLOADED,109-Electrically tunable high Curie temperature two-dimensional ferromagnetism in van der Waals layered cryst.pdf,671c2acb24501eae1cac036f4f3984c4243a847146727c4f170447b7494afeda,1303068,,,
52,,Large enhancement of ferroelectric properties of perovskite oxides via nitrogen incorporation,10.1126/sciadv.ads8830,2025,Science Advances,True,https://doi.org/10.1126/sciadv.ads8830,DOWNLOAD_FAILED,,,0,HTTPError: 403 Client Error: Forbidden for url: https://www.science.org/doi/10.1126/sciadv.ads8830,NO_WORKING_PDF,HTTPError: 403 Client Error: Forbidden for url: https://escholarship.org/content/qt8t077677/qt8t077677.pdf | HTTPError: 403 Client Error: Forbidden for url: https://pmc.ncbi.nlm.nih.gov/articles/PMC11721576/pdf/sciadv.ads8830.pdf
53,110,Lone pair expression in fluorinated two-dimensional hybrid perovskite enables multiaxial ferroelectricity and nonlinear optical response,10.1038/s41467-025-63134-6,2025,Nature Communications,True,https://www.nature.com/articles/s41467-025-63134-6.pdf,DOWNLOADED,110-Lone pair expression in fluorinated two-dimensional hybrid perovskite enables multiaxial ferroelectricity.pdf,609c35d9e070025fdc5e28ae827571a64c5b97121fca55a3e480a39018081226,2510836,,,
54,,Gaussian process modeling of doped-lanthanum manganites Curie temperature from compositions and ionic radii,10.1016/j.ssc.2022.115025,2023,Solid State Communications,False,,NO_OA_PDF,,,0,,NO_WORKING_PDF,
55,111,Simultaneously achieving giant piezoelectricity and record coercive field enhancement in relaxor-based ferroelectric crystals,10.1038/s41467-022-29962-6,2022,Nature Communications,True,https://www.nature.com/articles/s41467-022-29962-6.pdf,DOWNLOADED,111-Simultaneously achieving giant piezoelectricity and record coercive field enhancement in relaxor-based fe.pdf,a2e3c0d4eb4745578156fdd629f2374d9b3a36ae5de42e9eeb4ce648de7da9f6,1819380,,,
56,,A universal framework for metropolis Monte Carlo simulation of magnetic Curie temperature,10.1016/j.commatsci.2021.110638,2021,Computational Materials Science,False,,NO_OA_PDF,,,0,,NO_WORKING_PDF,
57,,"Two-dimensional ferromagnetic semiconductors of rare-earth monolayer GdX2 (X = Cl, Br, I) with large perpendicular magnetic anisotropy and high Curie temperature",10.1016/j.mtphys.2021.100514,2021,Materials Today Physics,False,,NO_OA_PDF,,,0,,NO_WORKING_PDF,
58,,Room-temperature multiferroicity and diversified magnetoelectric couplings in 2D materials,10.1093/nsr/nwz169,2020,National Science Review,True,https://academic.oup.com/nsr/article-pdf/7/2/373/32922015/nwz169.pdf,DOWNLOAD_FAILED,,,0,HTTPError: 403 Client Error: Forbidden for url: https://academic.oup.com/nsr/article-pdf/7/2/373/32922015/nwz169.pdf,NO_WORKING_PDF,HTTPError: 403 Client Error: Forbidden for url: https://academic.oup.com/nsr/article-pdf/7/2/373/32922015/nwz169.pdf
59,,"Predicted 2D ferromagnetic Janus VSeTe monolayer with high Curie temperature, large valley polarization and magnetic crystal anisotropy",10.1039/d0nr04837b,2020,Nanoscale,False,,NO_OA_PDF,,,0,,NO_WORKING_PDF,
60,,"Strain-Controllable High Curie Temperature, Large Valley Polarization, and Magnetic Crystal Anisotropy in a 2D Ferromagnetic Janus VSeTe Monolayer",10.1021/acsami.0c13988,2020,ACS Applied Materials and Interfaces,True,https://doi.org/10.1021/acsami.0c13988.s001,DOWNLOAD_FAILED,,,0,HTTPError: 403 Client Error: Forbidden for url: https://pubs.acs.org/doi/suppl/10.1021/acsami.0c13988/suppl_file/am0c13988_si_001.pdf,NO_WORKING_PDF,
61,112,Two-dimensional Weyl nodal-line semimetal in a d0 ferromagnetic K2 N monolayer with a high Curie temperature,10.1103/physrevb.102.125118,2020,Physical Review B,True,https://arxiv.org/pdf/2006.02018,DOWNLOADED,112-Two-dimensional Weyl nodal-line semimetal in a d0 ferromagnetic K2 N monolayer with a high Curie temperat.pdf,5e9b8bf46815812948a017d8d1c5c2baca8f7ba4e7e037fa833577a896b30b90,2261397,,,
62,113,Coupled ferroelectricity and superconductivity in bilayer Td-MoTe2,10.1038/s41586-022-05521-3,2023,Nature,True,https://arxiv.org/pdf/2304.05443,DOWNLOADED,113-Coupled ferroelectricity and superconductivity in bilayer Td-MoTe2.pdf,168addc1c9f8292d7ac67884195f0404cee0c0a5216623ea0f0e9e59b032cb5c,36777724,,,
63,,Giant Energy Storage Density with Antiferroelectric-Like Properties in BNT-Based Ceramics via Phase Structure Engineering,10.1002/smll.202302346,2023,Small,False,,NO_OA_PDF,,,0,,NO_WORKING_PDF,
64,,Remarkable Enhancement of Piezoelectric Performance by Heavy Halogen Substitution in Hybrid Perovskite Ferroelectrics,10.1021/jacs.2c12306,2023,Journal of the American Chemical Society,False,,NO_OA_PDF,,,0,,NO_WORKING_PDF,
65,,Large Piezoelectric Response in a Metal-Free Three-Dimensional Perovskite Ferroelectric,10.1021/jacs.3c00646,2023,Journal of the American Chemical Society,False,,NO_OA_PDF,,,0,,NO_WORKING_PDF,
66,,Giant Polarization Sensitivity via the Anomalous Photovoltaic Effect in a Two-Dimensional Perovskite Ferroelectric,10.1021/jacs.3c05020,2023,Journal of the American Chemical Society,False,,NO_OA_PDF,,,0,,NO_WORKING_PDF,
67,,"Two-dimensional rare-earth Janus 2H-GdXY (X,Y=Cl,Br, I; X≠Y) monolayers: Bipolar ferromagnetic semiconductors with high Curie temperature and large valley polarization",10.1103/physrevb.107.115428,2023,Physical Review B,False,,NO_OA_PDF,,,0,,NO_WORKING_PDF,
68,114,Two-dimensional multiferroic material of metallic p-doped SnSe,10.1038/s41467-022-33917-2,2022,Nature Communications,True,https://www.nature.com/articles/s41467-022-33917-2.pdf,DOWNLOADED,114-Two-dimensional multiferroic material of metallic p-doped SnSe.pdf,e122986d840670a0d0d6593a225e0dd082bb0b8e03cbd203d4466e24c246be12,4465721,,,
69,,Discovery of a 2D Hybrid Silver/Antimony-Based Iodide Double Perovskite Photoferroelectric with Photostrictive Effect and Efficient X-Ray Response,10.1002/adfm.202205918,2022,Advanced Functional Materials,False,,NO_OA_PDF,,,0,,NO_WORKING_PDF,
70,115,"The mechanism for the enhanced piezoelectricity in multi-elements doped (K,Na)NbO3 ceramics",10.1038/s41467-021-21202-7,2021,Nature Communications,True,https://www.nature.com/articles/s41467-021-21202-7.pdf,DOWNLOADED,"115-The mechanism for the enhanced piezoelectricity in multi-elements doped (K,Na)NbO3 ceramics.pdf",bd64a3f59adfa6d7632243aecf06a23e8f2ddbd4faa2c784460089fe4e50c7cf,6588009,,,
71,,Highly Tunable Multifunctional BaTiO3-Based Ferroelectrics via Site Selective Doping Strategy,10.1016/j.actamat.2021.116792,2021,Acta Materialia,False,,NO_OA_PDF,,,0,,NO_WORKING_PDF,
72,116,Magnetic ground state and electron-doping tuning of Curie temperature in Fe3GeTe2: First-principles studies,10.1103/physrevb.103.085102,2021,Physical Review B,True,https://arxiv.org/pdf/2009.05701,DOWNLOADED,116-Magnetic ground state and electron-doping tuning of Curie temperature in Fe3GeTe2 First-principles studie.pdf,def874369ef04ef773507597e5b41350b1c3d2d8704b5bbff9711bc9882f7790,2068361,,,
73,,P(VDF-TrFE) nanofibers: Structure of the ferroelectric and paraelectric phases through IR and Raman spectroscopies,10.1039/d0ra05478j,2020,Rsc Advances,True,https://pubs.rsc.org/en/content/articlepdf/2020/ra/d0ra05478j,DOWNLOAD_FAILED,,,0,HTTPError: 403 Client Error: Forbidden for url: https://pubs.rsc.org/en/content/articlepdf/2020/ra/d0ra05478j,NO_WORKING_PDF,HTTPError: 403 Client Error: Forbidden for url: https://pubs.rsc.org/en/content/articlepdf/2020/ra/d0ra05478j
74,,Simultaneously achieving large transducer figure-of-merits and high curie temperature through acceptor doping in PMN-PAN-PZT ternary system for high power applications,10.1016/j.jeurceramsoc.2025.117747,2026,Journal of the European Ceramic Society,False,,NO_OA_PDF,,,0,,NO_WORKING_PDF,
75,,Achieving higher Curie temperature and magnetic entropy change by minor Co substitution for Fe in a Fe88Pr10Al2 amorphous alloy,10.1016/j.intermet.2025.109125,2026,Intermetallics,False,,NO_OA_PDF,,,0,,NO_WORKING_PDF,
76,,Enhanced Piezoelectric and Ferroelectric Properties of Ion-Doped BaTiO3,10.1002/pssb.202500411,2026,Physica Status Solidi B Basic Research,False,,NO_OA_PDF,,,0,,NO_WORKING_PDF,
77,,"Multielement (Fe, La, Ca, Zr) doping achieves superior dielectric properties and broad-temperature stability in BaTiO3-based ceramics",10.1016/j.ceramint.2026.02.114,2026,Ceramics International,False,,NO_OA_PDF,,,0,,NO_WORKING_PDF,
78,,Influence of heat sintering on the physical properties of bulk La0.67Ca0.33MnO3 perovskite manganite: role of oxygen in tuning the magnetocaloric response,10.1039/d3cp04185a,2024,Physical Chemistry Chemical Physics,True,https://pubs.rsc.org/en/content/articlepdf/2024/cp/d3cp04185a,DOWNLOAD_FAILED,,,0,HTTPError: 403 Client Error: Forbidden for url: https://pubs.rsc.org/en/content/articlepdf/2024/cp/d3cp04185a,NO_WORKING_PDF,HTTPError: 403 Client Error: Forbidden for url: https://pubs.rsc.org/en/content/articlepdf/2024/cp/d3cp04185a
79,117,High-performance van der Waals antiferroelectric CuCrP2S6-based memristors,10.1038/s41467-023-43628-x,2023,Nature Communications,True,https://www.nature.com/articles/s41467-023-43628-x.pdf,DOWNLOADED,117-High-performance van der Waals antiferroelectric CuCrP2S6-based memristors.pdf,1f02f6d73aa5a509f556eba8541c1f6f098de6872098d3a0b441a438121e4b96,3711817,,,
80,,Photoexcited Ultraviolet-to-Infrared (II) Pyroelectricity in a 2D Ferroelectric Perovskite Driving Broadband Self-Powered Photoactivities,10.1002/adfm.202214858,2023,Advanced Functional Materials,False,,NO_OA_PDF,,,0,,NO_WORKING_PDF,
81,,Room-Temperature Ferroelectricity in 1 T′ - ReS2 Multilayers,10.1103/physrevlett.128.067601,2022,Physical Review Letters,False,,NO_OA_PDF,,,0,,NO_WORKING_PDF,
82,,High-Performance Strain of Lead-Free Relaxor-Ferroelectric Piezoceramics by the Morphotropic Phase Boundary Modification,10.1002/adfm.202202307,2022,Advanced Functional Materials,False,,NO_OA_PDF,,,0,,NO_WORKING_PDF,
83,,Unprecedented Ferroelectricity and Ferromagnetism in a Cr2+-Based Two-Dimensional Hybrid Perovskite,10.1002/anie.202206034,2022,Angewandte Chemie International Edition,False,,NO_OA_PDF,,,0,,NO_WORKING_PDF,
84,,Origin of Ferroelectricity in Two Prototypical Hybrid Organic-Inorganic Perovskites,10.1021/jacs.1c10188,2022,Journal of the American Chemical Society,False,,NO_OA_PDF,,,0,,NO_WORKING_PDF,
85,118,Thermodynamics and dielectric response of BaTiO3 by data-driven modeling,10.1038/s41524-022-00845-0,2022,Npj Computational Materials,True,https://www.nature.com/articles/s41524-022-00845-0.pdf,DOWNLOADED,118-Thermodynamics and dielectric response of BaTiO3 by data-driven modeling.pdf,de8b0200b0ea3ea0c4c65ca05b19c636fdbf4e30bb8650df71b59d424ba09514,3339221,,,
86,,Excellent cryogenic magnetocaloric performances in ferromagnetic Sr2GdNbO6 double perovskite compound,10.1016/j.mtphys.2021.100470,2021,Materials Today Physics,False,,NO_OA_PDF,,,0,,NO_WORKING_PDF,
87,,Room-Temperature Symmetric Giant Positive and Negative Electrocaloric Effect in PbMg0.5W0.5O3 Antiferroelectric Ceramic,10.1002/adfm.202101176,2021,Advanced Functional Materials,False,,NO_OA_PDF,,,0,,NO_WORKING_PDF,
88,,Bromine-Substitution-Induced High- TcTwo-Dimensional Bilayered Perovskite Photoferroelectric,10.1021/jacs.1c00459,2021,Journal of the American Chemical Society,False,,NO_OA_PDF,,,0,,NO_WORKING_PDF,
89,,The First Improper Ferroelectric of 2D Multilayered Hybrid Perovskite Enabling Strong Tunable Polarization-Directed Second Harmonic Generation Effect,10.1002/adfm.202103012,2021,Advanced Functional Materials,False,,NO_OA_PDF,,,0,,NO_WORKING_PDF,
90,,Grain-Oriented Ferroelectric Ceramics with Single-Crystal-like Piezoelectric Properties and Low Texture Temperature,10.1021/acsami.0c11680,2020,ACS Applied Materials and Interfaces,False,,NO_OA_PDF,,,0,,NO_WORKING_PDF,
91,119,Robust multiferroic in interfacial modulation synthesized wafer-scale one-unit-cell of chromium sulfide,10.1038/s41467-024-44929-5,2024,Nature Communications,True,https://www.nature.com/articles/s41467-024-44929-5.pdf,DOWNLOADED,119-Robust multiferroic in interfacial modulation synthesized wafer-scale one-unit-cell of chromium sulfide.pdf,1108b761d5a1133a55d4539b091e565d4b20feae27fb1d17fb9ca649f9557a24,6562375,,,
92,,Molecular Engineering Regulation Achieving Out-of-Plane Polarization in Rare-Earth Hybrid Double Perovskites for Ferroelectrics and Circularly Polarized Luminescence,10.1002/anie.202409796,2024,Angewandte Chemie International Edition,False,,NO_OA_PDF,,,0,,NO_WORKING_PDF,
93,,Metal-Free Perovskite Ferroelectrics with the Most Equivalent Polarization Axes,10.1021/jacs.4c07268,2024,Journal of the American Chemical Society,False,,NO_OA_PDF,,,0,,NO_WORKING_PDF,
94,,Lead zirconate titanate ceramics with aligned crystallite grains,10.1126/science.adf6161,2023,Science,False,,NO_OA_PDF,,,0,,NO_WORKING_PDF,
95,,Superior energy storage properties with thermal stability in lead-free ceramics by constructing an antiferroelectric/relaxor-antiferroelectric crossover,10.1016/j.actamat.2023.118826,2023,Acta Materialia,False,,NO_OA_PDF,,,0,,NO_WORKING_PDF,
96,,Energy storage density and charge–discharge properties of PbHf1−xSnxO3 antiferroelectric ceramics,10.1016/j.cej.2021.132540,2022,Chemical Engineering Journal,False,,NO_OA_PDF,,,0,,NO_WORKING_PDF,
97,,Tuning the Circular Dichroism and Circular Polarized Luminescence Intensities of Chiral 2D Hybrid Organic–Inorganic Perovskites through Halogenation of the Organic Ions,10.1002/anie.202107239,2021,Angewandte Chemie International Edition,False,,NO_OA_PDF,,,0,,NO_WORKING_PDF,
98,177,The ferroelectric photo ground state of SrTiO3: Cavity materials engineering,10.1073/pnas.2105618118,2021,Proceedings of the National Academy of Sciences of the United States of America,True,https://arxiv.org/pdf/2101.11313,DOWNLOADED_OPENALEX,177-The ferroelectric photo ground state of SrTiO3 Cavity materials engineering.pdf,fa22ab2f0b8064a26d55f83d77ed7892a5d183bbed1283e4c351cc4037c99dc7,7005986,,,
99,120,Direct measurement of ferroelectric polarization in a tunable semimetal,10.1038/s41467-021-25587-3,2021,Nature Communications,True,https://www.nature.com/articles/s41467-021-25587-3.pdf,DOWNLOADED,120-Direct measurement of ferroelectric polarization in a tunable semimetal.pdf,1d564d726690f62e36dfbc0402fbc6184e25eca25e0d457025bb5ebc5a19c9d8,1661038,,,
100,178,Unconventional Transverse Transport above and below the Magnetic Transition Temperature in Weyl Semimetal EuCd2As2,10.1103/physrevlett.126.076602,2021,Physical Review Letters,True,https://arxiv.org/pdf/2008.05390,DOWNLOADED_OPENALEX,178-Unconventional Transverse Transport above and below the Magnetic Transition Temperature in Weyl Semimetal.pdf,c3c6847f1490f093e414d2a0dc9a1c2098cd006db5734b75d62074ecf72bacb2,2837254,,,
101,121,Machine-learning-guided discovery of the gigantic magnetocaloric effect in HoB2 near the hydrogen liquefaction temperature,10.1038/s41427-020-0214-y,2020,Npg Asia Materials,True,https://www.nature.com/articles/s41427-020-0214-y.pdf,DOWNLOADED,121-Machine-learning-guided discovery of the gigantic magnetocaloric effect in HoB2 near the hydrogen liquefa.pdf,2af0cfc1d012f71c41bf075f7ca7c9514bc8dd236e667a4737f6382c62d48ccb,1117177,,,
102,,Ferroelectric-field accelerated charge transfer in 2D CuInP2S6 heterostructure for enhanced photocatalytic H2 evolution,10.1016/j.nanoen.2020.104972,2020,Nano Energy,False,,NO_OA_PDF,,,0,,NO_WORKING_PDF,
103,,Magnetic transition and magnetocaloric properties in Tm2FeAl3 compound,10.1016/j.jmmm.2026.174110,2026,Journal of Magnetism and Magnetic Materials,False,,NO_OA_PDF,,,0,,NO_WORKING_PDF,
104,,"Glassy formation ability, magnetic transition and low-temperature magnetocaloric performances of amorphous Ho30Gd30Ni20Cu20 ribbon",10.1016/j.ssc.2026.116323,2026,Solid State Communications,False,,NO_OA_PDF,,,0,,NO_WORKING_PDF,
105,,Designing gadolinium-transition metals-based perovskite type high entropy oxides with good cryogenic magnetocaloric performances,10.1016/j.jmst.2024.05.004,2025,Journal of Materials Science and Technology,False,,NO_OA_PDF,,,0,,NO_WORKING_PDF,
106,122,Interface-induced dual-pinning mechanism enhances low-frequency electromagnetic wave loss,10.1038/s41467-024-47537-5,2024,Nature Communications,True,https://www.nature.com/articles/s41467-024-47537-5.pdf,DOWNLOADED,122-Interface-induced dual-pinning mechanism enhances low-frequency electromagnetic wave loss.pdf,a43c74bb584cf02acd07f983b531000b9ea8ec5bee98c6019962bb42cc6c6483,2977596,,,
107,,"Experimental and theoretical insights into the structural, magnetic, and low-temperature magnetocaloric properties of RE2CoTiO6 (RE = Gd, Dy, and Er) double perovskite oxides",10.1039/d4ta05172f,2024,Journal of Materials Chemistry A,False,,NO_OA_PDF,,,0,,NO_WORKING_PDF,
108,,"Control of spin on ferromagnetism and thermoelectric properties of K2GeMnX6 (X = Cl, Br, I) halide perovskites: emerging candidates for semiconductor spintronics and thermoelectric applications",10.1039/d3ma01160g,2024,Materials Advances,True,https://doi.org/10.1039/d3ma01160g,DOWNLOAD_FAILED,,,0,HTTPError: 403 Client Error: Forbidden for url: https://pubs.rsc.org/ma/article/5/11/4913-4931/812810,NO_WORKING_PDF,
109,179,Dual-role ion dynamics in ferroionic CuInP2S6: revealing the transition from ferroelectric to ionic switching mechanisms,10.1038/s41467-024-55160-7,2024,Nature Communications,False,https://www.nature.com/articles/s41467-024-55160-7.pdf,DOWNLOADED_OPENALEX,179-Dual-role ion dynamics in ferroionic CuInP2S6 revealing the transition from ferroelectric to ionic switch.pdf,f4b54069facb19bd7b752be926cc1717abb3186dc13163d0fc61f7e317204e74,2193817,,,
110,,Chemical Vapor Deposition Synthesis of Intrinsic High-Temperature Ferroelectric 2D CuCrSe2,10.1002/adma.202400655,2024,Advanced Materials,True,https://onlinelibrary.wiley.com/doi/pdfdirect/10.1002/adma.202400655,DOWNLOAD_FAILED,,,0,HTTPError: 403 Client Error: Forbidden for url: https://onlinelibrary.wiley.com/doi/pdfdirect/10.1002/adma.202400655,NO_WORKING_PDF,HTTPError: 403 Client Error: Forbidden for url: https://onlinelibrary.wiley.com/doi/pdfdirect/10.1002/adma.202400655
111,,Engineering Thermoelectric Performance of α-GeTe by Ferroelectric Distortion,10.1002/eem2.12535,2024,Energy and Environmental Materials,True,https://doi.org/10.1002/eem2.12535,DOWNLOAD_FAILED,,,0,HTTPError: 403 Client Error: Forbidden for url: https://onlinelibrary.wiley.com/doi/10.1002/eem2.12535,NO_WORKING_PDF,
112,,High-Temperature Dielectric Relaxation and Electric Conduction Mechanisms in a LaCoO3-Modified Na0.5Bi0.5TiO3 System,10.1021/acsomega.3c04490,2023,ACS Omega,True,https://pubs.acs.org/doi/pdf/10.1021/acsomega.3c04490,DOWNLOAD_FAILED,,,0,HTTPError: 403 Client Error: Forbidden for url: https://pubs.acs.org/doi/pdf/10.1021/acsomega.3c04490,NO_WORKING_PDF,HTTPError: 403 Client Error: Forbidden for url: https://pubs.acs.org/doi/pdf/10.1021/acsomega.3c04490
113,,Size-Induced Ferroelectricity in Antiferroelectric Oxide Membranes,10.1002/adma.202210562,2023,Advanced Materials,True,https://onlinelibrary.wiley.com/doi/pdfdirect/10.1002/adma.202210562,DOWNLOAD_FAILED,,,0,HTTPError: 403 Client Error: Forbidden for url: https://onlinelibrary.wiley.com/doi/pdfdirect/10.1002/adma.202210562,NO_WORKING_PDF,HTTPError: 403 Client Error: Forbidden for url: https://onlinelibrary.wiley.com/doi/pdfdirect/10.1002/adma.202210562 | ValueError: response is not a PDF | HTTPError: 403 Client Error: Forbidden for url: https://escholarship.org/content/qt9hz2v127/qt9hz2v127.pdf
114,123,Polar Solomon rings in ferroelectric nanocrystals,10.1038/s41467-023-39668-y,2023,Nature Communications,True,https://www.nature.com/articles/s41467-023-39668-y.pdf,DOWNLOADED,123-Polar Solomon rings in ferroelectric nanocrystals.pdf,6561d2af1be7f12e3e00ad048be9f72c712a650a012f3212a224303f7b944536,2944505,,,
115,,An Epitaxial Ferroelectric ScAlN/GaN Heterostructure Memory,10.1002/aelm.202200005,2022,Advanced Electronic Materials,True,https://doi.org/10.1002/aelm.202200005,DOWNLOAD_FAILED,,,0,HTTPError: 403 Client Error: Forbidden for url: https://advanced.onlinelibrary.wiley.com/doi/10.1002/aelm.202200005,NO_WORKING_PDF,HTTPError: 403 Client Error: Forbidden for url: https://deepblue.lib.umich.edu/items/37580ea4-9b89-4365-828a-121a8628c674
116,,Energy storage performance of K0.5Na0.5NbO3-based ceramics modified by Bi(Zn2/3(Nb0.85Ta0.15)1/3)O3,10.1016/j.cej.2021.131465,2021,Chemical Engineering Journal,False,,NO_OA_PDF,,,0,,NO_WORKING_PDF,
117,,Significantly enhanced piezoelectric performance in Bi4Ti3O12-based high-temperature piezoceramics via oxygen vacancy defects tailoring,10.1016/j.jmat.2020.08.003,2021,Journal of Materiomics,True,https://www.sciencedirect.com/science/article/pii/S2352847820302604/pdf,DOWNLOAD_FAILED,,,0,HTTPError: 403 Client Error: Forbidden for url: https://www.sciencedirect.com/science/article/pii/S2352847820302604/pdf,NO_WORKING_PDF,HTTPError: 403 Client Error: Forbidden for url: https://www.sciencedirect.com/science/article/pii/S2352847820302604/pdf
118,,Giant energy storage efficiency and high recoverable energy storage density achieved in K0.5Na0.5NbO3-Bi(Zn0.5Zr0.5)O3ceramics,10.1039/d0tc01711f,2020,Journal of Materials Chemistry C,False,,NO_OA_PDF,,,0,,NO_WORKING_PDF,
119,,Evidence of a magnetic transition in atomically thin Cr2TiC2T: X MXene,10.1039/d0nh00343c,2020,Nanoscale Horizons,True,https://www.osti.gov/biblio/1682362,DOWNLOAD_FAILED,,,0,ValueError: response is not a PDF,NO_WORKING_PDF,
120,124,Engineered local polarization disorder unlocks record efficiency in antiferroelectric capacitors,10.1038/s41467-026-72274-2,2026,Nature Communications,True,https://www.nature.com/articles/s41467-026-72274-2_reference.pdf,DOWNLOADED,124-Engineered local polarization disorder unlocks record efficiency in antiferroelectric capacitors.pdf,8df3f2c85f2e12098a1b6af0798560a77cb8bf4b20128433960fee9c0f734aad,2612331,,,
121,,Intrinsic Ferroelectricity in ɛ-Ga2O3: Experimental and Theoretical Insights,10.1002/adfm.202524055,2026,Advanced Functional Materials,True,https://onlinelibrary.wiley.com/doi/pdfdirect/10.1002/adfm.202524055,DOWNLOAD_FAILED,,,0,HTTPError: 403 Client Error: Forbidden for url: https://onlinelibrary.wiley.com/doi/pdfdirect/10.1002/adfm.202524055,NO_WORKING_PDF,HTTPError: 403 Client Error: Forbidden for url: https://onlinelibrary.wiley.com/doi/pdfdirect/10.1002/adfm.202524055
122,,Molecular Symmetry and Geometry Engineering for High-Temperature Ferroelectricity and Low Coercive Field in Hybrid Metal Halides,10.1002/anie.202523302,2026,Angewandte Chemie International Edition,False,,NO_OA_PDF,,,0,,NO_WORKING_PDF,HTTPError: 403 Client Error: Forbidden for url: https://onlinelibrary.wiley.com/doi/pdfdirect/10.1002/anie.202523302
123,180,"Ultrahigh piezoelectric performances of (K,Na)NbO3 based ceramics enabled by structural flexibility and grain orientation",10.1038/s41467-025-56074-8,2025,Nature Communications,True,https://www.nature.com/articles/s41467-025-56074-8.pdf,DOWNLOADED_OPENALEX,"180-Ultrahigh piezoelectric performances of (K,Na)NbO3 based ceramics enabled by structural flexibility and g.pdf",58eaa8c5be980b91e6e7bf72deb02e73c0c58b010248e6de8181b50a585a79ca,3355841,,,
124,,Multiple Polarization States in Hf1−xZrxO2 Thin Films by Ferroelectric and Antiferroelectric Coupling,10.1002/adma.202411463,2025,Advanced Materials,True,https://onlinelibrary.wiley.com/doi/pdfdirect/10.1002/adma.202411463,DOWNLOAD_FAILED,,,0,HTTPError: 403 Client Error: Forbidden for url: https://onlinelibrary.wiley.com/doi/pdfdirect/10.1002/adma.202411463,NO_WORKING_PDF,HTTPError: 403 Client Error: Forbidden for url: https://onlinelibrary.wiley.com/doi/pdfdirect/10.1002/adma.202411463
125,125,2D ferroelectric narrow-bandgap semiconductor Wurtzite’ type α-In2Se3 and its silicon-compatible growth,10.1038/s41467-025-62822-7,2025,Nature Communications,True,https://www.nature.com/articles/s41467-025-62822-7.pdf,DOWNLOADED,125-2D ferroelectric narrow-bandgap semiconductor Wurtzite’ type α-In2Se3 and its silicon-compatible growth.pdf,3620eb21aabf5d4a3eabdfae33c0d194b84bc4aa1295f406859f0aeda61c4ea7,3639736,,,
126,,Interface phenomena and emerging functionalities in ferroelectric oxide based heterostructures,10.1039/d4cc05836d,2025,Chemical Communications,True,https://pubs.rsc.org/en/content/articlepdf/2025/cc/d4cc05836d,DOWNLOAD_FAILED,,,0,HTTPError: 403 Client Error: Forbidden for url: https://pubs.rsc.org/en/content/articlepdf/2025/cc/d4cc05836d,NO_WORKING_PDF,HTTPError: 403 Client Error: Forbidden for url: https://pubs.rsc.org/en/content/articlepdf/2025/cc/d4cc05836d
127,,Bevel-edge epitaxy of ferroelectric rhombohedral boron nitride single crystal,10.1038/s41586-024-07286-3,2024,Nature,False,,NO_OA_PDF,,,0,,NO_WORKING_PDF,
128,126,Multiscale reconfiguration induced highly saturated poling in lead-free piezoceramics for giant energy conversion,10.1038/s41467-024-46894-5,2024,Nature Communications,True,https://www.nature.com/articles/s41467-024-46894-5.pdf,DOWNLOADED,126-Multiscale reconfiguration induced highly saturated poling in lead-free piezoceramics for giant energy co.pdf,cd4474ba919d6436e70c028a5cfb25563ddf3bd91f3a1c01beb134e64b2ba869,3939316,,,
129,,Compromise Optimized Superior Energy Storage Performance in Lead-Free Antiferroelectrics by Antiferroelectricity Modulation and Nanodomain Engineering,10.1002/smll.202306486,2024,Small,False,,NO_OA_PDF,,,0,,NO_WORKING_PDF,HTTPError: 403 Client Error: Forbidden for url: https://onlinelibrary.wiley.com/doi/pdfdirect/10.1002/smll.202306486
130,,"Multiprincipal Element M2FeC (M = Ti,V,Nb,Ta,Zr) MAX Phases with Synergistic Effect of Dielectric and Magnetic Loss",10.1002/advs.202206877,2023,Advanced Science,True,https://onlinelibrary.wiley.com/doi/pdfdirect/10.1002/advs.202206877,DOWNLOAD_FAILED,,,0,HTTPError: 403 Client Error: Forbidden for url: https://onlinelibrary.wiley.com/doi/pdfdirect/10.1002/advs.202206877,NO_WORKING_PDF,HTTPError: 403 Client Error: Forbidden for url: https://onlinelibrary.wiley.com/doi/pdfdirect/10.1002/advs.202206877 | HTTPError: 403 Client Error: Forbidden for url: https://pmc.ncbi.nlm.nih.gov/articles/PMC10074122/pdf/ADVS-10-2206877.pdf
131,,"Greatly improved piezoelectricity and thermal stability of (Na, Sm) Co-doped CaBi2Nb2O9 ceramics",10.1016/j.apmate.2023.100116,2023,Advanced Powder Materials,True,https://doi.org/10.1016/j.apmate.2023.100116,DOWNLOAD_FAILED,,,0,ValueError: response is not a PDF,NO_WORKING_PDF,
132,127,Above-room-temperature strong intrinsic ferromagnetism in 2D van der Waals Fe3GaTe2 with large perpendicular magnetic anisotropy,10.1038/s41467-022-32605-5,2022,Nature Communications,True,https://www.nature.com/articles/s41467-022-32605-5.pdf,DOWNLOADED,127-Above-room-temperature strong intrinsic ferromagnetism in 2D van der Waals Fe3GaTe2 with large perpendicu.pdf,b88594ecb8103947d8c4c262aab408e2095fa66093332ef5cfd3456d5ff9f942,2026118,,,
133,,Synthesis of Group VIII Magnetic Transition-Metal-Doped Monolayer MoSe2,10.1021/acsnano.2c02214,2022,ACS Nano,False,,NO_OA_PDF,,,0,,NO_WORKING_PDF,
134,,The construction of a two-dimensional organic-inorganic hybrid double perovskite ferroelastic with a high Tc and narrow band gap,10.1039/d1sc07045b,2022,Chemical Science,True,https://pubs.rsc.org/en/content/articlepdf/2022/sc/d1sc07045b,DOWNLOAD_FAILED,,,0,HTTPError: 403 Client Error: Forbidden for url: https://pubs.rsc.org/en/content/articlepdf/2022/sc/d1sc07045b,NO_WORKING_PDF,HTTPError: 403 Client Error: Forbidden for url: https://pubs.rsc.org/en/content/articlepdf/2022/sc/d1sc07045b
135,128,"Scrutinized the inherent spin half-metallicity and thermoelectric response of f-electron-based RbMO3 (M = Np, Pu) perovskites: a computational assessment",10.1038/s41598-022-22633-y,2022,Scientific Reports,True,https://www.nature.com/articles/s41598-022-22633-y.pdf,DOWNLOADED,128-Scrutinized the inherent spin half-metallicity and thermoelectric response of f-electron-based RbMO3 (M =.pdf,6f4becdbd24e5f8a28a57822dc9812b9a92620de87383d9c573764ab2c85e029,5194767,,,
136,129,"Intercalated architecture of MA2Z4 family layered van der Waals materials with emerging topological, magnetic and superconducting properties",10.1038/s41467-021-22324-8,2021,Nature Communications,True,https://www.nature.com/articles/s41467-021-22324-8.pdf,DOWNLOADED,"129-Intercalated architecture of MA2Z4 family layered van der Waals materials with emerging topological, magn.pdf",f0eb4f7bd9f7d32d4c54c1731f53807894ee543c6014c5b57dd5d20e0a9986dd,2766654,,,
137,130,Room-temperature intrinsic ferromagnetism in epitaxial CrTe2 ultrathin films,10.1038/s41467-021-22777-x,2021,Nature Communications,True,https://www.nature.com/articles/s41467-021-22777-x.pdf,DOWNLOADED,130-Room-temperature intrinsic ferromagnetism in epitaxial CrTe2 ultrathin films.pdf,00ac4fd4a9b318042b16518eefb471cd2ca60c1ea372432acb1464db5139553f,2741473,,,
138,181,500-Fold Amplification of Small Molecule Circularly Polarised Luminescence through Circularly Polarised FRET,10.1002/anie.202011745,2021,Angewandte Chemie International Edition,True,https://ueaeprints.uea.ac.uk/id/eprint/77124/7/anie_202011745.pdf,DOWNLOADED_OPENALEX,181-500-Fold Amplification of Small Molecule Circularly Polarised Luminescence through Circularly Polarised F.pdf,307b7321383ca941d723061c9095457e916625ffd59556780ef36bcddffa7bee,1720034,,,
139,,Piezoelectric ceramics with high piezoelectricity and broad temperature usage range,10.1016/j.jmat.2020.11.012,2021,Journal of Materiomics,True,https://www.sciencedirect.com/science/article/pii/S2352847820305207/pdf,DOWNLOAD_FAILED,,,0,HTTPError: 403 Client Error: Forbidden for url: https://www.sciencedirect.com/science/article/pii/S2352847820305207/pdf,NO_WORKING_PDF,HTTPError: 403 Client Error: Forbidden for url: https://www.sciencedirect.com/science/article/pii/S2352847820305207/pdf
140,,Reprogrammable shape morphing of magnetic soft machines,10.1126/sciadv.abc6414,2020,Science Advances,True,https://advances.sciencemag.org/content/advances/6/38/eabc6414.full.pdf,DOWNLOAD_FAILED,,,0,HTTPError: 403 Client Error: Forbidden for url: https://advances.sciencemag.org/content/advances/6/38/eabc6414.full.pdf,NO_WORKING_PDF,HTTPError: 403 Client Error: Forbidden for url: https://advances.sciencemag.org/content/advances/6/38/eabc6414.full.pdf
141,182,Magnetic and spectroscopic properties of Ni-Zn-Al ferrite spinel: From the nanoscale to microscale,10.1039/d0ra05522k,2020,Rsc Advances,True,https://hal.science/hal-02970483v1/document,DOWNLOADED_OPENALEX,182-Magnetic and spectroscopic properties of Ni-Zn-Al ferrite spinel From the nanoscale to microscale.pdf,caaaa6a69e0b6e0e77acfb683053914dfdf756fa18fab85cfa842a87983729cf,2862199,,,
142,131,Phase-controllable growth of ultrathin 2D magnetic FeTe crystals,10.1038/s41467-020-17253-x,2020,Nature Communications,True,https://www.nature.com/articles/s41467-020-17253-x.pdf,DOWNLOADED,131-Phase-controllable growth of ultrathin 2D magnetic FeTe crystals.pdf,88d1d55b86cca634b63de6412a95b239613d670730ed607462a3432d6ec6639a,1926723,,,
143,132,Enabling room temperature ferromagnetism in monolayer MoS2 via in situ iron-doping,10.1038/s41467-020-15877-7,2020,Nature Communications,True,https://www.nature.com/articles/s41467-020-15877-7.pdf,DOWNLOADED,132-Enabling room temperature ferromagnetism in monolayer MoS2 via in situ iron-doping.pdf,8a5883938a867ca15a0c8b8f699a74e3afa7d875d08ce403aa5164a4fcc81cf3,2272195,,,
144,183,Many-Body Electronic Structure of NdNiO2 and CaCuO2,10.1103/physrevx.10.021061,2020,Physical Review X,True,https://arxiv.org/pdf/2001.06441,DOWNLOADED_OPENALEX,183-Many-Body Electronic Structure of NdNiO2 and CaCuO2.pdf,a6f7bcfa86ee506f90db7e0155cb8bada3ad90fdb9f6fc3b3beba887ec29215f,2203167,,,
145,,Machine learning the magnetocaloric effect in manganites from compositions and structural parameters,10.1063/1.5144241,2020,Aip Advances,True,https://doi.org/10.1063/1.5144241,DOWNLOAD_FAILED,,,0,HTTPError: 403 Client Error: Forbidden for url: https://pubs.aip.org/adv/article/10/3/035220/1037434/Machine-learning-the-magnetocaloric-effect-in,NO_WORKING_PDF,
146,,Electronic and spintronic properties of the multiferroic GdBr2/In2Se3 van der Waals heterostructure,10.1016/j.jpcs.2025.113294,2026,Journal of Physics and Chemistry of Solids,False,,NO_OA_PDF,,,0,,NO_WORKING_PDF,
147,,High-pressure synthesis and high-performance half metallicity of quadruple perovskite oxide DyCu3Fe2Re2O12,10.1016/j.fmre.2024.11.024,2026,Fundamental Research,True,https://doi.org/10.1016/j.fmre.2024.11.024,DOWNLOAD_FAILED,,,0,ValueError: response is not a PDF,NO_WORKING_PDF,
148,,"Computational screening of 2D pentagonal materials with room-temperature altermagnetism, multiferroicity, and topological states",10.1007/s40843-025-3600-1,2026,Science China Materials,False,,NO_OA_PDF,,,0,,NO_WORKING_PDF,
149,,"Pioneering computational insights into the structural, magnetic, and thermoelectric properties of A3XN (A=Co, Fe; X=Cu, Zn) anti-perovskites for advanced material applications",10.1016/j.mssp.2024.108925,2025,Materials Science in Semiconductor Processing,True,https://doi.org/10.1016/j.mssp.2024.108925,DOWNLOAD_FAILED,,,0,ValueError: response is not a PDF,NO_WORKING_PDF,
150,,Efficient Mn2+Doping in Non-Stoichiometric Cesium Lead Bromide Perovskite Quantum Dots,10.1021/jacs.5c12086,2025,Journal of the American Chemical Society,True,https://pubs.acs.org/doi/pdf/10.1021/jacs.5c12086?ref=article_openPDF,DOWNLOAD_FAILED,,,0,HTTPError: 403 Client Error: Forbidden for url: https://pubs.acs.org/doi/pdf/10.1021/jacs.5c12086?ref=article_openPDF,NO_WORKING_PDF,HTTPError: 403 Client Error: Forbidden for url: https://pubs.acs.org/doi/pdf/10.1021/jacs.5c12086?ref=article_openPDF
151,,Manipulating perovskite structural asymmetry for high-performing self-powered full-stokes polarimetry,10.1126/sciadv.ads6123,2025,Science Advances,True,https://doi.org/10.1126/sciadv.ads6123,DOWNLOAD_FAILED,,,0,HTTPError: 403 Client Error: Forbidden for url: https://www.science.org/doi/10.1126/sciadv.ads6123,NO_WORKING_PDF,
152,,"Magnetic properties, critical behavior, and magnetocaloric effect of Nd1−xSrxMnO3 (0.2 ≤ x ≤ 0.5): The role of Sr doping concentration",10.1063/5.0229032,2024,Journal of Applied Physics,True,https://doi.org/10.1063/5.0229032,DOWNLOAD_FAILED,,,0,HTTPError: 403 Client Error: Forbidden for url: https://pubs.aip.org/jap/article/136/9/093902/3311087/Magnetic-properties-critical-behavior-and,NO_WORKING_PDF,
153,,Origin of Polarization in Bismuth Sodium Titanate-Based Ceramics,10.1021/jacs.3c13927,2024,Journal of the American Chemical Society,True,https://doi.org/10.1021/jacs.3c13927,DOWNLOAD_FAILED,,,0,HTTPError: 403 Client Error: Forbidden for url: https://pubs.acs.org/doi/10.1021/jacs.3c13927,NO_WORKING_PDF,HTTPError: 403 Client Error: Forbidden for url: https://pmc.ncbi.nlm.nih.gov/articles/PMC10910510/pdf/ja3c13927.pdf
154,,Magnetic and magnetocaloric effect of Ba2FeReO6 double perovskite: Ab-initio and Monte Carlo studies,10.1016/j.vacuum.2024.113090,2024,Vacuum,False,,NO_OA_PDF,,,0,,NO_WORKING_PDF,
155,,"Physical properties of vacancy-ordered double perovskites K2TcZ6 (Z = Cl, Br) for spintronics applications: DFT calculations",10.1039/d3ra07603b,2024,Rsc Advances,True,https://pubs.rsc.org/en/content/articlepdf/2024/ra/d3ra07603b,DOWNLOAD_FAILED,,,0,HTTPError: 403 Client Error: Forbidden for url: https://pubs.rsc.org/en/content/articlepdf/2024/ra/d3ra07603b,NO_WORKING_PDF,HTTPError: 403 Client Error: Forbidden for url: https://pubs.rsc.org/en/content/articlepdf/2024/ra/d3ra07603b | HTTPError: 403 Client Error: Forbidden for url: https://pmc.ncbi.nlm.nih.gov/articles/PMC10772539/pdf/RA-014-D3RA07603B.pdf
156,133,General low-temperature growth of two-dimensional nanosheets from layered and nonlayered materials,10.1038/s41467-023-35983-6,2023,Nature Communications,True,https://www.nature.com/articles/s41467-023-35983-6.pdf,DOWNLOADED,133-General low-temperature growth of two-dimensional nanosheets from layered and nonlayered materials.pdf,634508c40736d67f823ac3b093468c212f662f8c23218919e13ab4a0160e2dff,4848176,,,
157,,The emergence of considerable room temperature magnetocaloric performances in the transition metal high-entropy alloys,10.1016/j.mtphys.2023.101031,2023,Materials Today Physics,False,,NO_OA_PDF,,,0,,NO_WORKING_PDF,
158,134,Ultrahigh Oxygen Ion Mobility in Ferroelectric Hafnia,10.1103/physrevlett.131.256801,2023,Physical Review Letters,True,https://arxiv.org/pdf/2305.02952,DOWNLOADED,134-Ultrahigh Oxygen Ion Mobility in Ferroelectric Hafnia.pdf,37eba5a3b19d715823837c75dc50a5ef34856ce54dbb6ba7fc8f4b3429c02e07,1178072,,,
159,,Thermal Stability of the Ferroelectric Properties in 100 nm-Thick Al0.72Sc0.28N,10.1021/acsami.2c18313,2023,ACS Applied Materials and Interfaces,False,,NO_OA_PDF,,,0,,NO_WORKING_PDF,
160,,Enhanced piezoelectricity in Na and Ce co-doped CaBi4Ti4O15 ceramics for high-temperature applications,10.26599/jac.2023.9220754,2023,Journal of Advanced Ceramics,True,https://www.sciopen.com/article_pdf/1647793756054376450.pdf,DOWNLOAD_FAILED,,,0,HTTPError: 404 Client Error: Not Found for url: https://www.sciopen.com/article_pdf/1647793756054376450.pdf,NO_WORKING_PDF,HTTPError: 404 Client Error: Not Found for url: https://www.sciopen.com/article_pdf/1647793756054376450.pdf
161,,"Effects of A, B-site multiple ion co-doping on the structure, magnetic, magnetocaloric effect, and critical behavior of La0.7-xNd0.1Sr0.2KxMn0.95Ni0.05O3 ceramics",10.1016/j.ceramint.2023.07.235,2023,Ceramics International,False,,NO_OA_PDF,,,0,,NO_WORKING_PDF,
162,,Electric-Field-Induced Room-Temperature Antiferroelectric-Ferroelectric Phase Transition in van der Waals Layered GeSe,10.1021/acsnano.1c09183,2022,ACS Nano,False,,NO_OA_PDF,,,0,,NO_WORKING_PDF,
163,135,XGBoost model for electrocaloric temperature change prediction in ceramics,10.1038/s41524-022-00826-3,2022,Npj Computational Materials,True,https://www.nature.com/articles/s41524-022-00826-3.pdf,DOWNLOADED,135-XGBoost model for electrocaloric temperature change prediction in ceramics.pdf,251912a27a5c2142f58a2fb51ef273c971cd989f368230503da9b9d7412b661a,1925856,,,
164,,A Novel Soft-Magnetic B2-Based Multiprincipal-Element Alloy with a Uniform Distribution of Coherent Body-Centered-Cubic Nanoprecipitates,10.1002/adma.202006723,2021,Advanced Materials,True,https://pure.mpg.de/pubman/item/item_3290845_3/component/file_3290846/adma202006723-sup-0001-suppmat.pdf,DOWNLOAD_FAILED,,,0,HTTPError: 403 Client Error: Forbidden for url: https://pure.mpg.de/pubman/item/item_3290845_3/component/file_3290846/adma202006723-sup-0001-suppmat.pdf,NO_WORKING_PDF,HTTPError: 403 Client Error: Forbidden for url: https://onlinelibrary.wiley.com/doi/pdfdirect/10.1002/adma.202006723
165,136,"Features of structure, magnetic state and electrodynamic performance of SrFe12−xInxO19",10.1038/s41598-021-97684-8,2021,Scientific Reports,True,https://www.nature.com/articles/s41598-021-97684-8.pdf,DOWNLOADED,"136-Features of structure, magnetic state and electrodynamic performance of SrFe12−xInxO19.pdf",34e23f8aa7b7703089cc3cb36c71bfccd65b39b5578cafb128cb0b198a6abbf3,2126127,,,
166,,Itinerant ferromagnetism in van der Waals Fe5-xGeTe2 crystals above room temperature,10.1103/physrevb.102.064417,2020,Physical Review B,True,http://link.aps.org/pdf/10.1103/PhysRevB.102.064417,DOWNLOAD_FAILED,,,0,HTTPError: 403 Client Error: Forbidden for url: https://link.aps.org/pdf/10.1103/PhysRevB.102.064417,NO_WORKING_PDF,HTTPError: 403 Client Error: Forbidden for url: https://link.aps.org/pdf/10.1103/PhysRevB.102.064417
167,137,"Li/Mn co-doped K0.5Bi4.5Ti4O15 high-temperature piezoelectric ceramics: Structures, properties, and ultrasonic transducer applications",10.26599/jac.2026.9221277,2026,Journal of Advanced Ceramics,True,https://www.sciopen.com/local/article_pdf/10.26599/JAC.2026.9221277.pdf,DOWNLOADED,"137-Li Mn co-doped K0.5Bi4.5Ti4O15 high-temperature piezoelectric ceramics Structures, properties, and ultras.pdf",cf6f9539493587a122d1b3767ee3e6afcfad47a97a2d4f32a264770496bfaf62,4737100,,,
168,138,Superior lead-free piezoceramics for wearable multimodal ultrasound imaging arrays,10.1038/s41467-025-66913-3,2026,Nature Communications,True,https://www.nature.com/articles/s41467-025-66913-3_reference.pdf,DOWNLOADED,138-Superior lead-free piezoceramics for wearable multimodal ultrasound imaging arrays.pdf,0dd6c69b732a756c8f3aae5fff8dc8b09442b30b457b623730a3787060337b1c,3261261,,,
169,139,Ultrahigh energy storage density and efficiency in AgNbO3-based ceramics by percolating interaction between antipolar regions and defect pairs,10.1038/s41467-026-68297-4,2026,Nature Communications,True,https://www.nature.com/articles/s41467-026-68297-4_reference.pdf,DOWNLOADED,139-Ultrahigh energy storage density and efficiency in AgNbO3-based ceramics by percolating interaction betwe.pdf,23dae5c400b69a05c444ef407a4430f3c40d2d24b080de4c023d9835f5557bec,9474208,,,
170,,Optimizing magnetocaloric properties in rare-earth doped La0.8Sr0.2MnO3 ceramics: unveiling the synergy of lattice distortion and electronic structure,10.1016/j.cjph.2025.11.012,2026,Chinese Journal of Physics,False,,NO_OA_PDF,,,0,,NO_WORKING_PDF,
171,,Tuning magnetocaloric properties in La0.8-xGdxSr0.2MnO3 ceramics by Gd3+doping: A combined study via first-principles calculations and sol-gel synthesis,10.1016/j.ceramint.2026.02.318,2026,Ceramics International,False,,NO_OA_PDF,,,0,,NO_WORKING_PDF,
172,,Cobalt Concentration-Dependent Structural and Magnetic Transitions in Nanocrystalline Ni0.9−xZn0.1CoxFe2O4 Ferrites,10.1007/s10909-025-03299-y,2025,Journal of Low Temperature Physics,False,,NO_OA_PDF,,,0,,NO_WORKING_PDF,
173,,"Efficient development of ultra-low-grade iron ore by hydrogen-based mineral phase transformation: Magnetic transition, phase transformation, and microstructure evolution",10.1016/j.ijhydene.2024.11.469,2025,International Journal of Hydrogen Energy,False,,NO_OA_PDF,,,0,,NO_WORKING_PDF,
174,,Relationships between structure and properties in commercial lead zirconate titanate (PZT) piezoceramics,10.1016/j.jmat.2025.101052,2025,Journal of Materiomics,True,https://doi.org/10.1016/j.jmat.2025.101052,DOWNLOAD_FAILED,,,0,ValueError: response is not a PDF,NO_WORKING_PDF,
175,,Dual Cross-Linked Magnetic MXene Aerogel with High Strength and Durability Enables Multifunctionality,10.1002/adfm.202401687,2024,Advanced Functional Materials,False,,NO_OA_PDF,,,0,,NO_WORKING_PDF,
176,,Investigation of the structural and magnetic properties of the GdCoC compound featuring excellent cryogenic magnetocaloric performance,10.1016/j.actamat.2024.120128,2024,Acta Materialia,False,,NO_OA_PDF,,,0,,NO_WORKING_PDF,
177,,"First principle study of physical aspects and hydrogen storage capacity of magnesium-based double perovskite hydrides Mg2XH6 (X = Cr, Mn)",10.1016/j.ijhydene.2024.11.112,2024,International Journal of Hydrogen Energy,False,,NO_OA_PDF,,,0,,NO_WORKING_PDF,
178,,Organic-Inorganic Hybrid Ferroelectric and Antiferroelectric with Afterglow Emission,10.1002/anie.202319650,2024,Angewandte Chemie International Edition,False,,NO_OA_PDF,,,0,,NO_WORKING_PDF,
179,,Peptide programming of supramolecular vinylidene fluoride ferroelectric phases,10.1038/s41586-024-08041-4,2024,Nature,False,,NO_OA_PDF,,,0,,NO_WORKING_PDF,
180,,Inverse Magnetocaloric Effect in Altermagnetic 2D Non-van der Waals FeX (X = S and Se) Semiconductors,10.1002/adfm.202402080,2024,Advanced Functional Materials,False,,NO_OA_PDF,,,0,,NO_WORKING_PDF,HTTPError: 403 Client Error: Forbidden for url: https://onlinelibrary.wiley.com/doi/pdfdirect/10.1002/adfm.202402080
181,,"Structural, dielectric and magnetic study of double perovskite La2CoMnO6",10.1016/j.physb.2023.415473,2024,Physica B Condensed Matter,False,,NO_OA_PDF,,,0,,NO_WORKING_PDF,
182,,Enhanced piezoelectric performance of Cr/Ta non-equivalent co-doped Bi4Ti3O12-based high-temperature piezoceramics,10.26599/jac.2024.9220850,2024,Journal of Advanced Ceramics,True,https://file.sciopen.com/sciopen_public/1742007283507384322.pdf,DOWNLOAD_FAILED,,,0,HTTPError: 404 Client Error: Not Found for url: https://www.sciopen.com/article_pdf/1742007283507384322.pdf,NO_WORKING_PDF,HTTPError: 404 Client Error: Not Found for url: https://www.sciopen.com/article_pdf/1742007283507384322.pdf
183,140,Quantum microscopy with van der Waals heterostructures,10.1038/s41567-022-01815-5,2023,Nature Physics,True,https://arxiv.org/pdf/2112.03488,DOWNLOADED,140-Quantum microscopy with van der Waals heterostructures.pdf,0fb8e6181f85abeb3bdaf591251b1ec600948df257a3f6e8f5429fdbec2c4895,2120540,,,
184,141,Room temperature energy-efficient spin-orbit torque switching in two-dimensional van der Waals Fe3GeTe2 induced by topological insulators,10.1038/s41467-023-40714-y,2023,Nature Communications,True,https://www.nature.com/articles/s41467-023-40714-y.pdf,DOWNLOADED,141-Room temperature energy-efficient spin-orbit torque switching in two-dimensional van der Waals Fe3GeTe2 i.pdf,3c5a29b93f33e05db9add615d0b504496c9f1a5839ddf7bdc981dc9d03a40432,2120564,,,
185,142,Photo-induced high-temperature ferromagnetism in YTiO3,10.1038/s41586-023-05853-8,2023,Nature,True,https://www.nature.com/articles/s41586-023-05853-8.pdf,DOWNLOADED,142-Photo-induced high-temperature ferromagnetism in YTiO3.pdf,2b2255f6a4171a65e0995aaa7ceecd97d06b1587f2a0adabebb9522141942024,13151935,,,
186,,Designing magnetocaloric materials for hydrogen liquefaction with light rare-earth Laves phases,10.1088/2515-7655/accb0b,2023,Jphys Energy,True,https://iopscience.iop.org/article/10.1088/2515-7655/accb0b/pdf,DOWNLOAD_FAILED,,,0,ValueError: response is not a PDF,NO_WORKING_PDF,ValueError: response is not a PDF
187,,Tunable magnetic phase transition and magnetocaloric effect in the rare-earth-free Al-Mn-Fe-Co-Cr high-entropy alloys,10.1016/j.matdes.2023.111894,2023,Materials and Design,True,https://doi.org/10.1016/j.matdes.2023.111894,DOWNLOAD_FAILED,,,0,ValueError: response is not a PDF,NO_WORKING_PDF,
188,143,Wide field imaging of van der Waals ferromagnet Fe3GeTe2 by spin defects in hexagonal boron nitride,10.1038/s41467-022-33016-2,2022,Nature Communications,True,https://www.nature.com/articles/s41467-022-33016-2.pdf,DOWNLOADED,143-Wide field imaging of van der Waals ferromagnet Fe3GeTe2 by spin defects in hexagonal boron nitride.pdf,c5f72d7bc6c85ba72ef03baf2f083944955c474aca12d20d3952709c831337a5,1763643,,,
189,,Phase transformations in an Aurivillius layer structured ferroelectric designed using the high entropy concept,10.1016/j.actamat.2022.117815,2022,Acta Materialia,True,https://qmro.qmul.ac.uk/xmlui/handle/123456789/77568,DOWNLOAD_FAILED,,,0,ValueError: response is not a PDF,NO_WORKING_PDF,
190,,High-TC Two-Dimensional Ferroelectric CuCrS2 Grown via Chemical Vapor Deposition,10.1021/acsnano.2c01470,2022,ACS Nano,False,,NO_OA_PDF,,,0,,NO_WORKING_PDF,
191,144,High Entropy Oxide Relaxor Ferroelectrics,10.1021/acsami.2c00340,2022,ACS Applied Materials and Interfaces,True,https://arxiv.org/pdf/2106.00868,DOWNLOADED,144-High Entropy Oxide Relaxor Ferroelectrics.pdf,ad550533f0c0118ba44ffe315f8d84787ff0b567a8ba92c7da2dc1fff4e48fa5,1454972,,,
192,,The second-order magnetic phase transition and magnetocaloric effect in all-d-metal NiCoMnTi-based Heusler alloys,10.1016/j.jallcom.2022.164337,2022,Journal of Alloys and Compounds,True,https://www.sciencedirect.com/science/article/pii/S0925838822007289/pdf,DOWNLOAD_FAILED,,,0,HTTPError: 403 Client Error: Forbidden for url: https://www.sciencedirect.com/science/article/pii/S0925838822007289/pdf,NO_WORKING_PDF,HTTPError: 403 Client Error: Forbidden for url: https://www.sciencedirect.com/science/article/pii/S0925838822007289/pdf
193,145,Optimized strain performance in <001>-textured Bi0.5Na0.5TiO3-based ceramics with ergodic relaxor state and core—shell microstructure,10.1007/s40145-022-0628-9,2022,Journal of Advanced Ceramics,True,https://link.springer.com/content/pdf/10.1007/s40145-022-0628-9.pdf,DOWNLOADED,145-Optimized strain performance in 001 -textured Bi0.5Na0.5TiO3-based ceramics with ergodic relaxor state an.pdf,391d909ad789e17a662cc1dbb33922a172f11de5ff83ce11c8dc489baa876a3c,2547055,,,
194,146,Superflexible and Lead-Free Piezoelectric Nanogenerator as a Highly Sensitive Self-Powered Sensor for Human Motion Monitoring,10.1007/s40820-021-00649-9,2021,Nano Micro Letters,True,https://link.springer.com/content/pdf/10.1007/s40820-021-00649-9.pdf,DOWNLOADED,146-Superflexible and Lead-Free Piezoelectric Nanogenerator as a Highly Sensitive Self-Powered Sensor for Hum.pdf,8383c825201f1d5303f6cc654dcd5970e028caf80eafd36403bd2e6166cbf6a1,1878274,,,
195,147,Strong intrinsic room-temperature ferromagnetism in freestanding non-van der Waals ultrathin 2D crystals,10.1038/s41467-021-26009-0,2021,Nature Communications,True,https://www.nature.com/articles/s41467-021-26009-0.pdf,DOWNLOADED,147-Strong intrinsic room-temperature ferromagnetism in freestanding non-van der Waals ultrathin 2D crystals.pdf,28626fe015201ddcbbc82b2fe220824764375878df436853db5644fe2c99da6d,2893664,,,
196,,"Magnetic, elastic, dielectric, microwave absorption and optical characterization of cobalt-substituted nickel spinel ferrites",10.1016/j.mseb.2020.114513,2020,Materials Science and Engineering B,False,,NO_OA_PDF,,,0,,NO_WORKING_PDF,
197,148,Biquadratic exchange interactions in two-dimensional magnets,10.1038/s41524-020-00416-1,2020,Npj Computational Materials,True,https://www.nature.com/articles/s41524-020-00416-1.pdf,DOWNLOADED,148-Biquadratic exchange interactions in two-dimensional magnets.pdf,8689e12db4f6202e65d720eea128d6291c2315cf5ad65b8f3fcb4e6b8f79af76,4404768,,,
198,184,Practical high-performance lead-free piezoelectrics: Structural flexibility beyond utilizing multiphase coexistence,10.1093/nsr/nwz167,2020,National Science Review,True,https://publikationen.bibliothek.kit.edu/1000119588/78281530,DOWNLOADED_OPENALEX,184-Practical high-performance lead-free piezoelectrics Structural flexibility beyond utilizing multiphase co.pdf,971d29a2ecf6297181319ac1080bfc43c40894980c6b10c3358501619a47a28f,3824459,,,
199,149,Quantum transport evidence of Weyl fermions in an epitaxial ferromagnetic oxide,10.1038/s41467-020-18646-8,2020,Nature Communications,True,https://www.nature.com/articles/s41467-020-18646-8.pdf,DOWNLOADED,149-Quantum transport evidence of Weyl fermions in an epitaxial ferromagnetic oxide.pdf,0b6129d59ae4e82f7ff5298d4707475918b5584a88d162b948061a3021b21a4e,1760014,,,
200,,"Spin exchange, electronic correlation, and thermoelectric transport in Rb2GeMBr6(M = V, Mn, Ni) halide double perovskites from first principles calculations",10.1039/d5tc01842k,2026,Journal of Materials Chemistry C,False,,NO_OA_PDF,,,0,,NO_WORKING_PDF,
1,185,Re-entrant relaxor ferroelectric behaviour in Nb-doped BiFeO3-BaTiO3 ceramics,10.1039/d2tc04702k,2023,Journal of Materials Chemistry C,True,https://shura.shu.ac.uk/31326/1/D2TC04702K.pdf,DOWNLOADED_OPENALEX,185-Re-entrant relaxor ferroelectric behaviour in Nb-doped BiFeO3-BaTiO3 ceramics.pdf,053cdf540e6e8dca5c960debf7f2a739d0df84e399d5c32f559d687d2828c7fc,3292986,,,
2,,A nickel(ii)-based one-dimensional organic-inorganic halide perovskite ferroelectric with the highest Curie temperature,10.1039/d2sc05857j,2023,Chemical Science,True,https://pubs.rsc.org/en/content/articlepdf/2023/sc/d2sc05857j,DOWNLOAD_FAILED,,,0,HTTPError: 403 Client Error: Forbidden for url: https://pubs.rsc.org/en/content/articlepdf/2023/sc/d2sc05857j,NO_WORKING_PDF,HTTPError: 403 Client Error: Forbidden for url: https://pubs.rsc.org/en/content/articlepdf/2023/sc/d2sc05857j | HTTPError: 403 Client Error: Forbidden for url: https://pmc.ncbi.nlm.nih.gov/articles/PMC9930933/pdf/SC-014-D2SC05857J.pdf
3,,The effect of Ba/Sr ratio on the Curie temperature for ferroelectric barium strontium titanate ceramics,10.1142/s2010135x20500216,2020,Journal of Advanced Dielectrics,True,https://doi.org/10.1142/s2010135x20500216,DOWNLOAD_FAILED,,,0,HTTPError: 403 Client Error: Forbidden for url: https://www.worldscientific.com/doi/abs/10.1142/S2010135X20500216,NO_WORKING_PDF,
4,,"Increase of Curie point of BaTiO3 ceramics by stoichiometry, point defects and doping processing",10.1142/s2010135x24500127,2025,Journal of Advanced Dielectrics,True,https://doi.org/10.1142/s2010135x24500127,DOWNLOAD_FAILED,,,0,HTTPError: 403 Client Error: Forbidden for url: https://www.worldscientific.com/doi/10.1142/S2010135X24500127,NO_WORKING_PDF,
5,,Effect of phase structure on the electrical properties of BiFeO3–BaTiO3-based ferroelectric ceramics,10.1142/s2010135x25500134,2025,Journal of Advanced Dielectrics,True,https://doi.org/10.1142/s2010135x25500134,DOWNLOAD_FAILED,,,0,HTTPError: 403 Client Error: Forbidden for url: https://www.worldscientific.com/doi/10.1142/S2010135X25500134,NO_WORKING_PDF,
6,,Susceptible Antiferroelectric/Ferroelectric Transitions in Silver Niobate-Based Ceramics Induced by Manual Mechanical Processing,10.1021/acs.inorgchem.5c03344,2026,Inorganic Chemistry,True,https://pubs.acs.org/doi/pdf/10.1021/acs.inorgchem.5c03344?ref=article_openPDF,DOWNLOAD_FAILED,,,0,HTTPError: 403 Client Error: Forbidden for url: https://pubs.acs.org/doi/pdf/10.1021/acs.inorgchem.5c03344?ref=article_openPDF,NO_WORKING_PDF,HTTPError: 403 Client Error: Forbidden for url: https://pubs.acs.org/doi/pdf/10.1021/acs.inorgchem.5c03344?ref=article_openPDF | HTTPError: 503 Server Error: Service Unavailable for url: https://openresearch-repository.anu.edu.au/bitstreams/142bf262-5997-463a-9c70-b7243e7d0e21/download
7,,Research on Improving Energy Storage Density and Efficiency of Dielectric Ceramic Ferroelectric Materials Based on BaTiO3 Doping with Multiple Elements,10.3390/jcs7060233,2023,Journal of Composites Science,True,https://www.mdpi.com/2504-477X/7/6/233/pdf?version=1686020161,DOWNLOAD_FAILED,,,0,HTTPError: 403 Client Error: Forbidden for url: https://www.mdpi.com/2504-477X/7/6/233/pdf?version=1686020161,NO_WORKING_PDF,HTTPError: 403 Client Error: Forbidden for url: https://www.mdpi.com/2504-477X/7/6/233/pdf?version=1686020161
8,,"A multifunctional molecular ferroelectric with chiral features, a high Curie temperature, large spontaneous polarization and photoluminescence: (C9H14N)2CdBr4",10.1039/d1sc03964d,2021,Chemical Science,True,https://pubs.rsc.org/en/content/articlepdf/2021/sc/d1sc03964d,DOWNLOAD_FAILED,,,0,HTTPError: 403 Client Error: Forbidden for url: https://pubs.rsc.org/en/content/articlepdf/2021/sc/d1sc03964d,NO_WORKING_PDF,HTTPError: 403 Client Error: Forbidden for url: https://pubs.rsc.org/en/content/articlepdf/2021/sc/d1sc03964d
9,150,Intrinsic ferroelectric elastomers with ultrahigh Curie temperature and fast polarization switching,10.1038/s41467-025-64263-8,2025,Nature Communications,True,https://www.nature.com/articles/s41467-025-64263-8.pdf,DOWNLOADED,150-Intrinsic ferroelectric elastomers with ultrahigh Curie temperature and fast polarization switching.pdf,2ffb65109290df295b50f9310901cbb1e8d69ca110cd24279fe280edfb954e0c,1754930,,,
10,,Enhancement of Piezoelectricity by Novel Poling Method of the Rare-Earth Modified BiFeO3–BaTiO3 Lead-Free Ceramics,10.1002/aelm.202201210,2023,Advanced Electronic Materials,True,https://onlinelibrary.wiley.com/doi/pdfdirect/10.1002/aelm.202201210,DOWNLOAD_FAILED,,,0,HTTPError: 403 Client Error: Forbidden for url: https://onlinelibrary.wiley.com/doi/pdfdirect/10.1002/aelm.202201210,NO_WORKING_PDF,HTTPError: 403 Client Error: Forbidden for url: https://onlinelibrary.wiley.com/doi/pdfdirect/10.1002/aelm.202201210
11,,Deciphering the leakage conduction mechanism of BiFeO3–BaTiO3 lead-free piezoelectric ceramics,10.26599/jac.2023.9220792,2023,Journal of Advanced Ceramics,True,https://file.sciopen.com/sciopen_public/1685833649915248641.pdf,DOWNLOAD_FAILED,,,0,HTTPError: 404 Client Error: Not Found for url: https://www.sciopen.com/article_pdf/1685833649915248641.pdf,NO_WORKING_PDF,HTTPError: 404 Client Error: Not Found for url: https://www.sciopen.com/article_pdf/1685833649915248641.pdf
12,,An organic plastic ferroelectric with high Curie point,10.1039/d1sc06781h,2022,Chemical Science,True,https://pubs.rsc.org/en/content/articlepdf/2022/sc/d1sc06781h,DOWNLOAD_FAILED,,,0,HTTPError: 403 Client Error: Forbidden for url: https://pubs.rsc.org/en/content/articlepdf/2022/sc/d1sc06781h,NO_WORKING_PDF,HTTPError: 403 Client Error: Forbidden for url: https://pubs.rsc.org/en/content/articlepdf/2022/sc/d1sc06781h
13,,Phase diagram for Bi-site La-doped BiFeO3[sbnd]BaTiO3 lead-free piezoelectric ceramics,10.1016/j.jmat.2020.07.001,2021,Journal of Materiomics,True,https://www.sciencedirect.com/science/article/pii/S2352847820302033/pdf,DOWNLOAD_FAILED,,,0,HTTPError: 403 Client Error: Forbidden for url: https://www.sciencedirect.com/science/article/pii/S2352847820302033/pdf,NO_WORKING_PDF,HTTPError: 403 Client Error: Forbidden for url: https://www.sciencedirect.com/science/article/pii/S2352847820302033/pdf
14,,Thickness- And orientation- dependences of Curie temperature in ferroelectric epitaxial y doped HfO2 films,10.35848/1347-4065/ab6d84,2020,Japanese Journal of Applied Physics,True,https://iopscience.iop.org/article/10.35848/1347-4065/ab6d84/pdf,DOWNLOAD_FAILED,,,0,ValueError: response is not a PDF,NO_WORKING_PDF,ValueError: response is not a PDF
15,,Hard piezoelectric properties of lead-free BiFeO3–BaTiO3 ceramics,10.1111/jace.19439,2024,Journal of the American Ceramic Society,True,https://onlinelibrary.wiley.com/doi/pdfdirect/10.1111/jace.19439,DOWNLOAD_FAILED,,,0,HTTPError: 403 Client Error: Forbidden for url: https://onlinelibrary.wiley.com/doi/pdfdirect/10.1111/jace.19439,NO_WORKING_PDF,HTTPError: 403 Client Error: Forbidden for url: https://onlinelibrary.wiley.com/doi/pdfdirect/10.1111/jace.19439
16,,Enhanced piezoelectric properties and thermal stability of Bi0.5Na0.5TiO3 modified BiFeO3–BaTiO3 ceramics with morphotropic phase boundary,10.1016/j.jmat.2023.01.001,2023,Journal of Materiomics,True,https://doi.org/10.1016/j.jmat.2023.01.001,DOWNLOAD_FAILED,,,0,ValueError: response is not a PDF,NO_WORKING_PDF,
17,,Phase and domain engineering strategy for enhancement of piezoelectricity in the lead-free BiFeO3-BaTiO3 ceramics,10.1016/j.jmat.2023.02.015,2023,Journal of Materiomics,True,https://doi.org/10.1016/j.jmat.2023.02.015,DOWNLOAD_FAILED,,,0,ValueError: response is not a PDF,NO_WORKING_PDF,
18,,Investigation of lead-free BiFeO3-BaTiO3 piezoelectric ceramics through precise composition control,10.1142/s2010135x23500182,2023,Journal of Advanced Dielectrics,True,https://doi.org/10.1142/s2010135x23500182,DOWNLOAD_FAILED,,,0,HTTPError: 403 Client Error: Forbidden for url: https://www.worldscientific.com/doi/10.1142/S2010135X23500182,NO_WORKING_PDF,
19,,Non-equimolar bismuth-layered [CaxSr(1–x)/3Ba(1–x)/3Pb(1–x)/3]Bi4Ti4O15 high-entropy ceramics with high curie temperature,10.1016/j.jmat.2024.100945,2025,Journal of Materiomics,True,https://doi.org/10.1016/j.jmat.2024.100945,DOWNLOAD_FAILED,,,0,ValueError: response is not a PDF,NO_WORKING_PDF,
20,,High-piezoelectric lead-free BiFeO3[sbnd]BaTiO3 ceramics with enhanced temperature stability and mechanical properties,10.1016/j.jmat.2024.100937,2025,Journal of Materiomics,True,https://doi.org/10.1016/j.jmat.2024.100937,DOWNLOAD_FAILED,,,0,ValueError: response is not a PDF,NO_WORKING_PDF,
21,,Tuning the electrical conductivity and Maxwell-Wagner relaxation in BiFeO3–BaTiO3 piezoceramics,10.1016/j.jeurceramsoc.2024.04.046,2024,Journal of the European Ceramic Society,True,https://doi.org/10.1016/j.jeurceramsoc.2024.04.046,DOWNLOAD_FAILED,,,0,ValueError: response is not a PDF,NO_WORKING_PDF,
22,,Solid solutions of lithium niobate and lithium tantalate: crystal growth and the ferroelectric transition,10.1080/00150193.2023.2189842,2023,Ferroelectrics,True,https://www.tandfonline.com/doi/pdf/10.1080/00150193.2023.2189842?needAccess=true&role=button,DOWNLOAD_FAILED,,,0,HTTPError: 403 Client Error: Forbidden for url: https://www.tandfonline.com/doi/pdf/10.1080/00150193.2023.2189842?needAccess=true&role=button,NO_WORKING_PDF,HTTPError: 403 Client Error: Forbidden for url: https://www.tandfonline.com/doi/pdf/10.1080/00150193.2023.2189842?needAccess=true&role=button
23,151,The classical-to-quantum crossover in the strain-induced ferroelectric transition in SrTiO3 membranes,10.1038/s41467-025-59517-4,2025,Nature Communications,True,https://www.nature.com/articles/s41467-025-59517-4.pdf,DOWNLOADED,151-The classical-to-quantum crossover in the strain-induced ferroelectric transition in SrTiO3 membranes.pdf,b854f8b93560991aa22a29c28542567653b85ad67aded46aebb5ce264e702ba2,1663704,,,
24,152,Unlocking the phase evolution of the hidden non-polar to ferroelectric transition in HfO2-based bulk crystals,10.1038/s41467-025-59018-4,2025,Nature Communications,True,https://www.nature.com/articles/s41467-025-59018-4.pdf,DOWNLOADED,152-Unlocking the phase evolution of the hidden non-polar to ferroelectric transition in HfO2-based bulk crys.pdf,d0585ca6c2ba541601fc573688371c36e48bd73e066243f9a4a40f23e1396487,4065354,,,
25,,Mesoscale mechanisms of the diffuse dielectric behaviour and retention of the polar nano-regions in the polycrystalline ferroelectric BaTiO3,10.1016/j.jmat.2025.101014,2025,Journal of Materiomics,True,https://doi.org/10.1016/j.jmat.2025.101014,DOWNLOAD_FAILED,,,0,ValueError: response is not a PDF,NO_WORKING_PDF,
26,,"High dielectric constant and low temperature ferroelectric-phase-transition in Ca, Pb co-doped BiFeO3",10.1016/j.rinp.2020.103623,2021,Results in Physics,True,https://www.sciencedirect.com/science/article/pii/S221137972032057X/pdf,DOWNLOAD_FAILED,,,0,HTTPError: 403 Client Error: Forbidden for url: https://www.sciencedirect.com/science/article/pii/S221137972032057X/pdf,NO_WORKING_PDF,HTTPError: 403 Client Error: Forbidden for url: https://www.sciencedirect.com/science/article/pii/S221137972032057X/pdf
27,,High-Precision Delineation of Curie Point Depth Under Remanent Magnetization Using Physics-Informed Neural Networks,10.1029/2025gl120275,2026,Geophysical Research Letters,True,https://doi.org/10.1029/2025gl120275,DOWNLOAD_FAILED,,,0,HTTPError: 403 Client Error: Forbidden for url: https://agupubs.onlinelibrary.wiley.com/doi/10.1029/2025GL120275,NO_WORKING_PDF,
28,186,Enhancement of Curie temperature in ferromagnetic insulator-topological insulator heterostructures,10.1088/1361-6633/ae3982,2026,Reports on Progress in Physics,True,https://arxiv.org/pdf/2510.20712,DOWNLOADED_OPENALEX,186-Enhancement of Curie temperature in ferromagnetic insulator-topological insulator heterostructures.pdf,08d19990e392d6edfdb033cde94d15bf91ca9cc591eb0195dc105f14c1d140d2,974468,,,
29,,"Investigations on stability, Gilbert damping, electronic and magnetic properties along with Curie temperature for quaternary Heusler alloys CrTiCoZ",10.1016/j.rinp.2024.107512,2024,Results in Physics,True,https://doi.org/10.1016/j.rinp.2024.107512,DOWNLOAD_FAILED,,,0,ValueError: response is not a PDF,NO_WORKING_PDF,
30,,"Electronic phase transition, perpendicular magnetic anisotropy and high Curie temperature in Janus FeClF",10.1088/2053-1583/ace5bb,2023,2d Materials,True,https://doi.org/10.1088/2053-1583/ace5bb,DOWNLOAD_FAILED,,,0,ValueError: response is not a PDF,NO_WORKING_PDF,
31,153,Temperature dependence of dielectric nonlinearity of BaTiO3 ceramics,10.20517/microstructures.2023.43,2023,Microstructures,True,https://f.oaecdn.com/xmlpdf/b445450e-2820-49dc-9f49-e2160512b0c5/microstructures3043.pdf,DOWNLOADED,153-Temperature dependence of dielectric nonlinearity of BaTiO3 ceramics.pdf,534c7495a6c62041a5cefca9165c135d7549aeb4530a5d79d4b172737b41f1d9,15686736,,,
32,,Controllable synthesis of two-dimensional magnetic FeS nanoplates with high Curie temperature and unique magnetotransport properties,10.1016/j.nantod.2023.101794,2023,Nano Today,True,https://doi.org/10.1016/j.nantod.2023.101794,DOWNLOAD_FAILED,,,0,ValueError: response is not a PDF,NO_WORKING_PDF,
33,187,Large-Area Synthesis of Ferromagnetic Fe5−xGeTe2/Graphene van der Waals Heterostructures with Curie Temperature above Room Temperature,10.1002/smll.202302387,2023,Small,True,https://hal.science/hal-04592803v1/document,DOWNLOADED_OPENALEX,187-Large-Area Synthesis of Ferromagnetic Fe5−xGeTe2 Graphene van der Waals Heterostructures with Curie Tempe.pdf,5a050622d2c4a2600b24c98a84bda85054feb7ff8b7c959c9850deaae3ba0944,2497434,,,
34,,Molecularly Thin BaTiO3 Nanosheets with Stable Ferroelectric Response,10.1002/aelm.202201239,2023,Advanced Electronic Materials,True,https://onlinelibrary.wiley.com/doi/pdfdirect/10.1002/aelm.202201239,DOWNLOAD_FAILED,,,0,HTTPError: 403 Client Error: Forbidden for url: https://onlinelibrary.wiley.com/doi/pdfdirect/10.1002/aelm.202201239,NO_WORKING_PDF,HTTPError: 403 Client Error: Forbidden for url: https://onlinelibrary.wiley.com/doi/pdfdirect/10.1002/aelm.202201239
35,154,Nanomechanical probing and strain tuning of the Curie temperature in suspended Cr2Ge2Te6-based heterostructures,10.1038/s41699-022-00315-7,2022,Npj 2d Materials and Applications,True,https://www.nature.com/articles/s41699-022-00315-7.pdf,DOWNLOADED,154-Nanomechanical probing and strain tuning of the Curie temperature in suspended Cr2Ge2Te6-based heterostru.pdf,6a9bec58590a5ea04deae8f1cb8c5580a3f1d91f1b0e8c951bfcb91d44d4ef53,7658252,,,
36,,Review of Curie point depth determination through different spectral methods applied to magnetic data,10.1093/gji/ggaa361,2021,Geophysical Journal International,False,,NO_OA_PDF,,,0,,NO_WORKING_PDF,HTTPError: 403 Client Error: Forbidden for url: https://academic.oup.com/gji/article-pdf/224/1/17/34193313/ggaa361.pdf
37,,Design of Fe-containing GdTbCoAl high-entropy-metallic-glass composite microwires with tunable Curie temperatures and enhanced cooling efficiency,10.1016/j.matdes.2021.109824,2021,Materials and Design,True,https://www.sciencedirect.com/science/article/pii/S0264127521003774/pdf,DOWNLOAD_FAILED,,,0,HTTPError: 403 Client Error: Forbidden for url: https://www.sciencedirect.com/science/article/pii/S0264127521003774/pdf,NO_WORKING_PDF,HTTPError: 403 Client Error: Forbidden for url: https://www.sciencedirect.com/science/article/pii/S0264127521003774/pdf
38,188,An accelerating approach of designing ferromagnetic materials via machine learning modeling of magnetic ground state and Curie temperature,10.1080/21663831.2020.1863876,2021,Materials Research Letters,True,https://arxiv.org/pdf/1908.00926,DOWNLOADED_OPENALEX,188-An accelerating approach of designing ferromagnetic materials via machine learning modeling of magnetic g.pdf,7ffa4466f860646d66a2d0aa13706f53a22ded796f86f13bd015a867f190c03c,517604,,,
39,,"Review - Modulation of Dielectric, Ferroelectric, and Piezoelectric Properties of Lead-Free BCZT Ceramics by Doping",10.1149/2162-8777/ac0e0d,2021,Ecs Journal of Solid State Science and Technology,True,https://iopscience.iop.org/article/10.1149/2162-8777/ac0e0d/pdf,DOWNLOAD_FAILED,,,0,ValueError: response is not a PDF,NO_WORKING_PDF,ValueError: response is not a PDF
40,189,Two-dimensional magnetic semiconductors with room Curie temperatures,10.1103/physrevresearch.2.013002,2020,Physical Review Research,True,https://arxiv.org/pdf/1908.05836,DOWNLOADED_OPENALEX,189-Two-dimensional magnetic semiconductors with room Curie temperatures.pdf,b363a7922972d324e9d34cc1aba5bd31e8e1816244d95e4ac91b7fb8b7eba704,2018952,,,
41,,Magnetic anisotropy and Curie temperature of two-dimensional VI3 monolayer,10.1088/1361-648x/ab7c14,2020,Journal of Physics Condensed Matter,True,https://iopscience.iop.org/article/10.1088/1361-648X/ab7c14/pdf,DOWNLOAD_FAILED,,,0,ValueError: response is not a PDF,NO_WORKING_PDF,ValueError: response is not a PDF
42,,2D robust intrinsic ferromagnetic half-metals Cr2XP with high Curie temperature,10.1016/j.matdes.2025.113850,2025,Materials and Design,True,https://doi.org/10.1016/j.matdes.2025.113850,DOWNLOAD_FAILED,,,0,ValueError: response is not a PDF,NO_WORKING_PDF,
43,155,Ferromagnetism in LaFeO3/LaNiO3 superlattices with high Curie temperature,10.1038/s41467-025-58968-z,2025,Nature Communications,True,https://www.nature.com/articles/s41467-025-58968-z.pdf,DOWNLOADED,155-Ferromagnetism in LaFeO3 LaNiO3 superlattices with high Curie temperature.pdf,5ffbdb58bcc31786f29a7a52767a4c244fb70d533af3bbca734a3c73a783916a,3159560,,,
44,,Influence of Layering and Curie Temperature Uncertainty on the Performance of Multilayer Active Magnetic Regenerators,10.1002/adfm.202424282,2025,Advanced Functional Materials,True,https://onlinelibrary.wiley.com/doi/pdfdirect/10.1002/adfm.202424282,DOWNLOAD_FAILED,,,0,HTTPError: 403 Client Error: Forbidden for url: https://onlinelibrary.wiley.com/doi/pdfdirect/10.1002/adfm.202424282,NO_WORKING_PDF,HTTPError: 403 Client Error: Forbidden for url: https://onlinelibrary.wiley.com/doi/pdfdirect/10.1002/adfm.202424282
45,156,Investigation of the temperature-dependent functioning of BiFeO3 as a ferroelectric material through X-ray diffraction analysis,10.1007/s00339-024-08101-6,2025,Applied Physics A Materials Science and Processing,True,https://link.springer.com/content/pdf/10.1007/s00339-024-08101-6.pdf,DOWNLOADED,156-Investigation of the temperature-dependent functioning of BiFeO3 as a ferroelectric material through X-ra.pdf,edecd87f44d950e4485442ffb1a68788a01b8b1b303d29570cdf0bb5ae36c95a,4829651,,,
46,,Predicting the Curie temperature of magnetic materials with automated calculations across chemistries and structures,10.1103/physrevmaterials.8.114417,2024,Physical Review Materials,True,http://link.aps.org/pdf/10.1103/PhysRevMaterials.8.114417,DOWNLOAD_FAILED,,,0,HTTPError: 403 Client Error: Forbidden for url: https://link.aps.org/pdf/10.1103/PhysRevMaterials.8.114417,NO_WORKING_PDF,HTTPError: 403 Client Error: Forbidden for url: https://link.aps.org/pdf/10.1103/PhysRevMaterials.8.114417
47,,A Continental Model of Curie Point Depth for China and Surroundings Based on Equivalent Source Method,10.1029/2023jb027254,2024,Journal of Geophysical Research Solid Earth,False,,NO_OA_PDF,,,0,,NO_WORKING_PDF,HTTPError: 403 Client Error: Forbidden for url: https://onlinelibrary.wiley.com/doi/pdfdirect/10.1029/2023JB027254
48,,Machine-Learning Prediction of Curie Temperature from Chemical Compositions of Ferromagnetic Materials,10.1021/acs.jcim.4c00947,2024,Journal of Chemical Information and Modeling,True,https://pubs.acs.org/doi/pdf/10.1021/acs.jcim.4c00947,DOWNLOAD_FAILED,,,0,HTTPError: 403 Client Error: Forbidden for url: https://pubs.acs.org/doi/pdf/10.1021/acs.jcim.4c00947,NO_WORKING_PDF,HTTPError: 403 Client Error: Forbidden for url: https://pubs.acs.org/doi/pdf/10.1021/acs.jcim.4c00947 | HTTPError: 403 Client Error: Forbidden for url: https://pmc.ncbi.nlm.nih.gov/articles/PMC11350867/pdf/ci4c00947.pdf | ValueError: response is not a PDF
49,157,A high-temperature double perovskite molecule-based antiferroelectric with excellent anti-breakdown capacity for energy storage,10.1038/s41467-023-38007-5,2023,Nature Communications,True,https://www.nature.com/articles/s41467-023-38007-5.pdf,DOWNLOADED,157-A high-temperature double perovskite molecule-based antiferroelectric with excellent anti-breakdown capac.pdf,8d9a5c8556d29ac6dc9e70da49b75477652f213c10d6022d347055f390f9afe7,1977101,,,
50,,Electrically Switchable Persistent Spin Texture in a Two-Dimensional Hybrid Perovskite Ferroelectric,10.1002/anie.202300028,2023,Angewandte Chemie International Edition,False,,NO_OA_PDF,,,0,,NO_WORKING_PDF,HTTPError: 403 Client Error: Forbidden for url: https://onlinelibrary.wiley.com/doi/pdfdirect/10.1002/anie.202300028
51,,Building Block-Inspired Hybrid Perovskite Derivatives for Ferroelectric Channel Layers with Gate-Tunable Memory Behavior,10.1002/anie.202309416,2023,Angewandte Chemie International Edition,False,,NO_OA_PDF,,,0,,NO_WORKING_PDF,HTTPError: 403 Client Error: Forbidden for url: https://onlinelibrary.wiley.com/doi/pdfdirect/10.1002/anie.202309416
52,,Peculiar behavior of V on the Curie temperature and anisotropy field of SmFe12-xVx compounds,10.1016/j.actamat.2022.117928,2022,Acta Materialia,True,https://www.sciencedirect.com/science/article/pii/S1359645422003019/pdf,DOWNLOAD_FAILED,,,0,HTTPError: 403 Client Error: Forbidden for url: https://www.sciencedirect.com/science/article/pii/S1359645422003019/pdf,NO_WORKING_PDF,HTTPError: 403 Client Error: Forbidden for url: https://www.sciencedirect.com/science/article/pii/S1359645422003019/pdf
53,158,Geometry of the Magma Chamber and Curie Point Depth Beneath Hawaii Island: Inferences From Magnetic and Gravity Data,10.3389/feart.2022.847984,2022,Frontiers in Earth Science,True,https://www.frontiersin.org/articles/10.3389/feart.2022.847984/pdf,DOWNLOADED,158-Geometry of the Magma Chamber and Curie Point Depth Beneath Hawaii Island Inferences From Magnetic and Gr.pdf,7479a839fe17fea87408fb2e8c4ab0a42aa3d978f7531328a1d4df1eb0185e51,5802434,,,
54,,Anomalous magnetic behavior in half-metallic Heusler Co2FeSi alloy glass-coated microwires with high Curie temperature,10.1016/j.jallcom.2022.166379,2022,Journal of Alloys and Compounds,True,https://doi.org/10.1016/j.jallcom.2022.166379,DOWNLOAD_FAILED,,,0,ValueError: response is not a PDF,NO_WORKING_PDF,
55,,Fabrication and Magneto-Structural Properties of Co2-Based Heusler Alloy Glass-Coated Microwires with High Curie Temperature,10.3390/chemosensors10060225,2022,Chemosensors,True,https://www.mdpi.com/2227-9040/10/6/225/pdf?version=1655352098,DOWNLOAD_FAILED,,,0,HTTPError: 403 Client Error: Forbidden for url: https://www.mdpi.com/2227-9040/10/6/225/pdf?version=1655352098,NO_WORKING_PDF,HTTPError: 403 Client Error: Forbidden for url: https://www.mdpi.com/2227-9040/10/6/225/pdf?version=1655352098
56,159,Quantum anomalous Hall edge channels survive up to the Curie temperature,10.1038/s41467-021-25912-w,2021,Nature Communications,True,https://www.nature.com/articles/s41467-021-25912-w.pdf,DOWNLOADED,159-Quantum anomalous Hall edge channels survive up to the Curie temperature.pdf,4625f127427e5ab88812f2e2f2bac79468b3eab0cf53c6392cfb665345df89f7,1650256,,,
57,,Remarkably improved Curie temperature for two-dimensional CrI3by gas molecular adsorption: A DFT study,10.1088/1361-6641/ac01a2,2021,Semiconductor Science and Technology,True,https://iopscience.iop.org/article/10.1088/1361-6641/ac01a2/pdf,DOWNLOAD_FAILED,,,0,ValueError: response is not a PDF,NO_WORKING_PDF,ValueError: response is not a PDF
58,160,Ambient effect on the Curie temperatures and magnetic domains in metallic two-dimensional magnets,10.1038/s41699-021-00242-z,2021,Npj 2d Materials and Applications,True,https://www.nature.com/articles/s41699-021-00242-z.pdf,DOWNLOADED,160-Ambient effect on the Curie temperatures and magnetic domains in metallic two-dimensional magnets.pdf,5a71291e93327ecb0d93a6253c00cf05ff41c4f96acfdaac7bce86a5b711b5b4,2753447,,,
59,190,Computing Curie temperature of two-dimensional ferromagnets in the presence of exchange anisotropy,10.1103/physrevresearch.3.043024,2021,Physical Review Research,True,https://lirias.kuleuven.be/retrieve/745b75a1-6ae2-4777-9bec-8fdba872d59c,DOWNLOADED_OPENALEX,190-Computing Curie temperature of two-dimensional ferromagnets in the presence of exchange anisotropy.pdf,998331663398e6a684400b999d95200987729f6f34d60eae8acbb1e6c0152ed1,889869,,,
60,161,Three-dimensional nonlinear photonic crystal in naturally grown potassium–tantalate–niobate perovskite ferroelectrics,10.1038/s41377-020-00427-z,2020,Light Science and Applications,True,https://www.nature.com/articles/s41377-020-00427-z.pdf,DOWNLOADED,161-Three-dimensional nonlinear photonic crystal in naturally grown potassium–tantalate–niobate perovskite fe.pdf,d92f57f06b6359f7bb13432854f19b6fdfeaaa53f8e54e9d49f4d1dc7fbe6458,2112034,,,
61,,Tunable Curie temperature in layered ferromagnetic Cr5+ xTe8 single crystals,10.1063/1.5143387,2020,APL Materials,True,https://doi.org/10.1063/1.5143387,DOWNLOAD_FAILED,,,0,HTTPError: 403 Client Error: Forbidden for url: https://pubs.aip.org/apm/article/8/3/031101/594639/Tunable-Curie-temperature-in-layered-ferromagnetic,NO_WORKING_PDF,
62,162,Prediction of the Curie temperature considering the dependence of the phonon free energy on magnetic states,10.1038/s41524-020-00458-5,2020,Npj Computational Materials,True,https://www.nature.com/articles/s41524-020-00458-5.pdf,DOWNLOADED,162-Prediction of the Curie temperature considering the dependence of the phonon free energy on magnetic stat.pdf,99d3c0dfadedb55910b46ab80eb9826231a8540f8157318c28eaa3e0c92eef6e,846403,,,
63,,On the ferroelectric to paraelectric structural transition of BaTiO3 Micro-/Nanoparticles and their epoxy nanocomposites,10.3390/molecules25112686,2020,Molecules,True,https://www.mdpi.com/1420-3049/25/11/2686/pdf?version=1591972707,DOWNLOAD_FAILED,,,0,HTTPError: 403 Client Error: Forbidden for url: https://www.mdpi.com/1420-3049/25/11/2686/pdf?version=1591972707,NO_WORKING_PDF,HTTPError: 403 Client Error: Forbidden for url: https://www.mdpi.com/1420-3049/25/11/2686/pdf?version=1591972707
64,,"Preparation of Fe-rich giant magnetocaloric (Mn,Fe)2(P,Si) ribbons and calorimetric analysis of the first-order magnetic transition",10.1016/j.actamat.2025.121677,2026,Acta Materialia,True,https://doi.org/10.1016/j.actamat.2025.121677,DOWNLOAD_FAILED,,,0,ValueError: response is not a PDF,NO_WORKING_PDF,
65,,Low-temperature sintering of BaTiO3-based semiconducting ceramics using sodium vapor,10.1111/jace.70468,2026,Journal of the American Ceramic Society,True,https://onlinelibrary.wiley.com/doi/pdfdirect/10.1111/jace.70468,DOWNLOAD_FAILED,,,0,HTTPError: 403 Client Error: Forbidden for url: https://onlinelibrary.wiley.com/doi/pdfdirect/10.1111/jace.70468,NO_WORKING_PDF,HTTPError: 403 Client Error: Forbidden for url: https://onlinelibrary.wiley.com/doi/pdfdirect/10.1111/jace.70468
66,163,"Study on the structural, ferroelectric, and optical properties of KNN ferroelectric ceramics doped with Cu",10.1007/s10832-025-00399-9,2026,Journal of Electroceramics,True,https://link.springer.com/content/pdf/10.1007/s10832-025-00399-9.pdf,DOWNLOADED,"163-Study on the structural, ferroelectric, and optical properties of KNN ferroelectric ceramics doped with C.pdf",b43964d685810fca67dae94ed9e49aac46908f64f36a4644818e5f2ed7a06368,3090601,,,
67,164,Polarity-dependent ferroelectric modulations in two-dimensional hybrid perovskite heterojunction transistors,10.1038/s41467-025-64387-x,2025,Nature Communications,True,https://www.nature.com/articles/s41467-025-64387-x.pdf,DOWNLOADED,164-Polarity-dependent ferroelectric modulations in two-dimensional hybrid perovskite heterojunction transist.pdf,3871497996fc8f1be6d61d1abdd7adfc9c2b83d09074a5d3075ac2f99ee5b4cd,2956838,,,
68,,Precise Tailoring of Unprecedent Layered Perovskite-Type Heterostructure Ferroelectric via Chemical Molecular Scissor,10.1002/anie.202424279,2025,Angewandte Chemie International Edition,False,,NO_OA_PDF,,,0,,NO_WORKING_PDF,HTTPError: 403 Client Error: Forbidden for url: https://onlinelibrary.wiley.com/doi/pdfdirect/10.1002/anie.202424279
69,,Unlocking Cage-Confined Cations Molecular Dynamics toward High-Tc Perovskite Ferroelectrics,10.1002/anie.202420512,2025,Angewandte Chemie International Edition,True,https://onlinelibrary.wiley.com/doi/pdfdirect/10.1002/anie.202420512,DOWNLOAD_FAILED,,,0,HTTPError: 403 Client Error: Forbidden for url: https://onlinelibrary.wiley.com/doi/pdfdirect/10.1002/anie.202420512,NO_WORKING_PDF,HTTPError: 403 Client Error: Forbidden for url: https://onlinelibrary.wiley.com/doi/pdfdirect/10.1002/anie.202420512
70,,High-temperature BaTiO3-based ceramic capacitors by entropy engineering design,10.26599/jac.2024.9220964,2024,Journal of Advanced Ceramics,True,https://doi.org/10.26599/jac.2024.9220964,DOWNLOAD_FAILED,,,0,ValueError: response is not a PDF,NO_WORKING_PDF,
71,,Landau theory-based relaxational modeling of first-order magnetic transition dynamics in magnetocaloric materials,10.1088/1361-6463/acbe4e,2023,Journal of Physics D Applied Physics,True,https://iopscience.iop.org/article/10.1088/1361-6463/acbe4e/pdf,DOWNLOAD_FAILED,,,0,ValueError: response is not a PDF,NO_WORKING_PDF,ValueError: response is not a PDF | ValueError: response is not a PDF
72,,Phase coexistence and grain size effects on the functional properties of BaTiO3 ceramics,10.1016/j.jeurceramsoc.2021.12.024,2022,Journal of the European Ceramic Society,True,https://doi.org/10.1016/j.jeurceramsoc.2021.12.024,DOWNLOAD_FAILED,,,0,ValueError: response is not a PDF,NO_WORKING_PDF,
73,,Inverse Design of Ferroelectric-Order in Perovskite Crystal for Self-Powered Ultraviolet Photodetection,10.1002/adma.202105108,2022,Advanced Materials,True,https://onlinelibrary.wiley.com/doi/pdfdirect/10.1002/adma.202105108,DOWNLOAD_FAILED,,,0,HTTPError: 403 Client Error: Forbidden for url: https://onlinelibrary.wiley.com/doi/pdfdirect/10.1002/adma.202105108,NO_WORKING_PDF,HTTPError: 403 Client Error: Forbidden for url: https://onlinelibrary.wiley.com/doi/pdfdirect/10.1002/adma.202105108
74,,A one-dimensional perovskite with ferroelectric and switchable nonlinear optical properties: [azetidinium]CdCl3,10.1039/d1tc05355h,2022,Journal of Materials Chemistry C,True,https://doi.org/10.1039/d1tc05355h,DOWNLOAD_FAILED,,,0,HTTPError: 403 Client Error: Forbidden for url: https://pubs.rsc.org/tc/article/10/8/3036-3047/754032,NO_WORKING_PDF,
75,,Two enantiomeric perovskite ferroelectrics with a high T craised by inserting intermolecular hydrogen bonds,10.1063/5.0035793,2021,APL Materials,True,https://doi.org/10.1063/5.0035793,DOWNLOAD_FAILED,,,0,HTTPError: 403 Client Error: Forbidden for url: https://pubs.aip.org/apm/article/9/3/031102/892497/Two-enantiomeric-perovskite-ferroelectrics-with-a,NO_WORKING_PDF,
76,165,Critical behavior and magnetocaloric effect across the magnetic transition in Mn1+xFe4−xSi3,10.1038/s41598-020-63223-0,2020,Scientific Reports,True,https://www.nature.com/articles/s41598-020-63223-0.pdf,DOWNLOADED,165-Critical behavior and magnetocaloric effect across the magnetic transition in Mn1+xFe4−xSi3.pdf,2115c2bcd2d204b2a81c01af387630bac7f342892535b90ec7038b7c83c57015,3689688,,,
77,,Origin of structural change driven by a-site lanthanide doping in abo3-type perovskite ferroelectrics,10.3390/cryst10060434,2020,Crystals,True,https://www.mdpi.com/2073-4352/10/6/434/pdf?version=1590744251,DOWNLOAD_FAILED,,,0,HTTPError: 403 Client Error: Forbidden for url: https://www.mdpi.com/2073-4352/10/6/434/pdf?version=1590744251,NO_WORKING_PDF,HTTPError: 403 Client Error: Forbidden for url: https://www.mdpi.com/2073-4352/10/6/434/pdf?version=1590744251
78,,Temperature-Dependent Ferroelectric Properties and Aging Behavior of Freeze-Cast Bismuth Ferrite-Barium Titanate Ceramics,10.1021/acsami.4c03002,2024,ACS Applied Materials and Interfaces,True,https://pubs.acs.org/doi/pdf/10.1021/acsami.4c03002,DOWNLOAD_FAILED,,,0,HTTPError: 403 Client Error: Forbidden for url: https://pubs.acs.org/doi/pdf/10.1021/acsami.4c03002,NO_WORKING_PDF,HTTPError: 403 Client Error: Forbidden for url: https://pubs.acs.org/doi/pdf/10.1021/acsami.4c03002 | HTTPError: 403 Client Error: Forbidden for url: https://pmc.ncbi.nlm.nih.gov/articles/PMC11040575/pdf/am4c03002.pdf
79,,Strong electrocaloric response with ultrawide working temperature span in lead-free BaTiO3-based ceramics by composition design,10.1016/j.ceramint.2024.01.061,2024,Ceramics International,True,https://doi.org/10.1016/j.ceramint.2024.01.061,DOWNLOAD_FAILED,,,0,ValueError: response is not a PDF,NO_WORKING_PDF,
80,,Ferroelectric-to-paraelectric phase engineering for 2D layered ultra-high-κ dielectrics,10.1093/nsr/nwag126,2026,National Science Review,True,https://doi.org/10.1093/nsr/nwag126,DOWNLOAD_FAILED,,,0,HTTPError: 403 Client Error: Forbidden for url: https://academic.oup.com/nsr/article/doi/10.1093/nsr/nwag126/8503499,NO_WORKING_PDF,
81,,Direct Sub-Kelvin Magnetocaloric Cooling and Correlated Paramagnetism in Double Perovskite Gd2CuTiO6,10.3390/app16052456,2026,Applied Sciences Switzerland,True,https://www.mdpi.com/2076-3417/16/5/2456/pdf,DOWNLOAD_FAILED,,,0,HTTPError: 403 Client Error: Forbidden for url: https://www.mdpi.com/2076-3417/16/5/2456/pdf,NO_WORKING_PDF,HTTPError: 403 Client Error: Forbidden for url: https://www.mdpi.com/2076-3417/16/5/2456/pdf
82,,Tailoring the cryogenic magnetism and magnetocaloric effect from Zr substitution in EuTiO3 perovskite,10.1016/j.jmst.2024.01.041,2024,Journal of Materials Science and Technology,False,,NO_OA_PDF,,,0,,NO_WORKING_PDF,
83,,Magnetoelastic Coupling and Cryogenic Magnetocaloric Effect in Two-Site Disordered GdSrCoFeO6 Double Perovskite,10.1021/acs.chemmater.2c03574,2023,Chemistry of Materials,True,https://doi.org/10.1021/acs.chemmater.2c03574,DOWNLOAD_FAILED,,,0,HTTPError: 403 Client Error: Forbidden for url: https://pubs.acs.org/doi/10.1021/acs.chemmater.2c03574,NO_WORKING_PDF,
84,166,"Synthesis, structure, morphology, magnetism, and magnetocaloric-effect studies of (La1−xPrx)0.7Sr0.3MnO3 nanocrystalline perovskites",10.1007/s42452-023-05328-5,2023,SN Applied Sciences,True,https://link.springer.com/content/pdf/10.1007/s42452-023-05328-5.pdf,DOWNLOADED,"166-Synthesis, structure, morphology, magnetism, and magnetocaloric-effect studies of (La1−xPrx)0.7Sr0.3MnO3.pdf",f0d267a6430927f6c25e8a13d17d4eba4dd41200731b031cf85d25e70fc6308f,6790867,,,
85,,Iron-doping induced multiferroic in two-dimensional In2Se3,10.1007/s40843-019-1212-x,2020,Science China Materials,True,https://link.springer.com/content/pdf/10.1007/s40843-019-1212-x.pdf,DOWNLOAD_FAILED,,,0,ValueError: response is not a PDF,NO_WORKING_PDF,ValueError: response is not a PDF
86,191,Adding 161Dy-Mössbauer spectroscopy to a multitechnique investigation of magnetic transitions in a {CoIII3DyIII3} Single-Molecule Toroic,10.1038/s41467-026-71058-y,2026,Nature Communications,True,https://lirias.kuleuven.be/retrieve/4857ea5c-8bf5-4f20-8500-ccdba208dcee,DOWNLOADED_OPENALEX,191-Adding 161Dy-Mössbauer spectroscopy to a multitechnique investigation of magnetic transitions in a {CoIII.pdf,5a7c829d003f17ffd9ed15821185ad8d974dbb05fa8cad29b6aa01c8e886c5c7,3381220,,,
87,,Emergent Chaos-Like Dynamics of Spin–Orbit-Torque-Driven Magnetic Transitions,10.1002/smll.73778,2026,Small,True,https://onlinelibrary.wiley.com/doi/pdfdirect/10.1002/smll.73778,DOWNLOAD_FAILED,,,0,HTTPError: 403 Client Error: Forbidden for url: https://onlinelibrary.wiley.com/doi/pdfdirect/10.1002/smll.73778,NO_WORKING_PDF,HTTPError: 403 Client Error: Forbidden for url: https://onlinelibrary.wiley.com/doi/pdfdirect/10.1002/smll.73778
88,167,Parallel alignment of electric and magnetic transition dipole moments in chiral additives can boost the oxygen evolution reaction,10.1038/s42004-026-02042-2,2026,Communications Chemistry,True,https://www.nature.com/articles/s42004-026-02042-2_reference.pdf,DOWNLOADED,167-Parallel alignment of electric and magnetic transition dipole moments in chiral additives can boost the o.pdf,623b27819c46eeb0d4b1ea82e14e3065c377c9ff848940630f316bab896a128c,1445162,,,
89,168,Large enhancement of properties in strained lead-free multiferroic solid solutions with strong deviation from Vegard's law,10.1016/j.matt.2024.09.018,2025,Matter,True,https://arxiv.org/pdf/2410.12252,DOWNLOADED,168-Large enhancement of properties in strained lead-free multiferroic solid solutions with strong deviation.pdf,dfcf8ab9b702454ba6658c8550d30fffbaba5512d799a9f49cb73a0ae16447be,2654732,,,
90,,Observation of Griffiths-like phase and magnetocaloric effect in disordered Y2CoCrO6 double perovskite,10.1039/d4ma01092b,2025,Materials Advances,True,https://pubs.rsc.org/en/content/articlepdf/2025/ma/d4ma01092b,DOWNLOAD_FAILED,,,0,HTTPError: 403 Client Error: Forbidden for url: https://pubs.rsc.org/en/content/articlepdf/2025/ma/d4ma01092b,NO_WORKING_PDF,HTTPError: 403 Client Error: Forbidden for url: https://pubs.rsc.org/en/content/articlepdf/2025/ma/d4ma01092b
91,,Machine Learning Methodologies Applied to Magnetocaloric Perovskites Discovery,10.1021/acs.jcim.4c01944,2025,Journal of Chemical Information and Modeling,False,,NO_OA_PDF,,,0,,NO_WORKING_PDF,HTTPError: 403 Client Error: Forbidden for url: https://pubs.acs.org/doi/pdf/10.1021/acs.jcim.4c01944?ref=article_openPDF | HTTPError: 403 Client Error: Forbidden for url: https://pmc.ncbi.nlm.nih.gov/articles/PMC11863371/pdf/ci4c01944.pdf
92,,Imaging magnetic transition of magnetite to megabar pressures using quantum sensors in diamond anvil cell,10.1038/s41467-024-52272-y,2024,Nature Communications,True,https://doi.org/10.1038/s41467-024-52272-y,DOWNLOAD_FAILED,,,0,ValueError: response is not a PDF,NO_WORKING_PDF,HTTPError: 403 Client Error: Forbidden for url: https://pmc.ncbi.nlm.nih.gov/articles/PMC11471789/pdf/41467_2024_Article_52272.pdf
93,192,Supramolecular Polymerization as a Tool to Reveal the Magnetic Transition Dipole Moment of Heptazines,10.1021/jacs.4c02174,2024,Journal of the American Chemical Society,True,https://pure.tue.nl/ws/files/331632646/xu-et-al-2024-supramolecular-polymerization-as-a-tool-to-reveal-the-magnetic-transition-dipole-moment-of-heptazines.pdf,DOWNLOADED_OPENALEX,192-Supramolecular Polymerization as a Tool to Reveal the Magnetic Transition Dipole Moment of Heptazines.pdf,8821d4e22bbaef270f9782cd30923550d5e7519855dc2b76315ffe42ac9c1a1b,3058878,,,
94,193,Multifaceted Roles of Ag+ Ions within and outside La-Ca-MnO3 Perovskite Manganites: Unveiling the Room Temperature Magnetocaloric Effect,10.1021/acs.jpcc.4c03215,2024,Journal of Physical Chemistry C,True,https://hal.science/hal-04740052v1/document,DOWNLOADED_OPENALEX,193-Multifaceted Roles of Ag+ Ions within and outside La-Ca-MnO3 Perovskite Manganites Unveiling the Room Tem.pdf,e5b135610c54fb80b248813175665b061828a3f522555c3baf2af538a68dec6d,8436002,,,
95,,"Magnetoelastic Coupling Evidence by Anisotropic Crossed Thermal Expansion in Magnetocaloric RSrCoFeO6 (R = Sm, Eu) Double Perovskites",10.1021/acs.inorgchem.4c00594,2024,Inorganic Chemistry,True,https://doi.org/10.1021/acs.inorgchem.4c00594,DOWNLOAD_FAILED,,,0,HTTPError: 403 Client Error: Forbidden for url: https://pubs.acs.org/doi/10.1021/acs.inorgchem.4c00594,NO_WORKING_PDF,
96,,"Effect of Cr substitution on structural, magnetic, magnetocaloric and critical behaviors of La0.7Y0.05Ba0.25MnO3 perovskite manganite",10.1016/j.jssc.2023.124481,2024,Journal of Solid State Chemistry,True,https://doi.org/10.1016/j.jssc.2023.124481,DOWNLOAD_FAILED,,,0,ValueError: response is not a PDF,NO_WORKING_PDF,
97,,Molecular Design of a Metal-Nitrosyl Ferroelectric with Reversible Photoisomerization,10.1021/jacs.3c01530,2023,Journal of the American Chemical Society,True,https://pubs.acs.org/doi/pdf/10.1021/jacs.3c01530,DOWNLOAD_FAILED,,,0,HTTPError: 403 Client Error: Forbidden for url: https://pubs.acs.org/doi/pdf/10.1021/jacs.3c01530,NO_WORKING_PDF,HTTPError: 403 Client Error: Forbidden for url: https://pubs.acs.org/doi/pdf/10.1021/jacs.3c01530 | HTTPError: 403 Client Error: Forbidden for url: https://pmc.ncbi.nlm.nih.gov/articles/PMC10311532/pdf/ja3c01530.pdf
98,194,Achieving Ferroelectricity in a Centrosymmetric High-Performance Semiconductor by Strain Engineering,10.1002/adma.202300450,2023,Advanced Materials,True,https://arxiv.org/pdf/2303.02882,DOWNLOADED_OPENALEX,194-Achieving Ferroelectricity in a Centrosymmetric High-Performance Semiconductor by Strain Engineering.pdf,78928c55ed756c196b3b7dc10743a99a50fcd69f14ed7d02a1da85be9f521ec7,7776898,,,
99,,Exploration of Quasi-Direct Band Edge in a Multilayer Ferroelectric Semiconductor for Applications in Van Der Waals Stacked Heterojunction Solar Cell and Photocatalytic Devices,10.1002/advs.202514717,2026,Advanced Science,False,,NO_OA_PDF,,,0,,NO_WORKING_PDF,
100,,Improper narrow bandgap molecular ferroelectrics enable light-excited pyroelectricity for broadband self-powered photoactivities,10.1039/d5qi01797a,2026,Inorganic Chemistry Frontiers,True,https://pubs.rsc.org/en/content/articlepdf/2025/qi/d5qi01797a,DOWNLOAD_FAILED,,,0,HTTPError: 403 Client Error: Forbidden for url: https://pubs.rsc.org/en/content/articlepdf/2025/qi/d5qi01797a,NO_WORKING_PDF,HTTPError: 403 Client Error: Forbidden for url: https://pubs.rsc.org/en/content/articlepdf/2025/qi/d5qi01797a
101,,Realizing Ultrahigh Dielectric Constant With Ultrawide Temperature Stability in Dual-Phase BNT-BST Ceramics by SPS Sintering,10.1002/rar2.70026,2026,Rare Metals,True,https://onlinelibrary.wiley.com/doi/pdfdirect/10.1002/rar2.70026,DOWNLOAD_FAILED,,,0,HTTPError: 403 Client Error: Forbidden for url: https://onlinelibrary.wiley.com/doi/pdfdirect/10.1002/rar2.70026,NO_WORKING_PDF,HTTPError: 403 Client Error: Forbidden for url: https://onlinelibrary.wiley.com/doi/pdfdirect/10.1002/rar2.70026
102,,Direct Observation of Electric-Field-Driven Phase Transitions Associated with Energy Storage in Antiferroelectric Films,10.1002/advs.202517897,2026,Advanced Science,True,https://onlinelibrary.wiley.com/doi/pdfdirect/10.1002/advs.202517897,DOWNLOAD_FAILED,,,0,HTTPError: 403 Client Error: Forbidden for url: https://onlinelibrary.wiley.com/doi/pdfdirect/10.1002/advs.202517897,NO_WORKING_PDF,HTTPError: 403 Client Error: Forbidden for url: https://onlinelibrary.wiley.com/doi/pdfdirect/10.1002/advs.202517897
103,,Finite-temperature ferroelectric phase transitions from machine-learned force fields,10.1103/nkc5-rtds,2026,Physical Review Materials,True,https://doi.org/10.1103/nkc5-rtds,DOWNLOAD_FAILED,,,0,HTTPError: 403 Client Error: Forbidden for url: https://link.aps.org/doi/10.1103/nkc5-rtds,NO_WORKING_PDF,
104,,Antiferroelectricity in Titanite-Type CaTiGeO5 Thin Films,10.1021/acsaelm.6c00159,2026,ACS Applied Electronic Materials,False,,NO_OA_PDF,,,0,,NO_WORKING_PDF,
105,,Chemical Doping Engineering of Polarization and Topological Textures in van der Waals Ferroelectric CuInP2S6,10.1002/advs.202523774,2026,Advanced Science,True,https://doi.org/10.1002/advs.202523774,DOWNLOAD_FAILED,,,0,HTTPError: 403 Client Error: Forbidden for url: https://advanced.onlinelibrary.wiley.com/doi/10.1002/advs.202523774,NO_WORKING_PDF,HTTPError: 403 Client Error: Forbidden for url: https://pmc.ncbi.nlm.nih.gov/articles/PMC13042472/pdf/ADVS-13-e23774.pdf
106,,Electric-Anisotropy-Controlled Phase Transitions and Hysteresis in a Ferroelectric/Ferrimagnetic Bilayer with Three-State Ferroelectricity,10.3390/magnetism6010008,2026,Magnetism,True,https://www.mdpi.com/2673-8724/6/1/8/pdf?version=1770289330,DOWNLOAD_FAILED,,,0,HTTPError: 403 Client Error: Forbidden for url: https://www.mdpi.com/2673-8724/6/1/8/pdf?version=1770289330,NO_WORKING_PDF,HTTPError: 403 Client Error: Forbidden for url: https://www.mdpi.com/2673-8724/6/1/8/pdf?version=1770289330
107,,Room-Temperature Antiferroelectricity in Titanite (CaTiSiO5) Thin Films,10.1002/aelm.202500546,2026,Advanced Electronic Materials,True,https://doi.org/10.1002/aelm.202500546,DOWNLOAD_FAILED,,,0,HTTPError: 403 Client Error: Forbidden for url: https://advanced.onlinelibrary.wiley.com/doi/10.1002/aelm.202500546,NO_WORKING_PDF,
108,,Highly Stable MOF-Type Lead Halide Luminescent Ferroelectrics,10.1002/anie.202407102,2024,Angewandte Chemie International Edition,False,,NO_OA_PDF,,,0,,NO_WORKING_PDF,HTTPError: 403 Client Error: Forbidden for url: https://onlinelibrary.wiley.com/doi/pdfdirect/10.1002/anie.202407102
109,,"Strain engineering the spin-valley coupling of the R-stacking sliding ferroelectric bilayer 2H-VX2 (X = S, Se, Te)",10.1038/s41524-024-01288-5,2024,Npj Computational Materials,True,https://doi.org/10.1038/s41524-024-01288-5,DOWNLOAD_FAILED,,,0,ValueError: response is not a PDF,NO_WORKING_PDF,
110,169,Tuning ferroelectric phase transition temperature by enantiomer fraction,10.1038/s41467-024-45986-6,2024,Nature Communications,True,https://www.nature.com/articles/s41467-024-45986-6.pdf,DOWNLOADED,169-Tuning ferroelectric phase transition temperature by enantiomer fraction.pdf,7858e5a03df00e0adecd3fea4d08ea1c7062b9194caad2c2a1ccc3e5b492b95e,2481055,,,
111,195,Design of polar boundaries enhancing negative electrocaloric performance by antiferroelectric phase-field simulations,10.1038/s41524-024-01334-2,2024,Npj Computational Materials,True,https://www.nature.com/articles/s41524-024-01334-2.pdf,DOWNLOADED_OPENALEX,195-Design of polar boundaries enhancing negative electrocaloric performance by antiferroelectric phase-field.pdf,8aa9da15fa9a71ddc1563f412d7c59c2c19b39d437e8bd0be1e4c17263204a25,2218529,,,
112,,"Co-relation between Rietveld analysis, dielectric studies and impedance spectroscopy of the Ba1−xSrxTiO3 ceramics",10.1007/s10854-024-12788-x,2024,Journal of Materials Science Materials in Electronics,True,https://doi.org/10.1007/s10854-024-12788-x,DOWNLOAD_FAILED,,,0,ValueError: response is not a PDF,NO_WORKING_PDF,
113,,Composition-driven morphological evolution of BaTiO3 nanowires for efficient piezocatalytic hydrogen production,10.1016/j.chemosphere.2023.139337,2023,Chemosphere,True,https://doi.org/10.1016/j.chemosphere.2023.139337,DOWNLOAD_FAILED,,,0,ValueError: response is not a PDF,NO_WORKING_PDF,
114,,Electrocaloric effect in BaTiO3 multilayer capacitors with first-order phase transitions,10.1088/2515-7655/acc972,2023,Jphys Energy,True,https://doi.org/10.1088/2515-7655/acc972,DOWNLOAD_FAILED,,,0,ValueError: response is not a PDF,NO_WORKING_PDF,
115,,Influence of Grain Size on Dielectric Behavior in Lead-Free 0.5 Ba(Zr0.2Ti0.8)O3–0.5 (Ba0.7Ca0.3)TiO3 Ceramics,10.3390/nano13222934,2023,Nanomaterials,True,https://www.mdpi.com/2079-4991/13/22/2934/pdf?version=1699777338,DOWNLOAD_FAILED,,,0,HTTPError: 403 Client Error: Forbidden for url: https://www.mdpi.com/2079-4991/13/22/2934/pdf?version=1699777338,NO_WORKING_PDF,HTTPError: 403 Client Error: Forbidden for url: https://www.mdpi.com/2079-4991/13/22/2934/pdf?version=1699777338 | HTTPError: 403 Client Error: Forbidden for url: https://pmc.ncbi.nlm.nih.gov/articles/PMC10675762/pdf/nanomaterials-13-02934.pdf
116,,Two-dimensional (n = 1) ferroelectric film solar cells,10.1093/nsr/nwad061,2023,National Science Review,True,https://academic.oup.com/nsr/advance-article-pdf/doi/10.1093/nsr/nwad061/49504286/nwad061.pdf,DOWNLOAD_FAILED,,,0,HTTPError: 403 Client Error: Forbidden for url: https://academic.oup.com/nsr/advance-article-pdf/doi/10.1093/nsr/nwad061/49504286/nwad061.pdf,NO_WORKING_PDF,HTTPError: 403 Client Error: Forbidden for url: https://academic.oup.com/nsr/advance-article-pdf/doi/10.1093/nsr/nwad061/49504286/nwad061.pdf | HTTPError: 403 Client Error: Forbidden for url: https://pmc.ncbi.nlm.nih.gov/articles/PMC10434298/pdf/nwad061.pdf
117,170,0D van der Waals interfacial ferroelectricity,10.1038/s41467-023-41045-8,2023,Nature Communications,True,https://www.nature.com/articles/s41467-023-41045-8.pdf,DOWNLOADED,170-0D van der Waals interfacial ferroelectricity.pdf,cfae7707a80420caf6ff2a3c403241d1ce8a1bbdd22366d89870d81ed94d76ee,3195991,,,
118,,The rise of 2D materials/ferroelectrics for next generation photonics and optoelectronics devices,10.1063/5.0094965,2022,APL Materials,True,https://doi.org/10.1063/5.0094965,DOWNLOAD_FAILED,,,0,HTTPError: 403 Client Error: Forbidden for url: https://pubs.aip.org/apm/article/10/6/060903/2834982/The-rise-of-2D-materials-ferroelectrics-for-next,NO_WORKING_PDF,
119,171,Metastable ferroelectricity driven by depolarization fields in ultrathin Hf0.5Zr0.5O2,10.1038/s42005-022-00951-x,2022,Communications Physics,True,https://www.nature.com/articles/s42005-022-00951-x.pdf,DOWNLOADED,171-Metastable ferroelectricity driven by depolarization fields in ultrathin Hf0.5Zr0.5O2.pdf,e8512cf20fb6bbb37278d664dd24543e6e055a3effae5edb568a763ae6b2c38c,2807992,,,
120,,Magnetic Transitions and Energy Transfer Processes in Sb-Based Zero-Dimensional Metal Halide Nanocrystals Doped with Manganese,10.1021/acsenergylett.2c00364,2022,ACS Energy Letters,True,https://doi.org/10.1021/acsenergylett.2c00364,DOWNLOAD_FAILED,,,0,HTTPError: 403 Client Error: Forbidden for url: https://pubs.acs.org/doi/10.1021/acsenergylett.2c00364,NO_WORKING_PDF,
121,,Free-standing 2D non-van der Waals antiferromagnetic hexagonal FeSe semiconductor: halide-assisted chemical synthesis and Fe2+related magnetic transitions,10.1039/d1sc04122c,2022,Chemical Science,True,https://pubs.rsc.org/en/content/articlepdf/2022/sc/d1sc04122c,DOWNLOAD_FAILED,,,0,HTTPError: 403 Client Error: Forbidden for url: https://pubs.rsc.org/en/content/articlepdf/2022/sc/d1sc04122c,NO_WORKING_PDF,HTTPError: 403 Client Error: Forbidden for url: https://pubs.rsc.org/en/content/articlepdf/2022/sc/d1sc04122c
122,196,Magnetic transitions and radiative decays of singly heavy baryons,10.1016/j.physletb.2019.135142,2020,Physics Letters Section B Nuclear Elementary Particle and High Energy Physics,True,https://arxiv.org/pdf/1909.03156,DOWNLOADED_OPENALEX,196-Magnetic transitions and radiative decays of singly heavy baryons.pdf,0e85a27bc82c9317e6bf7541ea127406940009ed1ecae7344c981c419ae49f90,238672,,,
123,,Origin of Griffiths phase and long-range ordering in three-dimensional Nd0.8Sr0.2MnO3 manganite perovskite,10.1016/j.jallcom.2026.186287,2026,Journal of Alloys and Compounds,True,https://doi.org/10.1016/j.jallcom.2026.186287,DOWNLOAD_FAILED,,,0,ValueError: response is not a PDF,NO_WORKING_PDF,
124,,Multiaxial Aromatic-Based Photoferroelectric Induced by Synergistic Intermolecular Interactions for Multidirectional Self-Powered X-Ray Detection,10.1002/anie.202507640,2025,Angewandte Chemie International Edition,False,,NO_OA_PDF,,,0,,NO_WORKING_PDF,HTTPError: 403 Client Error: Forbidden for url: https://onlinelibrary.wiley.com/doi/pdfdirect/10.1002/anie.202507640
125,197,Unconventional (anti)ferroelectricity in van der Waals group-IV monochalcogenides,10.1038/s41467-025-57138-5,2025,Nature Communications,True,https://www.nature.com/articles/s41467-025-57138-5.pdf,DOWNLOADED_OPENALEX,197-Unconventional (anti)ferroelectricity in van der Waals group-IV monochalcogenides.pdf,a337c45f45c565d1a00132e79c7a52e99b04538df243c36d883a3a51052e2f00,5669543,,,
126,172,Giant intrinsic electrocaloric effect in ferroelectrics by local structural engineering,10.1038/s41467-025-61860-5,2025,Nature Communications,True,https://www.nature.com/articles/s41467-025-61860-5.pdf,DOWNLOADED,172-Giant intrinsic electrocaloric effect in ferroelectrics by local structural engineering.pdf,56c7e878eda93fbde40868ad36e0d1d5c061458dd66cd7ade60985abeb41310c,7516367,,,
127,,Oxygen-vacancy mediated deterministic domain distribution at the onset of ferroelectricity,10.1016/j.actamat.2025.120738,2025,Acta Materialia,True,https://doi.org/10.1016/j.actamat.2025.120738,DOWNLOAD_FAILED,,,0,ValueError: response is not a PDF,NO_WORKING_PDF,
128,,Optical Evidence of Interfacial Strain-Induced Ferroelectric Tuning and Enhancement in CuInP2S6 via Ferroelectric Substrate,10.1002/smll.202409879,2025,Small,True,https://onlinelibrary.wiley.com/doi/pdfdirect/10.1002/smll.202409879,DOWNLOAD_FAILED,,,0,HTTPError: 403 Client Error: Forbidden for url: https://onlinelibrary.wiley.com/doi/pdfdirect/10.1002/smll.202409879,NO_WORKING_PDF,HTTPError: 403 Client Error: Forbidden for url: https://onlinelibrary.wiley.com/doi/pdfdirect/10.1002/smll.202409879
129,198,Real-space visualization of order-disorder transition in BaTiO3,10.1126/sciadv.adx9804,2025,Science Advances,True,https://arxiv.org/pdf/2504.14357,DOWNLOADED_OPENALEX,198-Real-space visualization of order-disorder transition in BaTiO3.pdf,9a3ed9dd6d3d33526eccb37a98ddacc9422a799db3d6479ca52ee856354d50a5,15714085,,,
130,,Ferroelectric Order Evolution in Freestanding PbTiO3 Films Monitored by Optical Second Harmonic Generation,10.1002/advs.202307571,2024,Advanced Science,True,https://doi.org/10.1002/advs.202307571,DOWNLOAD_FAILED,,,0,HTTPError: 403 Client Error: Forbidden for url: https://advanced.onlinelibrary.wiley.com/doi/10.1002/advs.202307571,NO_WORKING_PDF,HTTPError: 403 Client Error: Forbidden for url: https://pmc.ncbi.nlm.nih.gov/articles/PMC11348163/pdf/ADVS-11-2307571.pdf
131,,Insights Into Curie-Temperature and Phase Formation of Ferroelectric Hf1−xZrxO2 with Oxygen Defects from a Leveled Energy Landscape,10.1002/admi.202300710,2024,Advanced Materials Interfaces,True,https://onlinelibrary.wiley.com/doi/pdfdirect/10.1002/admi.202300710,DOWNLOAD_FAILED,,,0,HTTPError: 403 Client Error: Forbidden for url: https://onlinelibrary.wiley.com/doi/pdfdirect/10.1002/admi.202300710,NO_WORKING_PDF,HTTPError: 403 Client Error: Forbidden for url: https://onlinelibrary.wiley.com/doi/pdfdirect/10.1002/admi.202300710
132,,"Crystallite Size Effects on Electrical Properties of Nickel Chromite (NiCr2O4) Spinel Ceramics: A Study of Structural, Magnetic, and Dielectric Transitions",10.3390/chemengineering8050100,2024,Chemengineering,True,https://doi.org/10.3390/chemengineering8050100,DOWNLOAD_FAILED,,,0,HTTPError: 403 Client Error: Forbidden for url: https://www.mdpi.com/2305-7084/8/5/100,NO_WORKING_PDF,HTTPError: 403 Client Error: Forbidden for url: https://www.mdpi.com/2305-7084/8/5/100/pdf?version=1728378629 | HTTPError: 403 Client Error: Forbidden for url: https://qspace.qu.edu.qa/bitstream/10576/65610/1/ChemEngineering-08-00100.pdf
133,,Achieving Giant Piezoelectricity and High Property Uniformity Simultaneously in a Relaxor Ferroelectric Crystal through Rare-Earth Element Doping,10.1002/advs.202204631,2022,Advanced Science,True,https://onlinelibrary.wiley.com/doi/pdfdirect/10.1002/advs.202204631,DOWNLOAD_FAILED,,,0,HTTPError: 403 Client Error: Forbidden for url: https://onlinelibrary.wiley.com/doi/pdfdirect/10.1002/advs.202204631,NO_WORKING_PDF,HTTPError: 403 Client Error: Forbidden for url: https://onlinelibrary.wiley.com/doi/pdfdirect/10.1002/advs.202204631
134,173,Record high-T c and large practical utilization level of electric polarization in metal-free molecular antiferroelectric solid solutions,10.1038/s41467-022-33039-9,2022,Nature Communications,True,https://www.nature.com/articles/s41467-022-33039-9.pdf,DOWNLOADED,173-Record high-T c and large practical utilization level of electric polarization in metal-free molecular an.pdf,5e78f4c7484af4af11ea332f974da7e5a064c1e13ec9877aaede2653f817fc23,2815061,,,
135,,Stable room temperature ferroelectricity in hydrogen-bonded supramolecular assemblies of ambipolar π-systems,10.1039/d1sc04617a,2022,Chemical Science,True,https://pubs.rsc.org/en/content/articlepdf/2022/sc/d1sc04617a,DOWNLOAD_FAILED,,,0,HTTPError: 403 Client Error: Forbidden for url: https://pubs.rsc.org/en/content/articlepdf/2022/sc/d1sc04617a,NO_WORKING_PDF,HTTPError: 403 Client Error: Forbidden for url: https://pubs.rsc.org/en/content/articlepdf/2022/sc/d1sc04617a
136,,0D Bismuth(III)-Based Hybrid Ferroelectric: Tris(acetamidinium) Hexabromobismuthate(III),10.1021/acs.chemmater.1c01266,2021,Chemistry of Materials,False,,NO_OA_PDF,,,0,,NO_WORKING_PDF,HTTPError: 403 Client Error: Forbidden for url: https://pubs.acs.org/doi/pdf/10.1021/acs.chemmater.1c01266
137,,A Highly Strained Phase in PbZr0.2Ti0.8O3 Films with Enhanced Ferroelectric Properties,10.1002/advs.202003582,2021,Advanced Science,True,https://onlinelibrary.wiley.com/doi/pdfdirect/10.1002/advs.202003582,DOWNLOAD_FAILED,,,0,HTTPError: 403 Client Error: Forbidden for url: https://onlinelibrary.wiley.com/doi/pdfdirect/10.1002/advs.202003582,NO_WORKING_PDF,HTTPError: 403 Client Error: Forbidden for url: https://onlinelibrary.wiley.com/doi/pdfdirect/10.1002/advs.202003582
138,,Advances and property investigations of an organic-inorganic ferroelectric: (diisopropylammonium)2[CdBr4],10.1021/acs.inorgchem.0c00830,2020,Inorganic Chemistry,True,https://pubs.acs.org/doi/pdf/10.1021/acs.inorgchem.0c00830,DOWNLOAD_FAILED,,,0,HTTPError: 403 Client Error: Forbidden for url: https://pubs.acs.org/doi/pdf/10.1021/acs.inorgchem.0c00830,NO_WORKING_PDF,HTTPError: 403 Client Error: Forbidden for url: https://pubs.acs.org/doi/pdf/10.1021/acs.inorgchem.0c00830
139,174,Enhanced piezoelectric performance and thermal stability in KNN-BNZ ceramics modified by CaHfO3,10.1007/s10854-026-16793-0,2026,Journal of Materials Science Materials in Electronics,True,https://link.springer.com/content/pdf/10.1007/s10854-026-16793-0.pdf,DOWNLOADED,174-Enhanced piezoelectric performance and thermal stability in KNN-BNZ ceramics modified by CaHfO3.pdf,d58e0071f2a4e7638ecd2e1d85a026696129dd853c2fe7c27253d6486c4faa42,5942952,,,
140,,High-Power Performance of Textured Piezoelectric Ceramics Through Synergistic A-Site Donor and B-Site Acceptor Doping,10.1002/smtd.202502326,2026,Small Methods,True,https://doi.org/10.1002/smtd.202502326,DOWNLOAD_FAILED,,,0,HTTPError: 403 Client Error: Forbidden for url: https://onlinelibrary.wiley.com/doi/10.1002/smtd.202502326,NO_WORKING_PDF,HTTPError: 403 Client Error: Forbidden for url: https://pmc.ncbi.nlm.nih.gov/articles/PMC13159426/pdf/SMTD-10-e02326.pdf
141,,"Synthesis, Stability, and Magnetic Properties of Antiperovskite Co3PdN",10.1021/acs.chemmater.4c03147,2025,Chemistry of Materials,True,https://doi.org/10.1021/acs.chemmater.4c03147,DOWNLOAD_FAILED,,,0,HTTPError: 403 Client Error: Forbidden for url: https://pubs.acs.org/doi/10.1021/acs.chemmater.4c03147,NO_WORKING_PDF,
142,,A Universal Strategy to Enhance Circularly Polarized Luminescence Brightness in Chiral Perovskites,10.1002/lpor.202400040,2024,Laser and Photonics Reviews,False,,NO_OA_PDF,,,0,,NO_WORKING_PDF,HTTPError: 403 Client Error: Forbidden for url: https://onlinelibrary.wiley.com/doi/pdfdirect/10.1002/lpor.202400040
143,,"Relating microstructure to magnetocaloric properties in RE36Tb20Co20Al24 (RE = Gd, Dy or Ho) high-entropy metallic-glass microwires designed by binary eutectic clusters method",10.1016/j.jmst.2022.12.008,2023,Journal of Materials Science and Technology,True,https://doi.org/10.1016/j.jmst.2022.12.008,DOWNLOAD_FAILED,,,0,ValueError: response is not a PDF,NO_WORKING_PDF,
144,,Modification of BCZT piezoelectric ceramics by modulating oxygen vacancies in different sintering atmospheres,10.1063/5.0155475,2023,Aip Advances,True,https://pubs.aip.org/aip/adv/article-pdf/doi/10.1063/5.0155475/17989867/065217_1_5.0155475.pdf,DOWNLOAD_FAILED,,,0,HTTPError: 403 Client Error: Forbidden for url: https://pubs.aip.org/aip/adv/article-pdf/doi/10.1063/5.0155475/17989867/065217_1_5.0155475.pdf,NO_WORKING_PDF,HTTPError: 403 Client Error: Forbidden for url: https://pubs.aip.org/aip/adv/article-pdf/doi/10.1063/5.0155475/17989867/065217_1_5.0155475.pdf
145,,Excellent piezoelectric constant and thermal stability in BiScO3–PbTiO3 piezoelectric ceramics via domain engineering,10.1016/j.jmat.2021.09.004,2022,Journal of Materiomics,True,https://www.sciencedirect.com/science/article/pii/S2352847821001386/pdf,DOWNLOAD_FAILED,,,0,HTTPError: 403 Client Error: Forbidden for url: https://www.sciencedirect.com/science/article/pii/S2352847821001386/pdf,NO_WORKING_PDF,HTTPError: 403 Client Error: Forbidden for url: https://www.sciencedirect.com/science/article/pii/S2352847821001386/pdf
146,,"An investigation of half-metallic variant perovskites A2NbCl6 (A= K, Rb) for spintronic based applications",10.1016/j.jssc.2020.121823,2021,Journal of Solid State Chemistry,False,,NO_OA_PDF,,,0,,NO_WORKING_PDF,
147,,Observation of A -site antiferromagnetic and B -site ferrimagnetic orderings in the quadruple perovskite oxide CaCu3Co2Re2 O12,10.1103/physrevb.103.014414,2021,Physical Review B,True,http://link.aps.org/pdf/10.1103/PhysRevB.103.014414,DOWNLOAD_FAILED,,,0,HTTPError: 403 Client Error: Forbidden for url: https://link.aps.org/pdf/10.1103/PhysRevB.103.014414,NO_WORKING_PDF,HTTPError: 403 Client Error: Forbidden for url: https://link.aps.org/pdf/10.1103/PhysRevB.103.014414
148,199,Tunable spin textures in polar antiferromagnetic hybrid organic–inorganic perovskites by electric and magnetic fields,10.1038/s41524-020-00374-8,2020,Npj Computational Materials,True,https://www.nature.com/articles/s41524-020-00374-8.pdf,DOWNLOADED,199-Tunable spin textures in polar antiferromagnetic hybrid organic–inorganic perovskites by electric and mag.pdf,15b3fb0a59f3854ddcb3afa578ff0f80d35ca530724ff90cb395e430142daaa0,2076738,,,
149,,Extraordinary magnetic properties of double perovskite Eu2CoMnO6wide band gap semiconductor,10.1088/1361-648x/ab8ecc,2020,Journal of Physics Condensed Matter,True,https://iopscience.iop.org/article/10.1088/1361-648X/ab8ecc/pdf,DOWNLOAD_FAILED,,,0,ValueError: response is not a PDF,,
150,,Atomic-Scale Control of Electronic Structure and Ferromagnetic Insulating State in Perovskite Oxide Superlattices by Long-Range Tuning of BO6 Octahedra,10.1002/adfm.202001984,2020,Advanced Functional Materials,True,https://onlinelibrary.wiley.com/doi/pdfdirect/10.1002/adfm.202001984,DOWNLOAD_FAILED,,,0,HTTPError: 403 Client Error: Forbidden for url: https://onlinelibrary.wiley.com/doi/pdfdirect/10.1002/adfm.202001984,,
151,,Enhanced magnetocaloric application potential of Co-substituted rare-earth Laves-phase TbMn2 compounds,10.1016/j.jmrt.2025.12.325,2026,Journal of Materials Research and Technology,True,https://doi.org/10.1016/j.jmrt.2025.12.325,DOWNLOAD_FAILED,,,0,ValueError: response is not a PDF,,
152,,Burn-Safe Biodegradable Magnetocaloric Composites for Temperature-Controlled Biomedical Applications,10.1002/advs.202509914,2026,Advanced Science,True,https://onlinelibrary.wiley.com/doi/pdfdirect/10.1002/advs.202509914,DOWNLOAD_FAILED,,,0,HTTPError: 403 Client Error: Forbidden for url: https://onlinelibrary.wiley.com/doi/pdfdirect/10.1002/advs.202509914,,
153,,Contrasting Effects of Bi and Si Substitution at the Ni Site on Magnetostructural Transitions and Magnetocaloric Properties in Ni–Mn–In Heusler Alloys,10.3390/magnetism6020020,2026,Magnetism,True,https://doi.org/10.3390/magnetism6020020,DOWNLOAD_FAILED,,,0,HTTPError: 403 Client Error: Forbidden for url: https://www.mdpi.com/2673-8724/6/2/20,,
154,,"Formability, magnetic and magnetocaloric properties of the Ce-substituted Fe87Pr10B3 metallic glass ribbons",10.1063/5.0296648,2026,Journal of Applied Physics,True,https://doi.org/10.1063/5.0296648,DOWNLOAD_FAILED,,,0,HTTPError: 403 Client Error: Forbidden for url: https://pubs.aip.org/jap/article/139/1/015108/3376280/Formability-magnetic-and-magnetocaloric-properties,,
155,,Cation-engineered Zn-Ti co-substituted BaM Hexaferrites with enhanced magnetic and Magnetocaloric performance,10.1016/j.mseb.2026.119227,2026,Materials Science and Engineering B,True,https://doi.org/10.1016/j.mseb.2026.119227,DOWNLOAD_FAILED,,,0,ValueError: response is not a PDF,,
156,,Chemical ordering and non-linear magnetic behavior: enhancing magnetocaloric effect in FeMnNiGeSi high-entropy materials,10.1016/j.mtphys.2026.102128,2026,Materials Today Physics,True,https://doi.org/10.1016/j.mtphys.2026.102128,DOWNLOAD_FAILED,,,0,ValueError: response is not a PDF,,
157,,Enhanced magnetocaloric performance over a wide temperature range in Gd-Mn-Ni-Al amorphous/crystalline dual-phase composites,10.1016/j.mtcomm.2026.115060,2026,Materials Today Communications,True,https://doi.org/10.1016/j.mtcomm.2026.115060,DOWNLOAD_FAILED,,,0,ValueError: response is not a PDF,,
158,,Mixed-valence induced Griffiths phase and large magnetocaloric effect in Eu2B2O5 + δ system,10.1016/j.matdes.2025.115337,2026,Materials and Design,True,https://doi.org/10.1016/j.matdes.2025.115337,DOWNLOAD_FAILED,,,0,ValueError: response is not a PDF,,
159,,Excellent comprehensive piezoelectric performances of SiC-doped BCTZ-based lead-free piezoelectric ceramics,10.26599/jac.2025.9221054,2025,Journal of Advanced Ceramics,True,https://doi.org/10.26599/jac.2025.9221054,DOWNLOAD_FAILED,,,0,ValueError: response is not a PDF,,
160,,Effect of Oxygen Vacancy Concentration on the Electrical Properties and Microstructure of Bi4Ti3O12 Ceramics: Experimental and First-Principles Investigation,10.3390/ma18112666,2025,Materials,False,,NO_OA_PDF,,,0,,,
161,,Achieving outstanding comprehensive performance with high piezoelectricity in CaBi2Nb2O9-based high-temperature piezoelectric ceramics via multi-field coupling strategy,10.1016/j.jmat.2024.100990,2025,Journal of Materiomics,True,https://doi.org/10.1016/j.jmat.2024.100990,DOWNLOAD_FAILED,,,0,ValueError: response is not a PDF,,
162,200,Tailoring the functional properties of BaNi₂₋ₓZnₓFe₁₆O₂₇ ferrites via ceramic route for advanced electronic and energy applications,10.1007/s43939-025-00374-9,2025,Discover Materials,True,https://link.springer.com/content/pdf/10.1007/s43939-025-00374-9.pdf,DOWNLOADED,200-Tailoring the functional properties of BaNi₂₋ₓZnₓFe₁₆O₂₇ ferrites via ceramic route for advanced electron.pdf,1a273c997b434252b2c08449f55b254e8a8b61923e58e02325c935da7e87944a,5883936,,,
163,,K0.5Na0.5NbO3-based multifunctional transparent ceramics for ultrahigh sensitive optical thermometry,10.26599/jac.2025.9221045,2025,Journal of Advanced Ceramics,True,https://doi.org/10.26599/jac.2025.9221045,DOWNLOAD_FAILED,,,0,ValueError: response is not a PDF,,
164,,High piezoelectric properties and excellent thermal stability in PNN-modified lead zirconate titanate piezoceramics,10.1111/jace.20643,2025,Journal of the American Ceramic Society,False,,NO_OA_PDF,,,0,,,
165,,Dual-phase nano-glass-hydrides overcome the strength-ductility trade-off and magnetocaloric bottlenecks of rare earth based amorphous alloys,10.1038/s41467-024-48531-7,2024,Nature Communications,True,https://doi.org/10.1038/s41467-024-48531-7,DOWNLOAD_FAILED,,,0,ValueError: response is not a PDF,,
166,,Electrocaloric characterization of samarium doped barium titanate ceramics synthesized by sol-gel process,10.1016/j.ceramint.2024.01.294,2024,Ceramics International,True,https://doi.org/10.1016/j.ceramint.2024.01.294,DOWNLOAD_FAILED,,,0,ValueError: response is not a PDF,,
167,,"The effects of Sr-substitution in Ba2SmTi2Nb3O15 ceramics: structural study, optical properties, and complex impedance spectroscopy",10.1039/d4ra00068d,2024,Rsc Advances,True,https://pubs.rsc.org/en/content/articlepdf/2024/ra/d4ra00068d,DOWNLOAD_FAILED,,,0,HTTPError: 403 Client Error: Forbidden for url: https://pubs.rsc.org/en/content/articlepdf/2024/ra/d4ra00068d,,
168,,Investigation of the triple peak magnetocaloric effects of Ni45Mn44Sn11 ribbons,10.1016/j.jmrt.2023.09.226,2023,Journal of Materials Research and Technology,True,https://doi.org/10.1016/j.jmrt.2023.09.226,DOWNLOAD_FAILED,,,0,ValueError: response is not a PDF,,
169,,"Room-temperature structure, magnetic, and magnetocaloric properties of (La0.8-xNdx)Sr0.2MnO3(0 ≤ x ≤ 0.2)",10.1016/j.jmrt.2022.10.074,2022,Journal of Materials Research and Technology,True,https://www.sciencedirect.com/science/article/pii/S2238785422016131/pdf,DOWNLOAD_FAILED,,,0,HTTPError: 403 Client Error: Forbidden for url: https://www.sciencedirect.com/science/article/pii/S2238785422016131/pdf,,
170,201,Magnetocaloric effect of LaFe11.35Co0.6Si1.05 alloy,10.1007/s12598-017-0917-6,2022,Rare Metals,True,https://link.springer.com/content/pdf/10.1007%2Fs12598-017-0917-6.pdf,DOWNLOADED,201-Magnetocaloric effect of LaFe11.35Co0.6Si1.05 alloy.pdf,363025c4000bec4621aed53437856a8afa9b5662711c54c1a3e9b2569c99d696,1430902,,,
171,202,Enhancing the magnetocaloric response of high-entropy metallic-glass by microstructural control,10.1007/s40843-021-1825-1,2022,Science China Materials,True,https://link.springer.com/content/pdf/10.1007/s40843-021-1825-1.pdf,DOWNLOADED,202-Enhancing the magnetocaloric response of high-entropy metallic-glass by microstructural control.pdf,9548b17b1b37b1159d3b1444b84c9f73ed830b48b9bfbb985e1b9d58586dc403,2021341,,,
172,,"Piezoelectricity, thermal stability, and fatigue resistance in Nb and Ta-doped Bi4Ti3O12 high-temperature piezoceramics",10.1016/j.ceramint.2022.01.146,2022,Ceramics International,True,https://www.sciencedirect.com/science/article/pii/S0272884222001626/pdf,DOWNLOAD_FAILED,,,0,HTTPError: 403 Client Error: Forbidden for url: https://www.sciencedirect.com/science/article/pii/S0272884222001626/pdf,,
173,,Reduction of hysteresis in (La1-xCex) y(MnzFe11.4-z)Si1.6 magnetocaloric compounds for cryogenic magnetic refrigeration,10.1016/j.actamat.2021.117286,2021,Acta Materialia,True,https://www.sciencedirect.com/science/article/am/pii/S1359645421006662?via%3Dihub,DOWNLOAD_FAILED,,,0,HTTPError: 403 Client Error: Forbidden for url: https://www.sciencedirect.com/science/article/am/pii/S1359645421006662?via%3Dihub,,
174,,Critical behavior and magnetocaloric effect in VI3,10.1103/physrevresearch.2.013013,2020,Physical Review Research,True,http://link.aps.org/pdf/10.1103/PhysRevResearch.2.013013,DOWNLOAD_FAILED,,,0,HTTPError: 403 Client Error: Forbidden for url: https://link.aps.org/pdf/10.1103/PhysRevResearch.2.013013,,
175,203,Effect of Mn doping on the microstructure and magnetic properties of CuFeO2 ceramics,10.1007/s40145-020-0387-4,2020,Journal of Advanced Ceramics,True,https://link.springer.com/content/pdf/10.1007/s40145-020-0387-4.pdf,DOWNLOADED,203-Effect of Mn doping on the microstructure and magnetic properties of CuFeO2 ceramics.pdf,771edd65df0bffc62a99e52af6ac5cac984f509e4cc37dc2a62daa7178ac2db5,3874149,,,
