title,doi,eid,scopus_id,year,cover_date,journal,issn,publisher,document_type,authors,affiliations,cited_by_count,open_access,scopus_url,discovery_source,review_status,download_status,oa_pdf_url,priority_score,candidate_rank
Achieving prominent piezoelectric response and high Curie temperature in BiFeO3-BaTiO3-based ceramics through multi-component cooperative regulation and quenching treatment,10.1016/j.mssp.2026.110559,2-s2.0-105031593649,105031593649,2026,2026-06-15,Materials Science in Semiconductor Processing,13698001,,Article,,Guilin University of Electronic Technology,0,False,https://api.elsevier.com/content/abstract/scopus_id/105031593649,scopus,PENDING,NOT_STARTED,,32,1
High piezoresponse and Curie temperature of 0.7BiFeO3-0.3BaTiO3 ceramics modified by ultralow amount of GeO2,10.1016/j.ceramint.2026.05.270,2-s2.0-105039702543,105039702543,2026,2026-07-01,Ceramics International,02728842,,Article,,Inner Mongolia University of Technology,0,False,https://api.elsevier.com/content/abstract/scopus_id/105039702543,scopus,PENDING,NOT_STARTED,,32,2
Influence of annealing temperature on ferroelectric hardening in Ti-doped BiFeO3-BaTiO3 ceramics,10.1016/j.jeurceramsoc.2026.118267,2-s2.0-105032175894,105032175894,2026,2026-08-01,Journal of the European Ceramic Society,09552219,,Article,,The University of Manchester,0,True,https://api.elsevier.com/content/abstract/scopus_id/105032175894,scopus,PENDING,NOT_STARTED,,29,3
Theory of central peak and acoustic anomaly in cubic BaTiO3 close to ferroelectric transition,10.1088/1361-648x/ae722e,2-s2.0-105042040732,105042040732,2026,2026-06-19,Journal of Physics Condensed Matter,09538984,,Article,,Kyoto University,0,True,https://api.elsevier.com/content/abstract/scopus_id/105042040732,scopus,PENDING,NOT_STARTED,,28,4
Ferroelectrically Modulated Photoresponse in a Zero-Dimensional Hybrid Perovskite [C4N2H14][BiBr5] with a High Ferroelectric Curie Temperature,10.1021/acs.inorgchem.6c01941,2-s2.0-105043385834,105043385834,2026,2026-06-29,Inorganic Chemistry,00201669,,Article,,Shanghai Institute of Technology,0,False,https://api.elsevier.com/content/abstract/scopus_id/105043385834,scopus,PENDING,NOT_STARTED,,27,5
Curie temperature difference in (Bi0.5Na0.5)TiO3–BaTiO3 ceramics between bulk and powder states,10.1016/j.ceramint.2026.04.152,2-s2.0-105037082589,105037082589,2026,2026-06-01,Ceramics International,02728842,,Article,,University of Yamanashi,1,False,https://api.elsevier.com/content/abstract/scopus_id/105037082589,scopus,PENDING,NOT_STARTED,,26,6
Enhanced Curie temperature of BaTiO3-based lead-free piezoceramics via localized compressive stress engineering,10.1016/j.jmst.2026.03.056,2-s2.0-105036286413,105036286413,2026,2026-12-20,Journal of Materials Science and Technology,10050302,,Article,,Guizhou University,0,False,https://api.elsevier.com/content/abstract/scopus_id/105036286413,scopus,PENDING,NOT_STARTED,,26,7
Multiscale regulation of BiFeO3-BaTiO3 lead-free ferroelectric ceramics for ultrahigh piezoelectric performance and temperature stability,10.1016/j.ceramint.2026.05.121,2-s2.0-105039012291,105039012291,2026,2026-07-01,Ceramics International,02728842,,Article,,Guilin University of Technology,0,False,https://api.elsevier.com/content/abstract/scopus_id/105039012291,scopus,PENDING,NOT_STARTED,,26,8
High-entropy designed filled tungsten bronze structure ferroelectrics with high Curie temperature and enhanced piezoelectricity,10.1016/j.jmat.2026.101276,2-s2.0-105044388499,105044388499,2026,2026-09-01,Journal of Materiomics,23528478,,Article,,Queen Mary University of London; East China Normal University,0,True,https://api.elsevier.com/content/abstract/scopus_id/105044388499,scopus,PENDING,NOT_STARTED,,25,9
An interpretable machine learning framework for predicting Curie temperature of lead-based piezoelectric ceramics,10.1016/j.jmat.2026.101247,2-s2.0-105040682155,105040682155,2026,2026-07-01,Journal of Materiomics,23528478,,Article,,Xi'an Jiaotong University,1,True,https://api.elsevier.com/content/abstract/scopus_id/105040682155,scopus,PENDING,NOT_STARTED,,23,10
Optimized comprehensive piezoelectric performances in lead-free BiFeO3-BaTiO3 ceramics via site-selective Sm3+ substitution,10.1016/j.jsamd.2026.101207,2-s2.0-105041096280,105041096280,2026,2026-09-01,Journal of Science Advanced Materials and Devices,24682284,,Article,,Chengdu University of Information Technology,0,True,https://api.elsevier.com/content/abstract/scopus_id/105041096280,scopus,PENDING,NOT_STARTED,,23,11
Ultra-high piezoelectric properties of BiFeO3–BaTiO3 lead-free piezoelectric ceramics enabled by a one-step sintering process,10.26599/jac.2026.9221302,2-s2.0-105044559978,105044559978,2026,2026-06-01,Journal of Advanced Ceramics,22264108,,Article,,University of Science and Technology Beijing,0,True,https://api.elsevier.com/content/abstract/scopus_id/105044559978,scopus,PENDING,NOT_STARTED,,23,12
"Polarity-Gated Anti-Thermal Luminescence in a Reentrant Luminescent Ferroelectric: (3,3-difluoropyrrolidinium)2SbCl5 with Dual Curie Points",10.1002/lpor.202502817,2-s2.0-105032265659,105032265659,2026,2026-07-22,Laser and Photonics Reviews,18638880,,Article,,Beijing University of Posts and Telecommunications,1,False,https://api.elsevier.com/content/abstract/scopus_id/105032265659,scopus,PENDING,NOT_STARTED,,22,13
Enhanced Reversibility of Antiferroelectric–Ferroelectric Transition in PbZr1−xTixO3 Through a Compatible Pathway,10.1115/1.4071731,2-s2.0-105040191884,105040191884,2026,2026-07-01,Journal of Applied Mechanics,00218936,,Article,,Hong Kong University of Science and Technology,0,True,https://api.elsevier.com/content/abstract/scopus_id/105040191884,scopus,PENDING,NOT_STARTED,,22,14
Strain-tuned ferroelectric transitions in HfO2: role of X2− mode in ferroelectric instabilities,10.1038/s41535-025-00841-9,2-s2.0-105035857209,105035857209,2026,2026-12-01,Npj Quantum Materials,,,Article,,Center for Theoretical Physics,0,True,https://api.elsevier.com/content/abstract/scopus_id/105035857209,scopus,PENDING,NOT_STARTED,,22,15
An abnormal decrease in Curie temperature in pseudohalide rare-earth double perovskite ferroelastics driven by lanthanide contraction,10.1039/d6qi00521g,2-s2.0-105038637019,105038637019,2026,2026-06-16,Inorganic Chemistry Frontiers,20521545,,Article,,Zhejiang Normal University,0,False,https://api.elsevier.com/content/abstract/scopus_id/105038637019,scopus,PENDING,NOT_STARTED,,21,16
Defect-mediated domain-wall pinning induced by trace LiF doping: Ultrahigh Curie temperature and outstanding thermal stability in Bi4Ti3O12-based piezoceramics,10.1016/j.jeurceramsoc.2026.118606,2-s2.0-105041676876,105041676876,2026,2026-12-01,Journal of the European Ceramic Society,09552219,,Article,,College of Materials Science and Engineering,0,False,https://api.elsevier.com/content/abstract/scopus_id/105041676876,scopus,PENDING,NOT_STARTED,,20,17
Enhanced Piezoelectric Response in CaBi2Nb2O9–Na0.5Bi2.5Nb2O9-Based Ceramics With High Curie Temperature,10.1111/jace.71017,2-s2.0-105045539103,105045539103,2026,2026-07-01,Journal of the American Ceramic Society,00027820,,Article,,Jingdezhen Ceramic University,0,False,https://api.elsevier.com/content/abstract/scopus_id/105045539103,scopus,PENDING,NOT_STARTED,,20,18
LeadFree Multilayer Piezoelectric Actuators Based on La-Modified BiFeO3–BaTiO3 Ceramics With Labyrinthine Nanodomains,10.1111/jace.71124,2-s2.0-105047277225,105047277225,2026,2026-08-01,Journal of the American Ceramic Society,00027820,,Article,,College of Materials Science and Engineering,0,False,https://api.elsevier.com/content/abstract/scopus_id/105047277225,scopus,PENDING,NOT_STARTED,,20,19
Microstructure and electrical properties of medium-entropy [CaxSr(1−x)/2Ba(1−x)/2]Bi4Ti4O15 piezoelectric ceramics with a high Curie temperature,10.1016/j.physb.2026.418684,2-s2.0-105036086285,105036086285,2026,2026-08-01,Physica B Condensed Matter,09214526,,Article,,Queen Mary University of London,0,False,https://api.elsevier.com/content/abstract/scopus_id/105036086285,scopus,PENDING,NOT_STARTED,,20,20
The effect of B-site Al doping on ferroelectric in BiFeO3–Ba(SnTi)O3-based lead-free ceramics,10.1007/s10854-026-18014-0,2-s2.0-105044902229,105044902229,2026,2026-07-01,Journal of Materials Science Materials in Electronics,09574522,,Article,,Guizhou University,0,False,https://api.elsevier.com/content/abstract/scopus_id/105044902229,scopus,PENDING,NOT_STARTED,,20,21
Zr doping in lead-free BiFeO3-BaTiO3 ceramics: phase structure and piezoelectric properties,10.1016/j.ceramint.2026.06.019,2-s2.0-105041100621,105041100621,2026,2026-08-01,Ceramics International,02728842,,Article,,Jingdezhen Ceramic University,0,False,https://api.elsevier.com/content/abstract/scopus_id/105041100621,scopus,PENDING,NOT_STARTED,,20,22
Discovery of a novel half metallic 2D Cr2Se3 monolayer with high Curie temperature from correlated antiferromagnetic 2D CrSe2,10.1038/s41524-026-02029-6,2-s2.0-105039305003,105039305003,2026,2026-12-01,Npj Computational Materials,,,Article,,Khalifa University,1,True,https://api.elsevier.com/content/abstract/scopus_id/105039305003,scopus,PENDING,NOT_STARTED,,19,23
A machine learning pipeline for predicting Curie temperature of magnetic topological materials,10.1016/j.nxmate.2026.102143,2-s2.0-105037856484,105037856484,2026,2026-07-01,Next Materials,,,Article,,University of Kashmir,0,True,https://api.elsevier.com/content/abstract/scopus_id/105037856484,scopus,PENDING,NOT_STARTED,,19,24
Analysis of Curie point depth characteristics based on the tectonic framework of continental China,10.1016/j.gsf.2026.102385,2-s2.0-105042559247,105042559247,2026,2026-11-01,Geoscience Frontiers,16749871,,Article,,University of Chinese Academy of Sciences,0,True,https://api.elsevier.com/content/abstract/scopus_id/105042559247,scopus,PENDING,NOT_STARTED,,19,25
Curie point depth and geothermal heat flow analysis of the northwest Ethiopian plateau,10.1186/s40517-026-00376-7,2-s2.0-105031510000,105031510000,2026,2026-12-01,Geothermal Energy,,,Article,,Debre Tabor University,0,True,https://api.elsevier.com/content/abstract/scopus_id/105031510000,scopus,PENDING,NOT_STARTED,,19,26
Ferromagnetism with Curie temperature of 500 K in laser-ablated Ga2O3 thin films,10.1016/j.matchemphys.2026.132822,2-s2.0-105042436856,105042436856,2026,2026-09-01,Materials Chemistry and Physics,02540584,,Article,,Masaryk University,0,True,https://api.elsevier.com/content/abstract/scopus_id/105042436856,scopus,PENDING,NOT_STARTED,,19,27
Free-energy model of ferroelectric transition in P(VDF-TrFE) copolymer,10.1103/lctt-68k5,2-s2.0-105042103286,105042103286,2026,2026-06-01,Physical Review E,24700045,,Article,,"Emanuel Institute of Biochemical Physics, Russian Academy of Sciences",0,False,https://api.elsevier.com/content/abstract/scopus_id/105042103286,scopus,PENDING,NOT_STARTED,,19,28
Morphotropic Phase Boundary in Graft Poly(Vinylidene Fluoride-co-Tetrafluoroethylene) With High Curie Temperature,10.1002/advs.74900,2-s2.0-105033243012,105033243012,2026,2026-06-04,Advanced Science,,,Article,,Huazhong University of Science and Technology; Guangdong HUST Industrial Technology Research Institute,0,True,https://api.elsevier.com/content/abstract/scopus_id/105033243012,scopus,PENDING,NOT_STARTED,,19,29
Programmable 2D Magnetic Clusterphenes With High Curie Temperature and Strong Magnetic Anisotropy via Cluster Assembly and Ligand Synergy,10.1002/adfm.77091,2-s2.0-105045392587,105045392587,2026,2026-08-17,Advanced Functional Materials,1616301X,,Article,,Hefei University of Technology,0,True,https://api.elsevier.com/content/abstract/scopus_id/105045392587,scopus,PENDING,NOT_STARTED,,19,30
Role of Electronic Correlations on Exchange Interactions and Curie Temperature in Monolayer CrI3,10.1021/acsomega.6c02634,2-s2.0-105041265108,105041265108,2026,2026-06-09,ACS Omega,,,Article,,Universidade Federal de Pelotas,0,True,https://api.elsevier.com/content/abstract/scopus_id/105041265108,scopus,PENDING,NOT_STARTED,,19,31
"Effect of Cu2+ doping on structural, dielectric, and multiferroic properties of Bi3+-doped BCZT lead-free ceramics",10.1016/j.jallcom.2026.190194,2-s2.0-105046424965,105046424965,2026,2026-08-15,Journal of Alloys and Compounds,09258388,,Article,,Kurukshetra University,0,False,https://api.elsevier.com/content/abstract/scopus_id/105046424965,scopus,PENDING,NOT_STARTED,,18,32
"Study on the structural, ferroelectric, and optical properties of KNN ferroelectric ceramics doped with Cu",10.1007/s10832-025-00399-9,2-s2.0-105025653064,105025653064,2026,2026-06-01,Journal of Electroceramics,13853449,,Article,,Centro de Investigacion y de Estudios Avanzados del Instituto Politécnico Nacional,1,True,https://api.elsevier.com/content/abstract/scopus_id/105025653064,scopus,PENDING,NOT_STARTED,,17,33
Comparative Analysis of Tolerance Factors for Sr2+ Modified BiFeO3–PbTiO3 Ceramics,10.1134/s1063783426600779,2-s2.0-105046341114,105046341114,2026,2026-08-01,Physics of the Solid State,10637834,,Article,,Chandigarh University,0,True,https://api.elsevier.com/content/abstract/scopus_id/105046341114,scopus,PENDING,NOT_STARTED,,17,34
Comprehensive study of Al-doped BaTiO3 ceramics: From doping optimization to electromechanical enhancement for piezoelectric applications,10.1016/j.jeurceramsoc.2026.118330,2-s2.0-105033574623,105033574623,2026,2026-09-01,Journal of the European Ceramic Society,09552219,,Article,,CERAMATHS,0,True,https://api.elsevier.com/content/abstract/scopus_id/105033574623,scopus,PENDING,NOT_STARTED,,17,35
First-Principles and Deep Potential Study of Dielectric Properties and Doping Mechanisms in BaTiO3-Based Perovskites,10.1111/jace.71086,2-s2.0-105047543192,105047543192,2026,2026-08-01,Journal of the American Ceramic Society,00027820,,Article,,Tsinghua University,0,False,https://api.elsevier.com/content/abstract/scopus_id/105047543192,scopus,PENDING,NOT_STARTED,,17,36
Landau–Lifshitz–Bloch simulations of the magnetocaloric effect in continuous ferromagnetic–paramagnetic transitions,10.1016/j.scriptamat.2026.117284,2-s2.0-105033221877,105033221877,2026,2026-06-01,Scripta Materialia,13596462,,Article,,Universidad de Valladolid,0,True,https://api.elsevier.com/content/abstract/scopus_id/105033221877,scopus,PENDING,NOT_STARTED,,17,37
Optimizing Piezoelectric and Ferroelectric Properties in BCZT Ceramics via Nd/Mn Co-Doping and Sintering Engineering,10.3390/ceramics9060062,2-s2.0-105042720240,105042720240,2026,2026-06-01,Ceramics,,,Article,,Changzhou University,0,True,https://api.elsevier.com/content/abstract/scopus_id/105042720240,scopus,PENDING,NOT_STARTED,,17,38
Realization of High-Temperature Multiferroicity in K–Bi-Based Hybrid Double Perovskites via Interaction Engineering,10.1021/acs.inorgchem.6c01860,2-s2.0-105043330652,105043330652,2026,2026-06-29,Inorganic Chemistry,00201669,,Article,,Jiangxi University of Science and Technology,0,False,https://api.elsevier.com/content/abstract/scopus_id/105043330652,scopus,PENDING,NOT_STARTED,,17,39
"Dielectric, ferroelectric and piezoelectric properties of Ho3+substituted (K0.5Na0.5) NbO3 ceramics for piezoelectric energy harvesters",10.1016/j.ceramint.2026.05.088,2-s2.0-105038741481,105038741481,2026,2026-07-01,Ceramics International,02728842,,Article,,Delhi Technological University; Netaji Subhas University of Technology,3,False,https://api.elsevier.com/content/abstract/scopus_id/105038741481,scopus,PENDING,NOT_STARTED,,16,40
"Exceptional enhancement of Curie temperature and half-metallic ferromagnetism induced by Fe doping in XHfSb (X = Rh, Ir) half-Heusler compounds",10.1016/j.cocom.2026.e01269,2-s2.0-105033060099,105033060099,2026,2026-07-01,Computational Condensed Matter,,,Article,,Université Sultan Moulay Slimane,1,False,https://api.elsevier.com/content/abstract/scopus_id/105033060099,scopus,PENDING,NOT_STARTED,,16,41
"Influence of transition-metal doping and co-doping on the electronic properties, magnetic ordering, and Curie temperature in FeVSb half-Heusler alloys",10.1016/j.micrna.2026.208716,2-s2.0-105039214493,105039214493,2026,2026-08-01,Micro and Nanostructures,27730131,,Article,,Université Sultan Moulay Slimane,1,False,https://api.elsevier.com/content/abstract/scopus_id/105039214493,scopus,PENDING,NOT_STARTED,,16,42
Curie Point Depth Distribution in the Tibetan Plateau Based on Wavelet Analysis and Bayesian Inversion of Newly Compiled Aeromagnetic Anomaly Data,10.1029/2025jb033612,2-s2.0-105047195437,105047195437,2026,2026-08-01,Journal of Geophysical Research Solid Earth,21699313,,Article,,China University of Geosciences,0,False,https://api.elsevier.com/content/abstract/scopus_id/105047195437,scopus,PENDING,NOT_STARTED,,16,43
Graphene substrate induced enhancement of magnetic anisotropy and Curie temperature in bilayer CrTe,10.1016/j.jmmm.2026.174384,2-s2.0-105043456398,105043456398,2026,2026-10-01,Journal of Magnetism and Magnetic Materials,03048853,,Article,,Bohai University,0,False,https://api.elsevier.com/content/abstract/scopus_id/105043456398,scopus,PENDING,NOT_STARTED,,16,44
High Curie temperature and piezoelectric response in 2D ferromagnetic semiconductors Fe2B2H6,10.1088/1361-6463/ae71df,2-s2.0-105041793874,105041793874,2026,2026-06-19,Journal of Physics D Applied Physics,00223727,,Article,,Yanshan University,0,False,https://api.elsevier.com/content/abstract/scopus_id/105041793874,scopus,PENDING,NOT_STARTED,,16,45
"High performance lead-free Na0.5Bi0.5Ti0.4Mn0.1O3-BaTi0.4Sn0.1O3 ceramics: Enhanced ferroelectric, dielectric, and pyroelectric properties via NaNbO3 incorporation",10.1016/j.ssc.2026.116463,2-s2.0-105039070615,105039070615,2026,2026-08-01,Solid State Communications,00381098,,Article,,Lakireddy Bali Reddy College of Engineering,0,False,https://api.elsevier.com/content/abstract/scopus_id/105039070615,scopus,PENDING,NOT_STARTED,,16,46
High-throughput screening of two-dimensional ferromagnetic materials with high Curie temperatures,10.1039/d6nr01616b,2-s2.0-105038669714,105038669714,2026,2026-06-11,Nanoscale,20403364,,Article,,University of Science and Technology of China,0,False,https://api.elsevier.com/content/abstract/scopus_id/105038669714,scopus,PENDING,NOT_STARTED,,16,47
NiVCl2 Monolayer: A Robust Topological Nodal Loop Semimetal with a High Curie Temperature,10.1021/acs.jpcc.6c01726,2-s2.0-105040992670,105040992670,2026,2026-06-04,Journal of Physical Chemistry C,19327447,,Article,,Yangzhou University,0,False,https://api.elsevier.com/content/abstract/scopus_id/105040992670,scopus,PENDING,NOT_STARTED,,16,48
Significantly improved Curie temperature in van der Waals Fe3GaTe2 by Li-ion intercalation,10.1063/5.0329939,2-s2.0-105044308817,105044308817,2026,2026-07-07,Journal of Applied Physics,00218979,,Article,,Jingdezhen Ceramic University,0,False,https://api.elsevier.com/content/abstract/scopus_id/105044308817,scopus,PENDING,NOT_STARTED,,16,49
Strain-induced high Curie temperature and perpendicular magnetic anisotropy in a 2D ferromagnetic FePd2Te2 monolayer,10.1039/d6cp02009g,2-s2.0-105044556718,105044556718,2026,2026-07-29,Physical Chemistry Chemical Physics,14639076,,Article,,Shandong University,0,False,https://api.elsevier.com/content/abstract/scopus_id/105044556718,scopus,PENDING,NOT_STARTED,,16,50
Structural asymmetry induced high Curie temperature and large out-of-plane piezoelectricity in Gd2COF MXenes and Gd2COF/MoS2 heterostructure,10.1088/1674-1056/ae815f,2-s2.0-105045699189,105045699189,2026,2026-07-01,Chinese Physics B,16741056,,Article,,Huzhou College,0,False,https://api.elsevier.com/content/abstract/scopus_id/105045699189,scopus,PENDING,NOT_STARTED,,16,51
Theoretical insight into the unique dual roles of Li doping in switching magnetic anisotropy and enhancing Curie temperature in CoCl3 monolayers,10.1039/d5cp03660g,2-s2.0-105041988586,105041988586,2026,2026-07-08,Physical Chemistry Chemical Physics,14639076,,Article,,University of Jinan,0,False,https://api.elsevier.com/content/abstract/scopus_id/105041988586,scopus,PENDING,NOT_STARTED,,16,52
Thermal Structure of the Icelandic Crust From Curie Point Depth,10.1029/2024jb030552,2-s2.0-105045934669,105045934669,2026,2026-07-01,Journal of Geophysical Research Solid Earth,21699313,,Article,,China University of Geosciences,0,False,https://api.elsevier.com/content/abstract/scopus_id/105045934669,scopus,PENDING,NOT_STARTED,,16,53
Two-dimensional pentagonal CrSSe monolayer: A fully spin-polarized semiconductor with electrically tunable Curie temperature,10.1016/j.ssc.2026.116460,2-s2.0-105038952641,105038952641,2026,2026-07-01,Solid State Communications,00381098,,Article,,Hebei Normal University,0,False,https://api.elsevier.com/content/abstract/scopus_id/105038952641,scopus,PENDING,NOT_STARTED,,16,54
Unearthing VSi2N4 in the MA2Z4 Family: A Material with High Curie Temperature and Superior Thermal Transport,10.1021/acs.jpcc.6c02642,2-s2.0-105040913201,105040913201,2026,2026-06-04,Journal of Physical Chemistry C,19327447,,Article,,Xiangtan University,0,False,https://api.elsevier.com/content/abstract/scopus_id/105040913201,scopus,PENDING,NOT_STARTED,,16,55
Chiral Dion-Jacobson Silver/Antimony-Based Double Perovskite Ferroelectrics Enable Ultralow Dose n-Type X-Ray Detection,10.1002/adfm.76174,2-s2.0-105040113925,105040113925,2026,2026-06-25,Advanced Functional Materials,1616301X,,Article,,Jiangxi University of Science and Technology; Jinling Institute of Technology,2,False,https://api.elsevier.com/content/abstract/scopus_id/105040113925,scopus,PENDING,NOT_STARTED,,15,56
Hybrid magnetic skyrmions with near-zero Hall angle and electrical switchability in a 2D multiferroic,10.1038/s41524-026-02030-z,2-s2.0-105035865349,105035865349,2026,2026-12-01,Npj Computational Materials,,,Article,,State Key Laboratory of Solidification Processing,0,True,https://api.elsevier.com/content/abstract/scopus_id/105035865349,scopus,PENDING,NOT_STARTED,,15,57
"Structural evolution, broadband dielectric relaxation, and microwave properties of (1−x)La(Mg1/2Ti1/2)O3-xBa(Ga1/2Nb1/2)O3 Complex perovskite ceramics: A preliminary composition study( x=0.2 and x=0.4)",10.1016/j.physb.2026.419075,2-s2.0-105045218955,105045218955,2026,2026-10-15,Physica B Condensed Matter,09214526,,Article,,Bose Institute,0,False,https://api.elsevier.com/content/abstract/scopus_id/105045218955,scopus,PENDING,NOT_STARTED,,15,58
Unveiling the dual bandgap structure and multiferroic coupling in KBiFe2O5: a combined experimental and first-principles investigation,10.1038/s41427-026-00655-6,2-s2.0-105043763628,105043763628,2026,2026-12-01,Npg Asia Materials,18844049,,Article,,Fujian Normal University; Fujian Provincial Engineering Technology Research Center of Solar Energy Conversion and Energy Storage,0,True,https://api.elsevier.com/content/abstract/scopus_id/105043763628,scopus,PENDING,NOT_STARTED,,15,59
Magnetic transition and magnetocaloric properties in Tm2FeAl3 compound,10.1016/j.jmmm.2026.174110,2-s2.0-105035258203,105035258203,2026,2026-06-15,Journal of Magnetism and Magnetic Materials,03048853,,Article,,Hangzhou Dianzi University,19,False,https://api.elsevier.com/content/abstract/scopus_id/105035258203,scopus,PENDING,NOT_STARTED,,14,60
Adding 161Dy-Mössbauer spectroscopy to a multitechnique investigation of magnetic transitions in a {CoIII3DyIII3} Single-Molecule Toroic,10.1038/s41467-026-71058-y,2-s2.0-105037425850,105037425850,2026,2026-12-01,Nature Communications,,,Article,,Karlsruher Institut für Technologie; Jiangxi University of Science and Technology,1,True,https://api.elsevier.com/content/abstract/scopus_id/105037425850,scopus,PENDING,NOT_STARTED,,14,61
Dielectric relaxation mechanisms and conductivity behavior around the magnetic phase transition region in the Bi4.2La0.8Fe0.5Co0.5Ti3O15 multiferroic system,10.1016/j.jpcs.2026.113677,2-s2.0-105034583001,105034583001,2026,2026-07-01,Journal of Physics and Chemistry of Solids,00223697,,Article,,Universidade Federal de Uberlândia; Universidad de La Habana,1,False,https://api.elsevier.com/content/abstract/scopus_id/105034583001,scopus,PENDING,NOT_STARTED,,14,62
Emergent Chaos-Like Dynamics of Spin–Orbit-Torque-Driven Magnetic Transitions,10.1002/smll.73778,2-s2.0-105038898457,105038898457,2026,2026-07-02,Small,16136810,,Article,,Max Born Institute,1,True,https://api.elsevier.com/content/abstract/scopus_id/105038898457,scopus,PENDING,NOT_STARTED,,14,63
Parallel alignment of electric and magnetic transition dipole moments in chiral additives can boost the oxygen evolution reaction,10.1038/s42004-026-02042-2,2-s2.0-105043491320,105043491320,2026,2026-12-01,Communications Chemistry,,,Article,,Universidade de Vigo,1,True,https://api.elsevier.com/content/abstract/scopus_id/105043491320,scopus,PENDING,NOT_STARTED,,14,64
Photovoltaic effect based on depolarization field and Schottky interface in BaTiO3 ceramics,10.1557/s43578-026-01865-y,2-s2.0-105040510288,105040510288,2026,2026-07-30,Journal of Materials Research,08842914,,Article,,Shandong University; State Key Laboratory of Crystal Materials,1,False,https://api.elsevier.com/content/abstract/scopus_id/105040510288,scopus,PENDING,NOT_STARTED,,14,65
3D-printed honeycomb-structured BaTiO3-based PTC ceramics formed by digital light processing for the thermal management of hydrogen fuel cells,10.1039/d6ta03226e,2-s2.0-105041494115,105041494115,2026,2026-07-16,Journal of Materials Chemistry A,20507488,,Article,,Huazhong University of Science and Technology,0,False,https://api.elsevier.com/content/abstract/scopus_id/105041494115,scopus,PENDING,NOT_STARTED,,14,66
"Bond-length-driven magnetic transition in quasi-one-dimensional CrSbX3 (X = S, Se)",10.1088/1361-648x/ae8636,2-s2.0-105045645718,105045645718,2026,2026-07-17,Journal of Physics Condensed Matter,09538984,,Article,,Korea University,0,True,https://api.elsevier.com/content/abstract/scopus_id/105045645718,scopus,PENDING,NOT_STARTED,,14,67
Coexistence of successive antiferromagnetic transitions and spin frustration in triangular-lattice antiferromagnet Ba3CoNb2O9 single crystal,10.1088/1361-648x/ae7887,2-s2.0-105042137321,105042137321,2026,2026-06-19,Journal of Physics Condensed Matter,09538984,,Article,,Anhui Medical University,0,True,https://api.elsevier.com/content/abstract/scopus_id/105042137321,scopus,PENDING,NOT_STARTED,,14,68
Domain engineering via AlN compositing in high-entropy ferroelectric ceramics for synergistic electro-thermal regulation,10.1039/d6ta02282k,2-s2.0-105038983174,105038983174,2026,2026-06-23,Journal of Materials Chemistry A,20507488,,Article,,Nanjing University,0,False,https://api.elsevier.com/content/abstract/scopus_id/105038983174,scopus,PENDING,NOT_STARTED,,14,69
Effect of CaTiO3 doping on energy storage performance of (1-x)BNBT-xCTi relaxor ferroelectric ceramics,10.1016/j.matlet.2026.141106,2-s2.0-105042915801,105042915801,2026,2026-10-01,Materials Letters,0167577X,,Article,,Xi'an University of Technology,0,False,https://api.elsevier.com/content/abstract/scopus_id/105042915801,scopus,PENDING,NOT_STARTED,,14,70
Engineering the magnetic transition and enhancing the magnetocaloric effect in copper-tin co-substituted strontium hexaferrites,10.1016/j.ceramint.2026.05.436,2-s2.0-105040716267,105040716267,2026,2026-07-01,Ceramics International,02728842,,Article,,Faculté des Sciences de Sfax,0,False,https://api.elsevier.com/content/abstract/scopus_id/105040716267,scopus,PENDING,NOT_STARTED,,14,71
Enhanced Temperature Stability of Bismuth-Layered Ceramics’ Piezoelectric Properties via Ferroelectric Domain Dynamics,10.1111/ijac.70265,2-s2.0-105047666666,105047666666,2026,2026-08-01,International Journal of Applied Ceramic Technology,1546542X,,Article,,Wenhua College,0,False,https://api.elsevier.com/content/abstract/scopus_id/105047666666,scopus,PENDING,NOT_STARTED,,14,72
High-Entropy Design of Perovskite Quantum Paraelectrics with Improved Dielectric Properties in GHz and THz Bands,10.1021/acsami.6c04586,2-s2.0-105043533833,105043533833,2026,2026-07-01,ACS Applied Materials and Interfaces,19448244,,Article,,Queen Mary University of London,0,True,https://api.elsevier.com/content/abstract/scopus_id/105043533833,scopus,PENDING,NOT_STARTED,,14,73
Low Temperature Complex Magnetic and Dielectric Studies on Al3+ substituted GaFeO3 Multiferroic Solid Solutions,10.1007/s10948-026-07228-2,2-s2.0-105046501337,105046501337,2026,2026-08-01,Journal of Superconductivity and Novel Magnetism,15571939,,Article,,Bangalore University,0,False,https://api.elsevier.com/content/abstract/scopus_id/105046501337,scopus,PENDING,NOT_STARTED,,14,74
Magnetic transitions and pressure effects in the Heusler compound Fe3−xMnxSi,10.1016/j.jallcom.2026.190442,2-s2.0-105047806689,105047806689,2026,2026-09-25,Journal of Alloys and Compounds,09258388,,Article,,Kagoshima University,0,True,https://api.elsevier.com/content/abstract/scopus_id/105047806689,scopus,PENDING,NOT_STARTED,,14,75
Metamagnetic transition induced low-temperature large magnetocaloric effect in Tb-doped YbFeO3 single crystals,10.1016/j.ceramint.2026.06.089,2-s2.0-105041011838,105041011838,2026,2026-08-01,Ceramics International,02728842,,Article,,Shanghai University,0,False,https://api.elsevier.com/content/abstract/scopus_id/105041011838,scopus,PENDING,NOT_STARTED,,14,76
Multiple magnetic transitions in the trilayer nickelate Pr(Formula presented) (Formula presented)Ni(Formula presented) (Formula presented)O(Formula presented) (Formula presented)revealed by muon-spin rotation,10.1088/1361-6668/ae90f7,2-s2.0-105047675971,105047675971,2026,2026-08-01,Superconductor Science and Technology,09532048,,Article,,Paul Scherrer Institut,0,True,https://api.elsevier.com/content/abstract/scopus_id/105047675971,scopus,PENDING,NOT_STARTED,,14,77
"Phase evolution and magnetic transitions in non-equiatomic Ni0.7R0.1Mn0.1Fe1.1O3+x (R = Cr, Ru, and La) high-entropy oxide nanostructures",10.1063/5.0331458,2-s2.0-105043333085,105043333085,2026,2026-06-01,APL Materials,,,Article,,Benemérita Universidad Autónoma de Puebla,0,True,https://api.elsevier.com/content/abstract/scopus_id/105043333085,scopus,PENDING,NOT_STARTED,,14,78
Engineered local polarization disorder unlocks record efficiency in antiferroelectric capacitors,10.1038/s41467-026-72274-2,2-s2.0-105042524802,105042524802,2026,2026-12-01,Nature Communications,,,Article,,"Faculty of Electronic and Information Engineering, Xi'an Jiaotong University",7,True,https://api.elsevier.com/content/abstract/scopus_id/105042524802,scopus,PENDING,NOT_STARTED,,13,79
Carbon dioxide interaction with BaTiO3(001) decorated with gold nanoparticles,10.1016/j.rsurfi.2026.100930,2-s2.0-105046967843,105046967843,2026,2026-11-01,Results in Surfaces and Interfaces,,,Article,,"Universitatea din Bucuresti; Institut de Physique des Matériaux, Bucarest-Magurele",0,True,https://api.elsevier.com/content/abstract/scopus_id/105046967843,scopus,PENDING,NOT_STARTED,,13,80
INFLUENCE OF MIXING AND THERMAL PARAMETERS ON THE STRUCTURAL HOMOGENEITY AND DIELECTRIC PERFORMANCE OF NBT CERAMICS,10.11113/jurnalteknologi.v88.24729,2-s2.0-105044518075,105044518075,2026,2026-07-01,Jurnal Teknologi,01279696,,Article,,Universiti Kebangsaan Malaysia; Universiti Kuala Lumpur,0,True,https://api.elsevier.com/content/abstract/scopus_id/105044518075,scopus,PENDING,NOT_STARTED,,13,81
Laser-driven ferroelectricity in SrTiO3 via quantum fluctuation quenching,10.1038/s41467-026-72675-3,2-s2.0-105045415096,105045415096,2026,2026-12-01,Nature Communications,,,Article,,Harvard John A. Paulson School of Engineering and Applied Sciences,0,True,https://api.elsevier.com/content/abstract/scopus_id/105045415096,scopus,PENDING,NOT_STARTED,,13,82
Nonvolatile ferroelectric switching of room-temperature bipolar magnetic semiconductors for energy-efficient spintronics,10.1038/s42005-025-02485-4,2-s2.0-105029722564,105029722564,2026,2026-12-01,Communications Physics,,,Article,,University of Chinese Academy of Sciences; National Center for Nanoscience and Technology Beijing,0,True,https://api.elsevier.com/content/abstract/scopus_id/105029722564,scopus,PENDING,NOT_STARTED,,13,83
Room-temperature ferroelectricity in NaNbO3 membrane,10.1038/s41467-026-74642-4,2-s2.0-105046523534,105046523534,2026,2026-12-01,Nature Communications,,,Article,,Wuhan University of Technology; State Key Laboratory of Advanced Technology for Materials Synthesis and Processing,0,True,https://api.elsevier.com/content/abstract/scopus_id/105046523534,scopus,PENDING,NOT_STARTED,,13,84
Thermal Conductivity Across the Nonpolar-Polar Phase Transition in Incipient Ferroelectric KTaO3,10.1002/aelm.70431,2-s2.0-105039705954,105039705954,2026,2026-06-08,Advanced Electronic Materials,,,Article,,Humboldt-Universität zu Berlin,0,True,https://api.elsevier.com/content/abstract/scopus_id/105039705954,scopus,PENDING,NOT_STARTED,,13,85
Time-Resolved Study of Polaron-Mediated Relaxation in Ferromagnetic La0.67Sr0.33MnO3/BiFeO3 Thin Films by Dual-Color Pump–Probe Spectroscopy,10.1021/acsomega.6c02859,2-s2.0-105044209720,105044209720,2026,2026-07-07,ACS Omega,,,Article,,National Yang Ming Chiao Tung University; Tatung University,0,True,https://api.elsevier.com/content/abstract/scopus_id/105044209720,scopus,PENDING,NOT_STARTED,,13,86
A-site tuning of half-metallicity and physical properties in f-electron actinide perovskites ACmO3 and A'PuO3: A spin-polarised DFT perspective for spintronics applications,10.1016/j.chphma.2026.03.009,2-s2.0-105039827617,105039827617,2026,2026-10-01,Chemphysmater,27725715,,Article,,Daffodil International University; Jahangirnagar University,0,True,https://api.elsevier.com/content/abstract/scopus_id/105039827617,scopus,PENDING,NOT_STARTED,,12,87
"A/B-site Co-doping tuned structure, morphology, room-temperature magnetocaloric effect, and critical behavior in La0.70Ln0.05Sr0.25Mn0.95Ni0.05O3 (Ln = Pr, Nd, Sm, Eu, Gd, Tb) perovskites",10.1016/j.jallcom.2026.190642,2-s2.0-105047958348,105047958348,2026,2026-09-25,Journal of Alloys and Compounds,09258388,,Article,,Guilin University of Technology,0,False,https://api.elsevier.com/content/abstract/scopus_id/105047958348,scopus,PENDING,NOT_STARTED,,12,88
Charge- and Orbital-Order Transitions in the A-Site-Ordered Quadruple Perovskite NdCuMn6O12,10.3390/inorganics14070174,2-s2.0-105045861694,105045861694,2026,2026-07-01,Inorganics,,,Article,,National Institute for Materials Science,0,True,https://api.elsevier.com/content/abstract/scopus_id/105045861694,scopus,PENDING,NOT_STARTED,,12,89
Composition-dependent magnetic anisotropy in Cu/Mn-based two-dimensional hybrid perovskite single crystals,10.1039/d6tc00615a,2-s2.0-105041250705,105041250705,2026,2026-07-30,Journal of Materials Chemistry C,20507526,,Article,,Kongju National University,0,True,https://api.elsevier.com/content/abstract/scopus_id/105041250705,scopus,PENDING,NOT_STARTED,,12,90
Distinct dielectric responses in BaTiO3–Bi0.5Na0.5TiO3–CaBi4Ti4O15 composites across different compositional regimes,10.1016/j.jeurceramsoc.2026.118384,2-s2.0-105035358448,105035358448,2026,2026-09-01,Journal of the European Ceramic Society,09552219,,Article,,Yonsei University,0,False,https://api.elsevier.com/content/abstract/scopus_id/105035358448,scopus,PENDING,NOT_STARTED,,12,91
Evolution of critical behavior and magnetocaloric effect in Eu doped La0.67Ba0.33MnO3 perovskites,10.1007/s10853-026-12829-2,2-s2.0-105038473002,105038473002,2026,2026-06-01,Journal of Materials Science,00222461,,Article,,Anhui University of Technology,0,False,https://api.elsevier.com/content/abstract/scopus_id/105038473002,scopus,PENDING,NOT_STARTED,,12,92
Genetic algorithm-based interpretation of anomalous susceptibility in correlated double perovskites,10.1016/j.nxmate.2026.102107,2-s2.0-105036235075,105036235075,2026,2026-07-01,Next Materials,,,Article,,Visva-Bharati University,0,True,https://api.elsevier.com/content/abstract/scopus_id/105036235075,scopus,PENDING,NOT_STARTED,,12,93
Magneto-elastic and magneto-electric couplings in the multiferroic triangular lattice antiferromagnet CuFeO2,10.1016/j.physb.2026.418685,2-s2.0-105036240475,105036240475,2026,2026-08-01,Physica B Condensed Matter,09214526,,Article,,Anyang Normal University,0,False,https://api.elsevier.com/content/abstract/scopus_id/105036240475,scopus,PENDING,NOT_STARTED,,12,94
Mean field magnetism and spin frustration in a double perovskite oxide with compositional complexity,10.1038/s43246-026-01135-8,2-s2.0-105039600359,105039600359,2026,2026-12-01,Communications Materials,,,Article,,Indian Institute of Science,0,True,https://api.elsevier.com/content/abstract/scopus_id/105039600359,scopus,PENDING,NOT_STARTED,,12,95
Non-volatile electrical control of perpendicular magnetic anisotropy in a CrSe2/Ga2S3 van der Waals multiferroic heterostructure,10.1016/j.physleta.2026.131615,2-s2.0-105033846333,105033846333,2026,2026-07-05,Physics Letters Section A General Atomic and Solid State Physics,03759601,,Article,,Hunan University of Science and Technology,0,False,https://api.elsevier.com/content/abstract/scopus_id/105033846333,scopus,PENDING,NOT_STARTED,,12,96
Quadrupole formation and coupling to magnetic and structural degrees of freedom in the 5d1 double perovskites Ba2MgReO6 and Ba2NaOsO6,10.1103/chtv-nvsq,2-s2.0-105047800876,105047800876,2026,2026-07-01,Physical Review Research,26431564,,Article,,ETH Zürich,0,True,https://api.elsevier.com/content/abstract/scopus_id/105047800876,scopus,PENDING,NOT_STARTED,,12,97
Strain mediated structural deformity on magnetic and dielectric features of YBaCuFeO5 – BaTiO3 composites,10.1016/j.jmmm.2026.174247,2-s2.0-105039682577,105039682577,2026,2026-09-15,Journal of Magnetism and Magnetic Materials,03048853,,Article,,National Institute of Technology Rourkela,0,False,https://api.elsevier.com/content/abstract/scopus_id/105039682577,scopus,PENDING,NOT_STARTED,,12,98
Structural distortions and electromagnetic response in single-phase Imma Bi0.84La0.16Fe1-xMnxO3 multiferroics,10.1016/j.ceramint.2026.06.067,2-s2.0-105041020856,105041020856,2026,2026-08-01,Ceramics International,02728842,,Article,,University of Danang,0,False,https://api.elsevier.com/content/abstract/scopus_id/105041020856,scopus,PENDING,NOT_STARTED,,12,99
Structure and Phase Transitions in Perovskite La0.50Sr0.50Fe0.55Ti0.45O3−δ Investigated by Mechanical Spectroscopy,10.1002/pssb.70309,2-s2.0-105047864480,105047864480,2026,2026-08-01,Physica Status Solidi B Basic Research,03701972,,Article,,Nanjing University,0,True,https://api.elsevier.com/content/abstract/scopus_id/105047864480,scopus,PENDING,NOT_STARTED,,12,100
Study of Zn substitution effects in high temperature type-II multiferroic YBaCuFeO5,10.1016/j.jallcom.2026.189486,2-s2.0-105044843201,105044843201,2026,2026-08-15,Journal of Alloys and Compounds,09258388,,Article,,UGC-DAE Consortium for Scientific Research India,0,False,https://api.elsevier.com/content/abstract/scopus_id/105044843201,scopus,PENDING,NOT_STARTED,,12,101
The effects of isoelectronic substitution of In for Ga on the magnetocaloric properties of Mn60Ga20C20 antiperovskite alloys,10.1016/j.physb.2026.419108,2-s2.0-105045251659,105045251659,2026,2026-10-15,Physica B Condensed Matter,09214526,,Article,,Southern Illinois University Carbondale,0,False,https://api.elsevier.com/content/abstract/scopus_id/105045251659,scopus,PENDING,NOT_STARTED,,12,102
Superior lead-free piezoceramics for wearable multimodal ultrasound imaging arrays,10.1038/s41467-025-66913-3,2-s2.0-105027174499,105027174499,2026,2026-12-01,Nature Communications,,,Article,,School of Physics,8,True,https://api.elsevier.com/content/abstract/scopus_id/105027174499,scopus,PENDING,NOT_STARTED,,11,103
Ultrahigh energy storage density and efficiency in AgNbO3-based ceramics by percolating interaction between antipolar regions and defect pairs,10.1038/s41467-026-68297-4,2-s2.0-105029884910,105029884910,2026,2026-12-01,Nature Communications,,,Article,,"Frontier Institute of Science and Technology, Xi'an Jiaotong University",7,True,https://api.elsevier.com/content/abstract/scopus_id/105029884910,scopus,PENDING,NOT_STARTED,,11,104
Optimizing magnetocaloric properties in rare-earth doped La0.8Sr0.2MnO3 ceramics: unveiling the synergy of lattice distortion and electronic structure,10.1016/j.cjph.2025.11.012,2-s2.0-105043486813,105043486813,2026,2026-10-01,Chinese Journal of Physics,05779073,,Article,,Southwest Petroleum University China,6,False,https://api.elsevier.com/content/abstract/scopus_id/105043486813,scopus,PENDING,NOT_STARTED,,11,105
A comprehensive investigation of metamagnetic state and multiple magnetic transitions in orthochromite HoCrO3,10.1016/j.solidstatesciences.2026.108389,2-s2.0-105040743690,105040743690,2026,2026-09-01,Solid State Sciences,12932558,,Article,,Indian Institute of Technology Guwahati,0,False,https://api.elsevier.com/content/abstract/scopus_id/105040743690,scopus,PENDING,NOT_STARTED,,11,106
A Eu-Based Zintl Compound Eu9Zn4.5As9 with Multiple Magnetic Transitions,10.1021/acs.inorgchem.6c01666,2-s2.0-105043905691,105043905691,2026,2026-07-06,Inorganic Chemistry,00201669,,Article,,Qingdao University,0,False,https://api.elsevier.com/content/abstract/scopus_id/105043905691,scopus,PENDING,NOT_STARTED,,11,107
Decorated Honeycomb Lattice and Successive Magnetic Transitions of the Delafossite Derivative K4Ni5Te3O16,10.1021/acs.chemmater.6c00997,2-s2.0-105044931490,105044931490,2026,2026-07-14,Chemistry of Materials,08974756,,Article,,College of Science and Engineering,0,False,https://api.elsevier.com/content/abstract/scopus_id/105044931490,scopus,PENDING,NOT_STARTED,,11,108
Design Analysis for Controlling Spray Particle Size of Ultrasonic Nozzles Using Piezoelectric Ceramic Vibrators,10.3390/ma19112245,2-s2.0-105041367009,105041367009,2026,2026-06-01,Materials,,,Article,,Dong-A University,0,True,https://api.elsevier.com/content/abstract/scopus_id/105041367009,scopus,PENDING,NOT_STARTED,,11,109
Electrical and magnetic transitions in FeSb2: A critical review of competing microscopic pictures,10.15302/frontphys.2026.125301,2-s2.0-105043441054,105043441054,2026,2026-12-01,Frontiers of Physics,20950462,,Article,,Southeast University,0,False,https://api.elsevier.com/content/abstract/scopus_id/105043441054,scopus,PENDING,NOT_STARTED,,11,110
Field-induced magnetic transitions and magneto-volume effects in Dy2Fe14B: A mean-field study,10.1016/j.jmmm.2026.174098,2-s2.0-105035706926,105035706926,2026,2026-07-15,Journal of Magnetism and Magnetic Materials,03048853,,Article,,Faculty of Science,0,False,https://api.elsevier.com/content/abstract/scopus_id/105035706926,scopus,PENDING,NOT_STARTED,,11,111
Magnetoimpedance of non-stoichiometric film V6O13 in the region of metal-insulator and magnetic transitions,10.1016/j.ssc.2026.116563,2-s2.0-105046888951,105046888951,2026,2026-10-01,Solid State Communications,00381098,,Article,,"Kirensky Institute of Physics, Siberian Branch, Russian Academy of Sciences",0,False,https://api.elsevier.com/content/abstract/scopus_id/105046888951,scopus,PENDING,NOT_STARTED,,11,112
Strain-induced magnetic transition and exchange competition in a metallic Cr2SbS monolayer with high Néel temperature,10.1039/d6cp01681b,2-s2.0-105042483768,105042483768,2026,2026-07-15,Physical Chemistry Chemical Physics,14639076,,Article,,Jilin Normal University,0,False,https://api.elsevier.com/content/abstract/scopus_id/105042483768,scopus,PENDING,NOT_STARTED,,11,113
"Structural, magnetic and dielectric properties evolution on Nd0.7Ba0.3Mn1-xTixO3 (x = 0.40, 0.50) perovskite manganites",10.1007/s10853-026-13358-8,2-s2.0-105046492912,105046492912,2026,2026-10-01,Journal of Materials Science,00222461,,Article,,Indian Institute of Technology (BHU) Varanasi; National Post Graduate College,0,False,https://api.elsevier.com/content/abstract/scopus_id/105046492912,scopus,PENDING,NOT_STARTED,,11,114
Training-free monitoring of SCF convergence using large language models: a case study of magnetic transition metal oxides with VASP,10.1016/j.commatsci.2026.114981,2-s2.0-105046554070,105046554070,2026,2026-09-05,Computational Materials Science,09270256,,Article,,Fudan University,0,False,https://api.elsevier.com/content/abstract/scopus_id/105046554070,scopus,PENDING,NOT_STARTED,,11,115
Contrasting Effects of Bi and Si Substitution at the Ni Site on Magnetostructural Transitions and Magnetocaloric Properties in Ni–Mn–In Heusler Alloys,10.3390/magnetism6020020,2-s2.0-105043034695,105043034695,2026,2026-06-01,Magnetism,,,Article,,Southern Illinois University Carbondale,2,True,https://api.elsevier.com/content/abstract/scopus_id/105043034695,scopus,PENDING,NOT_STARTED,,10,116
Cation-engineered Zn-Ti co-substituted BaM Hexaferrites with enhanced magnetic and Magnetocaloric performance,10.1016/j.mseb.2026.119227,2-s2.0-105031382381,105031382381,2026,2026-06-01,Materials Science and Engineering B,09215107,,Article,,Faculté des Sciences de Monastir,1,True,https://api.elsevier.com/content/abstract/scopus_id/105031382381,scopus,PENDING,NOT_STARTED,,10,117
Chemical ordering and non-linear magnetic behavior: enhancing magnetocaloric effect in FeMnNiGeSi high-entropy materials,10.1016/j.mtphys.2026.102128,2-s2.0-105039855591,105039855591,2026,2026-06-01,Materials Today Physics,,,Article,,Institut Jean Lamour,1,True,https://api.elsevier.com/content/abstract/scopus_id/105039855591,scopus,PENDING,NOT_STARTED,,10,118
Comparison of dielectric and piezoelectric properties of Sb- and Nb-doped Pb0.87Sr0.12La0.01(Zr0.54Ti0.44X0.02)O3 ceramics,10.1016/j.ceramint.2026.05.071,2-s2.0-105040731017,105040731017,2026,2026-07-01,Ceramics International,02728842,,Article,,Imam Khomeini International University,1,False,https://api.elsevier.com/content/abstract/scopus_id/105040731017,scopus,PENDING,NOT_STARTED,,10,119
Influence of rare earth diffusion in BaTiO3-based MLCCs sintered in a reducing atmosphere,10.1016/j.jeurceramsoc.2026.118269,2-s2.0-105031731595,105031731595,2026,2026-08-01,Journal of the European Ceramic Society,09552219,,Article,,Samsung Electro-Mechanics,1,False,https://api.elsevier.com/content/abstract/scopus_id/105031731595,scopus,PENDING,NOT_STARTED,,10,120
Molecular rotation and large polarization in charge-transfer ferroelectric cocrystals,10.1038/s41557-026-02168-9,2-s2.0-105040548656,105040548656,2026,2026-08-01,Nature Chemistry,17554330,,Article,,Nanjing University of Post and TeleCommunications,1,False,https://api.elsevier.com/content/abstract/scopus_id/105040548656,scopus,PENDING,NOT_STARTED,,10,121
Anomalous ferroelectricity of a novel composite based on an organic ferroelectric of diisopropylammonium iodide filled with copper microparticles: Experimental and theoretical approaches,10.1557/s43580-026-01589-5,2-s2.0-105031677898,105031677898,2026,2026-08-01,MRS Advances,27315894,,Article,,Industrial University of Ho Chi Minh City,0,False,https://api.elsevier.com/content/abstract/scopus_id/105031677898,scopus,PENDING,NOT_STARTED,,10,122
Bi-induced structural distortion and magnetic phase transition in Pr0.7−xBixCa0.3MnO3: insights into magnetocaloric performance,10.1039/d6ra04552a,2-s2.0-105044546981,105044546981,2026,2026-08-12,Rsc Advances,,,Article,,Université de Kairouan,0,True,https://api.elsevier.com/content/abstract/scopus_id/105044546981,scopus,PENDING,NOT_STARTED,,10,123
"Correlation of structural, dielectric and electrical properties of Ta-substituted Sr0.6Ba0.4Nb2(1−x)Ta2xO6 ceramics",10.1007/s11581-026-07249-w,2-s2.0-105042294154,105042294154,2026,2026-08-01,Ionics,09477047,,Article,,Gandhi Institute of Technology and Management (GITAM),0,False,https://api.elsevier.com/content/abstract/scopus_id/105042294154,scopus,PENDING,NOT_STARTED,,10,124
Decoupling-Gliding Ion Transport in Polymer Electrolytes via Ferroelectric Order-Structuring: Toward High-Voltage and High-Rate Solid-State Batteries,10.1002/adfm.76398,2-s2.0-105041104711,105041104711,2026,2026-07-02,Advanced Functional Materials,1616301X,,Article,,Powder Metallurgy Research Institute,0,False,https://api.elsevier.com/content/abstract/scopus_id/105041104711,scopus,PENDING,NOT_STARTED,,10,125
Dipolar field impact on the magnetocaloric effect of Gd nanoelements,10.1016/j.jmmm.2026.174443,2-s2.0-105045714232,105045714232,2026,2026-10-15,Journal of Magnetism and Magnetic Materials,03048853,,Article,,Universidade do Estado do Rio Grande do Norte,0,True,https://api.elsevier.com/content/abstract/scopus_id/105045714232,scopus,PENDING,NOT_STARTED,,10,126
Effect of Strain Induced by Varying Bottom Electrode Thicknesses on Ferroelectric Properties of Pt/Al0.7Sc0.3N/Pt Capacitors,10.1021/acsami.6c07798,2-s2.0-105047010893,105047010893,2026,2026-08-05,ACS Applied Materials and Interfaces,19448244,,Article,,Xidian University,0,False,https://api.elsevier.com/content/abstract/scopus_id/105047010893,scopus,PENDING,NOT_STARTED,,10,127
Emergence of long-range mean-field ferromagnetism and second-order magnetocaloric response in Ni-substituted MnCoGe,10.1088/1402-4896/ae8be9,2-s2.0-105046002795,105046002795,2026,2026-07-01,Physica Scripta,00318949,,Article,,Jiangsu University of Science and Technology,0,True,https://api.elsevier.com/content/abstract/scopus_id/105046002795,scopus,PENDING,NOT_STARTED,,10,128
Enhanced Magnetocaloric Effect in Tb-Co-Ni Magnets via Chemical Pressure,10.1002/rar2.70277,2-s2.0-105043711950,105043711950,2026,2026-07-01,Rare Metals,10010521,,Article,,"School of Materials Science and Engineering, Anhui University",0,True,https://api.elsevier.com/content/abstract/scopus_id/105043711950,scopus,PENDING,NOT_STARTED,,10,129
Geometric Pathway for Tuning Ferroelectric Properties via Polar State Reconfiguration,10.1103/8m3c-4dkr,2-s2.0-105045252378,105045252378,2026,2026-07-17,Physical Review Letters,00319007,,Article,,Tsinghua University; Beijing University of Posts and Telecommunications,0,False,https://api.elsevier.com/content/abstract/scopus_id/105045252378,scopus,PENDING,NOT_STARTED,,10,130
Holonomy-based Diagnostic of Strain Compatibility in Birefringence Imaging of Stress-induced Ferroelectric SrTiO3,10.7566/jpsj.95.063704,2-s2.0-105046204610,105046204610,2026,2026-06-15,Journal of the Physical Society of Japan,00319015,,Article,,Kagoshima University,0,False,https://api.elsevier.com/content/abstract/scopus_id/105046204610,scopus,PENDING,NOT_STARTED,,10,131
Low Temperature Growth of High-Quality Wurtzite Ferroelectric Through Quasi-van der Waals Epitaxy,10.1002/adma.74106,2-s2.0-105044548012,105044548012,2026,2026-08-21,Advanced Materials,09359648,,Article,,Tsinghua University,0,False,https://api.elsevier.com/content/abstract/scopus_id/105044548012,scopus,PENDING,NOT_STARTED,,10,132
Magnetocaloric effect of GdTbDyErPr rare-earth high-entropy alloy,10.55713/jmmm.v36i3.2636,2-s2.0-105044675819,105044675819,2026,2026-06-08,Journal of Metals Materials and Minerals,08576149,,Article,,Inner Mongolia University of Science and Technology; Ltd.,0,True,https://api.elsevier.com/content/abstract/scopus_id/105044675819,scopus,PENDING,NOT_STARTED,,10,133
"Multifunctional properties of Mn-doped InP: Unveiling ferroelectric, ferromagnetic, and magnetoelectric behaviors",10.1016/j.solidstatesciences.2026.108330,2-s2.0-105037061000,105037061000,2026,2026-07-01,Solid State Sciences,12932558,,Article,,Korea University,0,False,https://api.elsevier.com/content/abstract/scopus_id/105037061000,scopus,PENDING,NOT_STARTED,,10,134
Numerical modeling of magnetocaloric gadolinium particle flow: Magnetization nonlinearity governs net magnetocaloric heat,10.1016/j.icheatmasstransfer.2026.111731,2-s2.0-105041073045,105041073045,2026,2026-09-01,International Communications in Heat and Mass Transfer,07351933,,Article,,Nagoya University,0,True,https://api.elsevier.com/content/abstract/scopus_id/105041073045,scopus,PENDING,NOT_STARTED,,10,135
On the magnetocaloric effect in biphasic FeCrSiB amorphous composites,10.1039/d6ma00481d,2-s2.0-105041443291,105041443291,2026,2026-07-06,Materials Advances,,,Article,,Universidad de Oviedo; Institut Laue-Langevin,0,True,https://api.elsevier.com/content/abstract/scopus_id/105041443291,scopus,PENDING,NOT_STARTED,,10,136
Plasmon Damping Induced by Ferroelectric Phase Transition in a Single Plasmonic Nanocavity,10.1021/acsphotonics.6c00686,2-s2.0-105042124031,105042124031,2026,2026-06-17,ACS Photonics,,,Article,,Soochow University,0,False,https://api.elsevier.com/content/abstract/scopus_id/105042124031,scopus,PENDING,NOT_STARTED,,10,137
Stereoactive 5s2 lone pair-driven structural distortion and dielectric modulation in Sn-substituted SrBi2Nb2O9 ceramics,10.1016/j.mseb.2026.119695,2-s2.0-105044557185,105044557185,2026,2026-11-01,Materials Science and Engineering B,09215107,,Article,,Universitas Andalas,0,False,https://api.elsevier.com/content/abstract/scopus_id/105044557185,scopus,PENDING,NOT_STARTED,,10,138
Suppression of inverse magnetocaloric contribution and enhancement of conventional entropy change in MgAl2O4/TbFeCo heterostructure thin films,10.1088/1402-4896/ae9101,2-s2.0-105046725700,105046725700,2026,2026-08-01,Physica Scripta,00318949,,Article,,East China University of Technology,0,True,https://api.elsevier.com/content/abstract/scopus_id/105046725700,scopus,PENDING,NOT_STARTED,,10,139
Synergistic improvement of magnetocaloric properties in a critical-state high-entropy metallic glass,10.1016/j.jmrt.2026.08.165,2-s2.0-105047840289,105047840289,2026,2026-09-01,Journal of Materials Research and Technology,22387854,,Article,,Hohai University Changzhou,0,True,https://api.elsevier.com/content/abstract/scopus_id/105047840289,scopus,PENDING,NOT_STARTED,,10,140
Tuning martensitic transformation and enhancing magnetocaloric effect in Ni47Mn40Sn13-xWx Heusler alloy via experiments and first-principle insights,10.1016/j.jallcom.2026.189800,2-s2.0-105044407861,105044407861,2026,2026-07-25,Journal of Alloys and Compounds,09258388,,Article,,LUT University,0,True,https://api.elsevier.com/content/abstract/scopus_id/105044407861,scopus,PENDING,NOT_STARTED,,10,141
Understanding the dielectric and piezoelectric properties of BF-PT-BT ceramics prepared on different sintering beds,10.1016/j.jeurceramsoc.2026.118379,2-s2.0-105035674843,105035674843,2026,2026-09-01,Journal of the European Ceramic Society,09552219,,Article,,Shanghai University; State Key Laboratory of Advanced Special Steel,0,False,https://api.elsevier.com/content/abstract/scopus_id/105035674843,scopus,PENDING,NOT_STARTED,,10,142
"Computational investigation of perovskites RbABr3 (A = Cr, Mo) for next-generation spintronics using DFT and Monte Carlo simulation techniques",10.1016/j.jpcs.2026.113734,2-s2.0-105035240177,105035240177,2026,2026-08-01,Journal of Physics and Chemistry of Solids,00223697,,Article,,Université Sultan Moulay Slimane,5,False,https://api.elsevier.com/content/abstract/scopus_id/105035240177,scopus,PENDING,NOT_STARTED,,9,143
Investigation of above room temperature ferromagnetism and thermoelectric characteristics of double perovskites Sr2(Fe/Co)MoO6 for spintronic applications,10.1016/j.physb.2026.418737,2-s2.0-105037848613,105037848613,2026,2026-09-01,Physica B Condensed Matter,09214526,,Article,,University of Education,1,False,https://api.elsevier.com/content/abstract/scopus_id/105037848613,scopus,PENDING,NOT_STARTED,,9,144
"Unveiling the structural stability and multifunctional properties of Rb2LiMF6 (M = Sc, Ti, V, Co, Ni) double perovskites for spintronics",10.1016/j.micrna.2026.208687,2-s2.0-105035067268,105035067268,2026,2026-07-01,Micro and Nanostructures,27730131,,Article,,Université Ibn Zohr,1,False,https://api.elsevier.com/content/abstract/scopus_id/105035067268,scopus,PENDING,NOT_STARTED,,9,145
3D integration of van der Waals high-κ dielectrics and semiconductors for low-power CFETs,10.26599/nr.2025.94908307,2-s2.0-105043216018,105043216018,2026,2026-07-01,Nano Research,19980124,,Article,,Wuhan University,0,True,https://api.elsevier.com/content/abstract/scopus_id/105043216018,scopus,PENDING,NOT_STARTED,,9,146
"Comparative effects of A-site ionic radius and disorder on structure, magnetism, and transport in perovskite La0.8Sr0.1A0.1MnO3 (A=Ca, Sr, Ba)",10.1007/s10854-026-18036-8,2-s2.0-105044800681,105044800681,2026,2026-07-01,Journal of Materials Science Materials in Electronics,09574522,,Article,,Nanjing University of Aeronautics and Astronautics,0,False,https://api.elsevier.com/content/abstract/scopus_id/105044800681,scopus,PENDING,NOT_STARTED,,9,147
Effect of La and Ti substitution on magnetic properties and dielectric constant of barium ferrite prepared by ball-milling,10.1088/1361-648x/ae7ad5,2-s2.0-105042453028,105042453028,2026,2026-06-26,Journal of Physics Condensed Matter,09538984,,Article,,Universidad de Guadalajara,0,True,https://api.elsevier.com/content/abstract/scopus_id/105042453028,scopus,PENDING,NOT_STARTED,,9,148
Electric-Field Control of Magnetic Excitations in a Hybrid Perovskite Metal–Organic Framework Revealed by Electron Spin Resonance,10.1021/acs.jpcc.6c01957,2-s2.0-105042197258,105042197258,2026,2026-06-18,Journal of Physical Chemistry C,19327447,,Article,,University of Chinese Academy of Sciences; Institute of Physics Chinese Academy of Sciences,0,False,https://api.elsevier.com/content/abstract/scopus_id/105042197258,scopus,PENDING,NOT_STARTED,,9,149
"Exploration of half-metallic character using comparative approximation approaches and determination of thermoelectric properties of double perovskite oxides A2YTiO6 (A = K, Rb, Cs): A DFT study",10.1016/j.calphad.2026.102967,2-s2.0-105042608474,105042608474,2026,2026-09-01,Calphad Computer Coupling of Phase Diagrams and Thermochemistry,03645916,,Article,,The Islamia University of Bahawalpur,0,False,https://api.elsevier.com/content/abstract/scopus_id/105042608474,scopus,PENDING,NOT_STARTED,,9,150
Half-metallic Ferromagnetism and Giant Magnetic Anisotropy in Vacancy-ordered Double Perovskite Rb2WBr6,10.1007/s10948-026-07231-7,2-s2.0-105047163392,105047163392,2026,2026-08-01,Journal of Superconductivity and Novel Magnetism,15571939,,Article,,Hubei University of Automotive Technology,0,False,https://api.elsevier.com/content/abstract/scopus_id/105047163392,scopus,PENDING,NOT_STARTED,,9,151
Magneto-optical properties of multi-element A-site co-doped La0.57Nd0.1Sr0.18Ag0.15CrO3 perovskite for advanced optoelectronic technologies,10.1016/j.ceramint.2026.04.134,2-s2.0-105035467332,105035467332,2026,2026-06-01,Ceramics International,02728842,,Article,,Université de Kairouan,0,False,https://api.elsevier.com/content/abstract/scopus_id/105035467332,scopus,PENDING,NOT_STARTED,,9,152
"Multifunctional properties of Rb₂LiMCl₆ (M = Sc, Ti, V, Co, Ni) halide double perovskites: A first-principles study toward spintronic and optoelectronic applications",10.1016/j.jmmm.2026.174233,2-s2.0-105039829924,105039829924,2026,2026-09-15,Journal of Magnetism and Magnetic Materials,03048853,,Article,,Université Ibn Zohr,0,False,https://api.elsevier.com/content/abstract/scopus_id/105039829924,scopus,PENDING,NOT_STARTED,,9,153
Near-Room-Temperature Antiferromagnetic Ordering in the Quadruple-Perovskite Sr4NaRu3O12,10.1021/acs.inorgchem.6c02554,2-s2.0-105047545387,105047545387,2026,2026-08-17,Inorganic Chemistry,00201669,,Article,,Indian Institute of Science Education and Research Berhampur,0,False,https://api.elsevier.com/content/abstract/scopus_id/105047545387,scopus,PENDING,NOT_STARTED,,9,154
"Structural, magnetic, magnetocaloric and dielectric properties of Ni-doped Sr2Mg2Fe12O22 Y-type hexaferrites",10.1016/j.matchemphys.2026.132637,2-s2.0-105042348857,105042348857,2026,2026-09-01,Materials Chemistry and Physics,02540584,,Article,,Faculté des Sciences de Monastir,0,False,https://api.elsevier.com/content/abstract/scopus_id/105042348857,scopus,PENDING,NOT_STARTED,,9,155
The origin of room-temperature magnetodielectricity and weak spontaneous polarization in pure and doped La(Formula presented) (Formula presented)FeCrO(Formula presented) (Formula presented),10.1088/1402-4896/ae8340,2-s2.0-105044285043,105044285043,2026,2026-07-01,Physica Scripta,00318949,,Article,,Indian Institute of Science,0,True,https://api.elsevier.com/content/abstract/scopus_id/105044285043,scopus,PENDING,NOT_STARTED,,9,156
"Versatile properties of vacancy-ordered double perovskites Cs2MF6 (M=Cr,Mo) for efficient spintronic applications: DFT and Monte Carlo study",10.1016/j.physb.2026.419116,2-s2.0-105046068982,105046068982,2026,2026-11-01,Physica B Condensed Matter,09214526,,Article,,Université Ibn Zohr,0,False,https://api.elsevier.com/content/abstract/scopus_id/105046068982,scopus,PENDING,NOT_STARTED,,9,157
"Grain size effect-induced evolution of relaxor state, domain structure, and polarization in Bi0.5Na0.5TiO3-based ceramics",10.1016/j.jeurceramsoc.2025.118103,2-s2.0-105025480592,105025480592,2026,2026-07-01,Journal of the European Ceramic Society,09552219,,Article,,Fuzhou University,6,False,https://api.elsevier.com/content/abstract/scopus_id/105025480592,scopus,PENDING,NOT_STARTED,,8,158
Achieving ultrahigh transduction coefficient in PZN-PLZT ternary piezoelectric ceramics via phase boundary engineering for energy harvesting applications,10.1016/j.jeurceramsoc.2026.118335,2-s2.0-105033582676,105033582676,2026,2026-09-01,Journal of the European Ceramic Society,09552219,,Article,,Chengdu University,2,False,https://api.elsevier.com/content/abstract/scopus_id/105033582676,scopus,PENDING,NOT_STARTED,,8,159
Modulating polymorphic phase boundaries and defect chemistry in KNN-based piezoceramics through multi-element doping strategies,10.1039/d5tc04332h,2-s2.0-105037166473,105037166473,2026,2026-06-18,Journal of Materials Chemistry C,20507526,,Article,,Bangladesh University of Engineering and Technology,2,False,https://api.elsevier.com/content/abstract/scopus_id/105037166473,scopus,PENDING,NOT_STARTED,,8,160
PIN-PZ-PT ceramics with ultra-stable high piezoelectric properties up to 300 °C for high-temperature ultrasonic transducers,10.1016/j.jmst.2026.02.011,2-s2.0-105031773172,105031773172,2026,2026-11-10,Journal of Materials Science and Technology,10050302,,Article,,Nanjing University,2,False,https://api.elsevier.com/content/abstract/scopus_id/105031773172,scopus,PENDING,NOT_STARTED,,8,161
Achieving enhanced comprehensive electrical properties in CaBi2Nb2O9-based high-temperature piezoelectric ceramics via A/B-site co-doping,10.1557/s43578-026-01902-w,2-s2.0-105041575466,105041575466,2026,2026-07-30,Journal of Materials Research,08842914,,Article,,College of Materials Science and Engineering,1,False,https://api.elsevier.com/content/abstract/scopus_id/105041575466,scopus,PENDING,NOT_STARTED,,8,162
Local structural engineering for simultaneous enhancement of piezoelectricity and temperature stability in BiScO3-PbTiO3 piezoceramics,10.1016/j.jmst.2025.11.060,2-s2.0-105027253255,105027253255,2026,2026-10-10,Journal of Materials Science and Technology,10050302,,Article,,"University of Chinese Academy of Sciences; Shanghai Institute of Ceramics, Chinese Academy of Sciences",1,False,https://api.elsevier.com/content/abstract/scopus_id/105027253255,scopus,PENDING,NOT_STARTED,,8,163
Phase structure and high−temperature piezoelectric properties of Bi(Mg1/2Ti1/2)O3−modified BF−BT ceramics,10.1016/j.ceramint.2026.04.253,2-s2.0-105036253674,105036253674,2026,2026-06-01,Ceramics International,02728842,,Article,,Tongren University,1,False,https://api.elsevier.com/content/abstract/scopus_id/105036253674,scopus,PENDING,NOT_STARTED,,8,164
Reliable piezoelectric vibrating properties of high-power PZT-PMN ceramics achieved through hot-pressing sintering,10.1016/j.jeurceramsoc.2025.118110,2-s2.0-105025646536,105025646536,2026,2026-07-01,Journal of the European Ceramic Society,09552219,,Article,,Nanjing University of Science and Technology,1,False,https://api.elsevier.com/content/abstract/scopus_id/105025646536,scopus,PENDING,NOT_STARTED,,8,165
Sustainable high-temperature piezoelectrics: Synergistic enhancement of CaBi4Ti4O15 ceramics via manganese doping and microwave sintering,10.1557/s43578-026-01898-3,2-s2.0-105042623795,105042623795,2026,2026-07-30,Journal of Materials Research,08842914,,Article,,State Key Laboratory of Crystal Materials,1,False,https://api.elsevier.com/content/abstract/scopus_id/105042623795,scopus,PENDING,NOT_STARTED,,8,166
Achieving high piezoelectric coefficient in CaBi2Nb2O9-based ceramics through A-site high-entropy strategy,10.1016/j.jpcs.2026.113802,2-s2.0-105037946475,105037946475,2026,2026-10-01,Journal of Physics and Chemistry of Solids,00223697,,Article,,"University of Science and Technology of China; Institute of Solid State Physics, Chinese Academy of Sciences",0,False,https://api.elsevier.com/content/abstract/scopus_id/105037946475,scopus,PENDING,NOT_STARTED,,8,167
Acoustic Emission Sensor Based on Diameter-to-Thickness Ratio Control of Lead-Free Piezoelectric Ceramics,10.1002/pssa.70398,2-s2.0-105040160216,105040160216,2026,2026-06-10,Physica Status Solidi A Applications and Materials Science,18626300,,Article,,Pusan National University; Korea Electrotechnology Research Institute,0,False,https://api.elsevier.com/content/abstract/scopus_id/105040160216,scopus,PENDING,NOT_STARTED,,8,168
Boosting piezoelectricity and resistivity of Bi4Ti3O12-based high-temperature ceramics using (Zn1/2W1/2)4+ ion-pair co-doping,10.1016/j.jallcom.2026.190597,2-s2.0-105047890916,105047890916,2026,2026-09-25,Journal of Alloys and Compounds,09258388,,Article,,North China University of Science and Technology,0,False,https://api.elsevier.com/content/abstract/scopus_id/105047890916,scopus,PENDING,NOT_STARTED,,8,169
Clarifying Excellent Piezoelectricity and Conduction Mechanism of Aurivillius Na0.25K0.25Bi2.5Nb2O9-based Piezoceramics,10.1111/jace.70986,2-s2.0-105043701687,105043701687,2026,2026-07-01,Journal of the American Ceramic Society,00027820,,Article,,Anhui Polytechnic University,0,False,https://api.elsevier.com/content/abstract/scopus_id/105043701687,scopus,PENDING,NOT_STARTED,,8,170
Comprehensive piezoelectric performance enhancement in Bi3TiNbO9-based piezoceramics for high-temperature applications,10.1016/j.mtchem.2026.103834,2-s2.0-105043732339,105043732339,2026,2026-07-01,Materials Today Chemistry,,,Article,,Hangzhou Dianzi University,0,False,https://api.elsevier.com/content/abstract/scopus_id/105043732339,scopus,PENDING,NOT_STARTED,,8,171
Concurrently good piezoelectricity and thermal stability by control of multiple phase boundaries in KNN ceramics,10.1016/j.ceramint.2026.06.152,2-s2.0-105041964817,105041964817,2026,2026-08-01,Ceramics International,02728842,,Article,,Xinjiang Agricultural University,0,False,https://api.elsevier.com/content/abstract/scopus_id/105041964817,scopus,PENDING,NOT_STARTED,,8,172
Defect-dipole-induced piezoelectric enhancement in Nb/Co-doped bismuth-layer-structured ceramics for ultrasonic applications,10.1016/j.jallcom.2026.190438,2-s2.0-105047654118,105047654118,2026,2026-09-25,Journal of Alloys and Compounds,09258388,,Article,,Wenhua College,0,False,https://api.elsevier.com/content/abstract/scopus_id/105047654118,scopus,PENDING,NOT_STARTED,,8,173
Effect of (Bi0.5Yb0.5)0.95Ag0.05ZrO3 doping of KNNT-based lead-free piezoelectric ceramics on their electrical properties and structure,10.1007/s41779-025-01295-9,2-s2.0-105019944405,105019944405,2026,2026-07-01,Journal of the Australian Ceramic Society,25101560,,Article,,Hefei University,0,False,https://api.elsevier.com/content/abstract/scopus_id/105019944405,scopus,PENDING,NOT_STARTED,,8,174
Effect of sintering strategies on the structural and electrical properties of Sb-doped K0.5Na0.5NbO3 lead-free ceramics for energy harvesting,10.1007/s00339-026-09828-0,2-s2.0-105042244671,105042244671,2026,2026-07-01,Applied Physics A Materials Science and Processing,09478396,,Article,,Jawaharlal Nehru Technological University Anantapur,0,False,https://api.elsevier.com/content/abstract/scopus_id/105042244671,scopus,PENDING,NOT_STARTED,,8,175
Effects of Ca–Fe co-doping on the structure and physical properties of GdMnO3 ceramics,10.1007/s10854-026-18048-4,2-s2.0-105045151475,105045151475,2026,2026-07-01,Journal of Materials Science Materials in Electronics,09574522,,Article,,Zhengzhou University of Light Industry,0,False,https://api.elsevier.com/content/abstract/scopus_id/105045151475,scopus,PENDING,NOT_STARTED,,8,176
Hierarchical domain engineered BF-PT based piezoelectric ceramics with large piezoelectricity over broad temperature range,10.1016/j.actamat.2026.122311,2-s2.0-105039748353,105039748353,2026,2026-08-01,Acta Materialia,13596454,,Article,,Hefei University of Technology,0,False,https://api.elsevier.com/content/abstract/scopus_id/105039748353,scopus,PENDING,NOT_STARTED,,8,177
High electrostrain and low hysteresis enabled by domain engineering and defect strategy in BF-BT-based lead-free piezoceramics,10.1016/j.mtphys.2026.102188,2-s2.0-105046719832,105046719832,2026,2026-09-01,Materials Today Physics,,,Article,,Guizhou University,0,False,https://api.elsevier.com/content/abstract/scopus_id/105046719832,scopus,PENDING,NOT_STARTED,,8,178
"High Piezoelectric and Mechanical Properties for (K,Na)NbO3-Based Textured Piezoceramics",10.1021/acsaelm.6c00735,2-s2.0-105041266136,105041266136,2026,2026-06-09,ACS Applied Electronic Materials,,,Article,,University of Science and Technology Beijing,0,False,https://api.elsevier.com/content/abstract/scopus_id/105041266136,scopus,PENDING,NOT_STARTED,,8,179
High Piezoelectricity and Thermal Stability in BiScO3–PbTiO3–Pb(Sn1/3Nb2/3)O3 Ceramics via Defect Engineering,10.1111/jace.71046,2-s2.0-105045824721,105045824721,2026,2026-08-01,Journal of the American Ceramic Society,00027820,,Article,,Southwest University,0,False,https://api.elsevier.com/content/abstract/scopus_id/105045824721,scopus,PENDING,NOT_STARTED,,8,180
High-Performance Textured Bismuth Layer Structured Piezoceramics with Template-Induced Orientation,10.1021/acsami.6c07262,2-s2.0-105043528967,105043528967,2026,2026-07-01,ACS Applied Materials and Interfaces,19448244,,Article,,"University of Chinese Academy of Sciences; Shanghai Institute of Ceramics, Chinese Academy of Sciences",0,False,https://api.elsevier.com/content/abstract/scopus_id/105043528967,scopus,PENDING,NOT_STARTED,,8,181
Mn3+ Doping and Microgravity Effects on the Structure and Properties of NMO-LSFMO Ceramics,10.1111/jace.70982,2-s2.0-105044082162,105044082162,2026,2026-07-01,Journal of the American Ceramic Society,00027820,,Article,,"University of Shanghai for Science and Technology; Shanghai Institute of Ceramics, Chinese Academy of Sciences",0,False,https://api.elsevier.com/content/abstract/scopus_id/105044082162,scopus,PENDING,NOT_STARTED,,8,182
Morphotropic phase boundary engineering achieves robust piezoelectricity and operational stability at elevated temperatures in PZN-PZT ceramics,10.1016/j.jeurceramsoc.2026.118700,2-s2.0-105045099812,105045099812,2026,2026-12-01,Journal of the European Ceramic Society,09552219,,Article,,"Faculty of Electronic and Information Engineering, Xi'an Jiaotong University",0,False,https://api.elsevier.com/content/abstract/scopus_id/105045099812,scopus,PENDING,NOT_STARTED,,8,183
Overcoming the performance ceiling of textured piezoelectric ceramics,10.1126/science.aei0475,2-s2.0-105047317513,105047317513,2026,2026-08-13,Science,00368075,,Article,,"Faculty of Electronic and Information Engineering, Xi'an Jiaotong University",0,False,https://api.elsevier.com/content/abstract/scopus_id/105047317513,scopus,PENDING,NOT_STARTED,,8,184
"Performance enhancement and structural defect chemistry regulation of Bi3TiNbO9 high-temperature piezoelectric ceramics by (W, Mn) co-doping",10.1016/j.ceramint.2026.06.309,2-s2.0-105042591266,105042591266,2026,2026-09-01,Ceramics International,02728842,,Article,,State Key Laboratory of Solidification Processing,0,False,https://api.elsevier.com/content/abstract/scopus_id/105042591266,scopus,PENDING,NOT_STARTED,,8,185
Role of B-site chemistry in governing distinct high-power performance and thermal stability of PYN-PZT piezoceramics,10.1016/j.jallcom.2026.190444,2-s2.0-105047330640,105047330640,2026,2026-09-25,Journal of Alloys and Compounds,09258388,,Article,,"Faculty of Electronic and Information Engineering, Xi'an Jiaotong University",0,False,https://api.elsevier.com/content/abstract/scopus_id/105047330640,scopus,PENDING,NOT_STARTED,,8,186
Structure and Electrical Properties of Sr1–xNaxNb5O15 Solid Solution Ceramic Systems,10.14062/j.issn.0454-5648.20250708,2-s2.0-105044208875,105044208875,2026,2026-06-01,Kuei Suan Jen Hsueh Pao Journal of the Chinese Ceramic Society,04545648,,Article,,Xianyang Normal University,0,False,https://api.elsevier.com/content/abstract/scopus_id/105044208875,scopus,PENDING,NOT_STARTED,,8,187
"Structure and high piezoelectric properties of (Bi,La)FeO3 -Ba(Zr,Ti)O3-PbTiO3 ternary ceramics",10.1016/j.ceramint.2026.05.346,2-s2.0-105041317099,105041317099,2026,2026-07-01,Ceramics International,02728842,,Article,,Jingdezhen Ceramic University,0,False,https://api.elsevier.com/content/abstract/scopus_id/105041317099,scopus,PENDING,NOT_STARTED,,8,188
Synergistic defect and domain engineering for high piezoelectric response in Na0.5Bi4.5Ti4O15-based ceramics,10.1016/j.actamat.2026.122367,2-s2.0-105040782929,105040782929,2026,2026-08-15,Acta Materialia,13596454,,Article,,Nanjing University of Science and Technology,0,False,https://api.elsevier.com/content/abstract/scopus_id/105040782929,scopus,PENDING,NOT_STARTED,,8,189
Synergistic enhancement of electrical properties and thermal stability in CaBi2Nb2O9 piezoceramic through A-site doping and grain refinement engineering,10.1016/j.ceramint.2026.06.083,2-s2.0-105041118735,105041118735,2026,2026-08-01,Ceramics International,02728842,,Article,,Nanjing University,0,False,https://api.elsevier.com/content/abstract/scopus_id/105041118735,scopus,PENDING,NOT_STARTED,,8,190
Tailored phase boundaries in KNN–barium stannate-based ceramics for high piezoelectric output and extreme condition energy harvesting,10.1007/s10854-026-18017-x,2-s2.0-105045344907,105045344907,2026,2026-07-01,Journal of Materials Science Materials in Electronics,09574522,,Article,,University of Delhi,0,False,https://api.elsevier.com/content/abstract/scopus_id/105045344907,scopus,PENDING,NOT_STARTED,,8,191
Ultralow-temperature sintering of textured PSSN-PMN-PZT ceramics with CuO addition: Simultaneous high Tc and superior piezoelectricity,10.1016/j.jeurceramsoc.2026.118352,2-s2.0-105034371036,105034371036,2026,2026-09-01,Journal of the European Ceramic Society,09552219,,Article,,Xi'an Technological University,0,False,https://api.elsevier.com/content/abstract/scopus_id/105034371036,scopus,PENDING,NOT_STARTED,,8,192
xBSG-PT piezoelectric ceramics with large transduction coefficient for energy harvesters,10.1016/j.ceramint.2026.05.365,2-s2.0-105041908796,105041908796,2026,2026-08-01,Ceramics International,02728842,,Article,,Shanghai University,0,False,https://api.elsevier.com/content/abstract/scopus_id/105041908796,scopus,PENDING,NOT_STARTED,,8,193
Dual-functional Cr3+-doped InP quantum dots with pure blue emission and room-temperature ferromagnetism,10.1016/j.apmate.2026.100393,2-s2.0-105027734065,105027734065,2026,2026-08-01,Advanced Powder Materials,,,Article,,Fudan University,11,True,https://api.elsevier.com/content/abstract/scopus_id/105027734065,scopus,PENDING,NOT_STARTED,,7,194
Nature of 2D XY antiferromagnetism in a van der Waals monolayer,10.1038/s41467-025-66672-1,2-s2.0-105026462797,105026462797,2026,2026-12-01,Nature Communications,,,Article,,Université de Genève,8,True,https://api.elsevier.com/content/abstract/scopus_id/105026462797,scopus,PENDING,NOT_STARTED,,7,195
Self-buffered epitaxy of barium titanate on oxide insulators enables high-performance electro-optic modulators,10.1038/s41377-025-02081-9,2-s2.0-105026444775,105026444775,2026,2026-12-01,Light Science and Applications,20955545,,Article,,Tsinghua University,5,True,https://api.elsevier.com/content/abstract/scopus_id/105026444775,scopus,PENDING,NOT_STARTED,,7,196
Doping-induced magnetic phase transition enables all-electrical spin control in CrSBr,10.1038/s41467-025-67561-3,2-s2.0-105028426031,105028426031,2026,2026-12-01,Nature Communications,,,Article,,Fudan University,4,True,https://api.elsevier.com/content/abstract/scopus_id/105028426031,scopus,PENDING,NOT_STARTED,,7,197
"Characterization of the microstructural, magnetic, and thermal properties of Fe–45Ni fabricated by laser powder bed fusion",10.1038/s41598-026-37507-w,2-s2.0-105031828713,105031828713,2026,2026-12-01,Scientific Reports,,,Article,,Inha University; Korea Institute of Industrial Technology,2,True,https://api.elsevier.com/content/abstract/scopus_id/105031828713,scopus,PENDING,NOT_STARTED,,7,198
Fine-tuning of indium content on phase transition coupling and magnetocaloric response in Ni-Mn-in alloys,10.1016/j.jmmm.2026.174168,2-s2.0-105037453287,105037453287,2026,2026-08-01,Journal of Magnetism and Magnetic Materials,03048853,,Article,,Yanbian University,2,False,https://api.elsevier.com/content/abstract/scopus_id/105037453287,scopus,PENDING,NOT_STARTED,,7,199
Harnessing multi-channel entropy in high-entropy alloys for Magnetocaloric design,10.1016/j.physleta.2026.131685,2-s2.0-105035539350,105035539350,2026,2026-07-28,Physics Letters Section A General Atomic and Solid State Physics,03759601,,Article,,Jiangsu University of Science and Technology,2,False,https://api.elsevier.com/content/abstract/scopus_id/105035539350,scopus,PENDING,NOT_STARTED,,7,200
Effect of Pb on La0.9Na0.1MnO3: Improvement of sintering densification and magnetocaloric properties,10.1016/j.physb.2026.418701,2-s2.0-105037377839,105037377839,2026,2026-09-01,Physica B Condensed Matter,09214526,,Article,,Université Sultan Moulay Slimane,1,False,https://api.elsevier.com/content/abstract/scopus_id/105037377839,scopus,PENDING,NOT_STARTED,,7,201
"Effects of Ni doping on the structural, vibrational, and magnetic properties and on the hydrogen evolution reaction in the FeNbO4 compound",10.1016/j.jpcs.2026.113756,2-s2.0-105036858095,105036858095,2026,2026-09-01,Journal of Physics and Chemistry of Solids,00223697,,Article,,Universidade Estadual do Ceará,1,True,https://api.elsevier.com/content/abstract/scopus_id/105036858095,scopus,PENDING,NOT_STARTED,,7,202
"Electronic structure, magnetic properties, and magnetocaloric performance of MnNi1-xFexGe (x = 0.15 and 0.18) alloys: A combined KKR-CPA and Monte Carlo study",10.1016/j.matchemphys.2026.132370,2-s2.0-105034257685,105034257685,2026,2026-06-15,Materials Chemistry and Physics,02540584,,Article,,"Laboratoire de Physique du Solide, Université Sidi Mohamed Ben Abdellah",1,False,https://api.elsevier.com/content/abstract/scopus_id/105034257685,scopus,PENDING,NOT_STARTED,,7,203
"Interplay between structural distortion, magnetic inhomogeneity and magnetocaloric effect in Nd0.8Sr0.2Mn1-xCuxO3 manganites",10.1016/j.physb.2026.418632,2-s2.0-105036452463,105036452463,2026,2026-07-15,Physica B Condensed Matter,09214526,,Article,,"Ural Federal University; Institute of Metallurgy, Ural Branch of the Russian Academy of Sciences",1,False,https://api.elsevier.com/content/abstract/scopus_id/105036452463,scopus,PENDING,NOT_STARTED,,7,204
Interplay of structural and magnetic properties in hematite/magnetite anodic nanotubes for photoelectrochemical water splitting,10.1016/j.surfcoat.2026.133556,2-s2.0-105040244160,105040244160,2026,2026-08-01,Surface and Coatings Technology,02578972,,Article,,Universidade do Porto; LaPMET- Laboratório de Física para Materiais e Tecnologias Emergentes,1,True,https://api.elsevier.com/content/abstract/scopus_id/105040244160,scopus,PENDING,NOT_STARTED,,7,205
Narrow band gap and room-temperature ferromagnetism in Cr-doped ZnO nanorods fabricated by electrochemical deposition,10.1038/s41598-026-53278-w,2-s2.0-105040668831,105040668831,2026,2026-12-01,Scientific Reports,,,Article,,University of Ha'il,1,True,https://api.elsevier.com/content/abstract/scopus_id/105040668831,scopus,PENDING,NOT_STARTED,,7,206
Optimizing the magnetocaloric response of FeCoNiMnxSi2-x high-entropy alloys through composition-driven critical phenomenon,10.1016/j.actamat.2026.122298,2-s2.0-105037876491,105037876491,2026,2026-07-01,Acta Materialia,13596454,,Article,,Jiangsu University of Science and Technology,1,False,https://api.elsevier.com/content/abstract/scopus_id/105037876491,scopus,PENDING,NOT_STARTED,,7,207
Origin of the high coercivity in FeNi inspired magnets,10.1038/s41598-026-36990-5,2-s2.0-105029873499,105029873499,2026,2026-12-01,Scientific Reports,,,Article,,Donostia International Physics Center; IMDEA Nanociencia; Universidad Antonio de Nebrija; Universidad Complutense de Madrid Instituto de Magnetismo Aplicado,1,True,https://api.elsevier.com/content/abstract/scopus_id/105029873499,scopus,PENDING,NOT_STARTED,,7,208
Phase-controlled growth of 2D crystals of the MB2T4 family via a flux-assisted method,10.1038/s41467-026-68426-z,2-s2.0-105030357572,105030357572,2026,2026-12-01,Nature Communications,,,Article,,Nanyang Technological University; Beihang University; School of Materials Science and Engineering,1,True,https://api.elsevier.com/content/abstract/scopus_id/105030357572,scopus,PENDING,NOT_STARTED,,7,209
Probing hidden symmetry via nonlinear transport in an altermagnet candidate Ca3Ru2O7,10.1038/s41467-026-69739-9,2-s2.0-105034940623,105034940623,2026,2026-12-01,Nature Communications,,,Article,,Eberly College of Science,1,True,https://api.elsevier.com/content/abstract/scopus_id/105034940623,scopus,PENDING,NOT_STARTED,,7,210
Shape of temperature dependence of spontaneous magnetization of various ferromagnets,10.1016/j.mtla.2026.102793,2-s2.0-105042456512,105042456512,2026,2026-08-01,Materialia,,,Article,,Institute of Physics of the Czech Academy of Sciences,1,True,https://api.elsevier.com/content/abstract/scopus_id/105042456512,scopus,PENDING,NOT_STARTED,,7,211
A crystal graph to vector approach for predicting magnetic properties,10.1038/s41598-026-40902-y,2-s2.0-105036732564,105036732564,2026,2026-12-01,Scientific Reports,,,Article,,Indian Institute of Technology Mandi,0,True,https://api.elsevier.com/content/abstract/scopus_id/105036732564,scopus,PENDING,NOT_STARTED,,7,212
A dual-confined strategy growing 2D nonlayered FeCr2Te4 with coexisting ferrimagnetic-antiferromagnetic state,10.26599/nr.2026.94908675,2-s2.0-105046004233,105046004233,2026,2026-08-01,Nano Research,19980124,,Article,,Shanxi Normal University,0,True,https://api.elsevier.com/content/abstract/scopus_id/105046004233,scopus,PENDING,NOT_STARTED,,7,213
"A structural study and some magnetic properties of the Hf(Fe,Cr)2 series of intermetallic compounds",10.1016/j.jssc.2026.126145,2-s2.0-105041082691,105041082691,2026,2026-10-01,Journal of Solid State Chemistry,00224596,,Article,,Université de Lorraine,0,True,https://api.elsevier.com/content/abstract/scopus_id/105041082691,scopus,PENDING,NOT_STARTED,,7,214
"Ab initio Calculations and Monte Carlo study of the electronic, optical, thermoelectric, and magnetocaloric properties of Sr2CrOsO6 validated by experimental results",10.1016/j.ceramint.2026.04.224,2-s2.0-105039004417,105039004417,2026,2026-06-01,Ceramics International,02728842,,Article,,"Laboratoire de Physique du Solide, Université Sidi Mohamed Ben Abdellah",0,False,https://api.elsevier.com/content/abstract/scopus_id/105039004417,scopus,PENDING,NOT_STARTED,,7,215
Anisotropic Ferromagnetism in CrAu3Sb6,10.1021/acs.chemmater.6c00999,2-s2.0-105041297590,105041297590,2026,2026-06-09,Chemistry of Materials,08974756,,Article,,Oak Ridge National Laboratory,0,True,https://api.elsevier.com/content/abstract/scopus_id/105041297590,scopus,PENDING,NOT_STARTED,,7,216
Anisotropic multi-Q order in CoxTaS2,10.1038/s41535-026-00856-w,2-s2.0-105041223000,105041223000,2026,2026-12-01,Npj Quantum Materials,,,Article,,"University of California, Berkeley; Lawrence Berkeley National Laboratory",0,True,https://api.elsevier.com/content/abstract/scopus_id/105041223000,scopus,PENDING,NOT_STARTED,,7,217
"B-site engineering of Pr0.65Ca0.30Sr0.05MnO3 through Fe and Co substitution: Correlating valence state, structure, magnetism and magnetocaloric performance",10.1016/j.jmmm.2026.174478,2-s2.0-105046716333,105046716333,2026,2026-10-15,Journal of Magnetism and Magnetic Materials,03048853,,Article,,"College of Science, Sultan Qaboos University",0,False,https://api.elsevier.com/content/abstract/scopus_id/105046716333,scopus,PENDING,NOT_STARTED,,7,218
"Carrier-controlled ferromagnetism and resistivity anomalies in S,N Co-doped ZnMnO thin films",10.1088/1361-6641/ae7ca7,2-s2.0-105043538994,105043538994,2026,2026-07-01,Semiconductor Science and Technology,02681242,,Article,,National University of Uzbekistan named after Mirzo Ulugbek,0,True,https://api.elsevier.com/content/abstract/scopus_id/105043538994,scopus,PENDING,NOT_STARTED,,7,219
Cluster and network formation in Fe–Si–B amorphous alloys: a machine learning molecular dynamics study,10.1088/1361-648x/ae74a2,2-s2.0-105041686136,105041686136,2026,2026-06-12,Journal of Physics Condensed Matter,09538984,,Article,,Shimane University,0,True,https://api.elsevier.com/content/abstract/scopus_id/105041686136,scopus,PENDING,NOT_STARTED,,7,220
Collapse of Jahn-Teller phonons in La1−xSrxMnO3 with weak magnetoresistance,10.1038/s43246-026-01139-4,2-s2.0-105039109303,105039109303,2026,2026-12-01,Communications Materials,,,Article,,University of Colorado Boulder,0,True,https://api.elsevier.com/content/abstract/scopus_id/105039109303,scopus,PENDING,NOT_STARTED,,7,221
Competing magnetic order in EuPd(Formula presented) (Formula presented)Si(Formula presented) (Formula presented),10.1088/1367-2630/ae8ffe,2-s2.0-105046856268,105046856268,2026,2026-08-01,New Journal of Physics,,,Article,,Goethe-Universität Frankfurt am Main,0,True,https://api.elsevier.com/content/abstract/scopus_id/105046856268,scopus,PENDING,NOT_STARTED,,7,222
"Complex magnetic exchange, anisotropy and skyrmionic textures in 2D ferromagnets with transition metals and chalcogens",10.1038/s41699-026-00691-4,2-s2.0-105035914816,105035914816,2026,2026-12-01,Npj 2d Materials and Applications,,,Article,,Uppsala Universitet,0,True,https://api.elsevier.com/content/abstract/scopus_id/105035914816,scopus,PENDING,NOT_STARTED,,7,223
Compositional dependence of magnetic state and thermodynamic properties of Ni50Mn50-xSnx alloys,10.1016/j.jallcom.2026.189750,2-s2.0-105044419686,105044419686,2026,2026-07-25,Journal of Alloys and Compounds,09258388,,Article,,Universität Wien; University for Continuing Education Krems; V.G. Baryakhtar Institute of Magnetism of the National Academy of Sciences of Ukraine,0,True,https://api.elsevier.com/content/abstract/scopus_id/105044419686,scopus,PENDING,NOT_STARTED,,7,224
Deep Learning Surrogate Models for Nonlinear Magneto-Thermal Analysis of TEAM Problem 36,10.3390/en19133013,2-s2.0-105044542435,105044542435,2026,2026-07-01,Energies,,,Article,,Università degli Studi di Pavia,0,True,https://api.elsevier.com/content/abstract/scopus_id/105044542435,scopus,PENDING,NOT_STARTED,,7,225
Defect engineering of DC-sputtered GdN thin films: tuning soft ferromagnetism via nitrogen vacancy,10.1088/1361-6463/ae9297,2-s2.0-105047080117,105047080117,2026,2026-08-07,Journal of Physics D Applied Physics,00223727,,Article,,Indian Institute of Science,0,True,https://api.elsevier.com/content/abstract/scopus_id/105047080117,scopus,PENDING,NOT_STARTED,,7,226
Design of an optimized two-stage active magnetic regenerator (AMR) for hydrogen liquefaction,10.1016/j.ijrefrig.2026.107008,2-s2.0-105041381363,105041381363,2026,2026-09-01,International Journal of Refrigeration,01407007,,Article,,Technical University of Denmark,0,True,https://api.elsevier.com/content/abstract/scopus_id/105041381363,scopus,PENDING,NOT_STARTED,,7,227
"DFT and Monte Carlo study of the structural, elastic, electronic, magnetic, and magnetocaloric properties of the quaternary heusler alloy CoFeMnSi for magnetic refrigeration applications",10.1007/s10853-026-13080-5,2-s2.0-105042625524,105042625524,2026,2026-08-01,Journal of Materials Science,00222461,,Article,,Faculté des Sciences Rabat,0,False,https://api.elsevier.com/content/abstract/scopus_id/105042625524,scopus,PENDING,NOT_STARTED,,7,228
Dislocation-Mediated Lattice Distortion and Griffiths Phase Behavior in Melt-Spun Ni2MnSb Ribbons,10.1002/advs.75824,2-s2.0-105039813904,105039813904,2026,2026-08-17,Advanced Science,,,Article,,"School of Physics, Xi'an Jiaotong University",0,True,https://api.elsevier.com/content/abstract/scopus_id/105039813904,scopus,PENDING,NOT_STARTED,,7,229
Dynamic Thermal Management: Thermoelectric Vortices and Dynamic Tunable Magnetic Phase Transitions via Dynamic Chiral Thomson Effect on Rotating Conductors Exposed to Chopped Laser Beam,10.3390/e28060661,2-s2.0-105042904076,105042904076,2026,2026-06-01,Entropy,,,Article,,Sapienza Università di Roma,0,True,https://api.elsevier.com/content/abstract/scopus_id/105042904076,scopus,PENDING,NOT_STARTED,,7,230
"Effect of Ag doping on the structure, morphology and magnetocaloric properties of La0.67Ca0.205Sr0.125MnO3",10.1007/s00339-026-09804-8,2-s2.0-105041270363,105041270363,2026,2026-07-01,Applied Physics A Materials Science and Processing,09478396,,Article,,Guilin University of Technology,0,False,https://api.elsevier.com/content/abstract/scopus_id/105041270363,scopus,PENDING,NOT_STARTED,,7,231
Effective critical behavior driven by magnetic inhomogeneity in Fe-doped manganites,10.1016/j.physb.2026.418808,2-s2.0-105038786384,105038786384,2026,2026-09-15,Physica B Condensed Matter,09214526,,Article,,Université de Sherbrooke,0,True,https://api.elsevier.com/content/abstract/scopus_id/105038786384,scopus,PENDING,NOT_STARTED,,7,232
Emergent Spin Fluctuation and Structural Metastability in Self-Intercalated Cr1+xTe2 Compounds,10.1002/aelm.202500599,2-s2.0-105028306605,105028306605,2026,2026-07-06,Advanced Electronic Materials,,,Article,,College of Arts and Science,0,True,https://api.elsevier.com/content/abstract/scopus_id/105028306605,scopus,PENDING,NOT_STARTED,,7,233
Engineering of Crystallinity to Amplify Chiroptical Activity of TiO2 Nanohelices for Enhancing Dissymmetric Circularly Polarized Photocatalysis,10.1002/adfm.76894,2-s2.0-105043895729,105043895729,2026,2026-07-30,Advanced Functional Materials,1616301X,,Article,,Chinese University of Hong Kong; Shenzhen Polytechnic University,0,True,https://api.elsevier.com/content/abstract/scopus_id/105043895729,scopus,PENDING,NOT_STARTED,,7,234
Engineering Sr-Site Vacancies to Tailor Magnetocaloric and Magnetic Properties in Gd-Doped La0.67Sr0.33MnO3,10.1002/slct.74128,2-s2.0-105047429245,105047429245,2026,2026-08-17,Chemistryselect,,,Article,,Academy of Scientific and Innovative Research (AcSIR); Indian Institute of Chemical Technology,0,False,https://api.elsevier.com/content/abstract/scopus_id/105047429245,scopus,PENDING,NOT_STARTED,,7,235
Enhanced piezoelectricity in PZT via positive ion deposition using atmospheric pressure volume plasma,10.1088/1361-6463/ae9485,2-s2.0-105047661911,105047661911,2026,2026-08-14,Journal of Physics D Applied Physics,00223727,,Article,,University of Mazandaran,0,True,https://api.elsevier.com/content/abstract/scopus_id/105047661911,scopus,PENDING,NOT_STARTED,,7,236
Enhancement of magnetocaloric effect by inducing ferromagnetic exchange interactions in SmCaCoMnO6,10.1007/s10854-026-18170-3,2-s2.0-105046624448,105046624448,2026,2026-08-01,Journal of Materials Science Materials in Electronics,09574522,,Article,,Indian Institute of Science Education and Research Thiruvananthapuram,0,False,https://api.elsevier.com/content/abstract/scopus_id/105046624448,scopus,PENDING,NOT_STARTED,,7,237
"Eu–Co co-doping induced tuning of structural, optical band gap, magnetic, and magnetocaloric properties in M-type strontium hexaferrites",10.1016/j.ceramint.2026.04.423,2-s2.0-105038760945,105038760945,2026,2026-07-01,Ceramics International,02728842,,Article,,Faculté des Sciences de Monastir,0,False,https://api.elsevier.com/content/abstract/scopus_id/105038760945,scopus,PENDING,NOT_STARTED,,7,238
Explainable machine learning framework for predicting (BH)max in permanent magnets using experimentally measurable magnetic descriptors,10.1016/j.mtcomm.2026.115939,2-s2.0-105047793578,105047793578,2026,2026-07-01,Materials Today Communications,,,Article,,Deenbandhu Chhotu Ram University of Science and Technology,0,True,https://api.elsevier.com/content/abstract/scopus_id/105047793578,scopus,PENDING,NOT_STARTED,,7,239
"Fast reactive spark plasma sintering formation of magnetocaloric (Dy,Tb)Ni2 solid solutions",10.1016/j.jallcom.2026.189279,2-s2.0-105042235119,105042235119,2026,2026-07-05,Journal of Alloys and Compounds,09258388,,Article,,"Instituto Potosino de Investigación Científica y Tecnológica, A.C.",0,False,https://api.elsevier.com/content/abstract/scopus_id/105042235119,scopus,PENDING,NOT_STARTED,,7,240
"First-principles and Monte Carlo investigation of structural, electronic, thermodynamic, magnetic, and magnetocaloric properties of TbMn2 validated by experiments",10.1016/j.cocom.2026.e01350,2-s2.0-105041300604,105041300604,2026,2026-10-01,Computational Condensed Matter,,,Article,,"Laboratoire de Physique du Solide, Université Sidi Mohamed Ben Abdellah",0,False,https://api.elsevier.com/content/abstract/scopus_id/105041300604,scopus,PENDING,NOT_STARTED,,7,241
"First-principles study of magnetic and spin-dependent transport properties of Mn2VZ (Z = Al, Ga) with negative spin polarization using a disordered local moment approach at finite temperatures",10.1103/4pf9-fz9w,2-s2.0-105042090531,105042090531,2026,2026-06-01,Physical Review Materials,,,Article,,Max Planck Institute for Chemical Physics of Solids,0,True,https://api.elsevier.com/content/abstract/scopus_id/105042090531,scopus,PENDING,NOT_STARTED,,7,242
Form factors of Δ(1232) and the electromagnetic N-Δ transition,10.1140/epjc/s10052-026-15889-5,2-s2.0-105042586338,105042586338,2026,2026-06-01,European Physical Journal C,14346044,,Article,,"University of Chinese Academy of Sciences; Institute of High Energy Physics, Chinese Academy of Sciences",0,True,https://api.elsevier.com/content/abstract/scopus_id/105042586338,scopus,PENDING,NOT_STARTED,,7,243
From film to flakes: Electronic properties and magnetization variations in yttrium iron garnet,10.1016/j.jmmm.2026.174502,2-s2.0-105047799175,105047799175,2026,2026-10-15,Journal of Magnetism and Magnetic Materials,03048853,,Article,,Universität Konstanz,0,True,https://api.elsevier.com/content/abstract/scopus_id/105047799175,scopus,PENDING,NOT_STARTED,,7,244
From magnetic anomaly to geothermal resource: An updated Curie depth map for the geothermal assessment of Colombia,10.1016/j.geothermics.2026.103789,2-s2.0-105046361210,105046361210,2026,2026-12-01,Geothermics,03756505,,Article,,Universidad Nacional de Colombia,0,True,https://api.elsevier.com/content/abstract/scopus_id/105046361210,scopus,PENDING,NOT_STARTED,,7,245
Giant Exfoliation Induced Magnetic Coercivity in Fe3GaTe2,10.1002/aelm.70493,2-s2.0-105045654123,105045654123,2026,2026-08-10,Advanced Electronic Materials,,,Article,,National High Magnetic Field Laboratory; College of Arts and Sciences,0,True,https://api.elsevier.com/content/abstract/scopus_id/105045654123,scopus,PENDING,NOT_STARTED,,7,246
Heat-Laminated P(VDF-TrFE) Piezoelectric Sensors for Rigid and Textile Substrates,10.1109/lsens.2026.3703485,2-s2.0-105043168304,105043168304,2026,2026-07-01,IEEE Sensors Letters,,,Article,,Tampere University,0,True,https://api.elsevier.com/content/abstract/scopus_id/105043168304,scopus,PENDING,NOT_STARTED,,7,247
High temperature Néel skyrmions in simple ferromagnets,10.1038/s41467-026-73775-w,2-s2.0-105040991574,105040991574,2026,2026-12-01,Nature Communications,,,Article,,Max Planck Institute of Microstructure Physics,0,True,https://api.elsevier.com/content/abstract/scopus_id/105040991574,scopus,PENDING,NOT_STARTED,,7,248
Influence of an Electromagnetic Field on Direct Reduction of Iron Oxide Using Hydrogen as a Reducing Agent,10.1002/srin.202501124,2-s2.0-105034662446,105034662446,2026,2026-08-01,Steel Research International,16113683,,Article,,Technische Universität Bergakademie Freiberg,0,True,https://api.elsevier.com/content/abstract/scopus_id/105034662446,scopus,PENDING,NOT_STARTED,,7,249
Influence of lattice expansion on Cr ferromagnetism in Ce(1–x)La(x)CrGe3 compounds revealed by atomic-scale measurements,10.1088/1361-648x/ae8634,2-s2.0-105045671587,105045671587,2026,2026-07-17,Journal of Physics Condensed Matter,09538984,,Article,,Universidade de São Paulo,0,True,https://api.elsevier.com/content/abstract/scopus_id/105045671587,scopus,PENDING,NOT_STARTED,,7,250
Insights into magnetic ordering and magnetocaloric response in La2/3Ca1/3MnO3,10.1016/j.jmmm.2026.174382,2-s2.0-105043972522,105043972522,2026,2026-10-01,Journal of Magnetism and Magnetic Materials,03048853,,Article,,Universidade Federal de Sao Joao del-Rei,0,False,https://api.elsevier.com/content/abstract/scopus_id/105043972522,scopus,PENDING,NOT_STARTED,,7,251
"Integrating deep-learning-based magnetic model and non-collinear spin-constrained method: methodology, implementation and application",10.1038/s41524-025-01923-9,2-s2.0-105028656862,105028656862,2026,2026-12-01,Npj Computational Materials,,,Article,,AI for Science Institute,0,True,https://api.elsevier.com/content/abstract/scopus_id/105028656862,scopus,PENDING,NOT_STARTED,,7,252
Interfacial chirality-induced magnetic-field-free switching with high energy efficiency in all-vdW heterostructures,10.1038/s41467-026-75548-x,2-s2.0-105047774279,105047774279,2026,2026-12-01,Nature Communications,,,Article,,Seoul National University; Washington University in St. Louis,0,True,https://api.elsevier.com/content/abstract/scopus_id/105047774279,scopus,PENDING,NOT_STARTED,,7,253
"Investigation of Magnetocaloric, Magnetic, and Electronic Properties of MnCoxFe1-xP Compounds Using Density Functional Theory and Monte Carlo Simulations",10.1016/j.jmmm.2026.174019,2-s2.0-105034486557,105034486557,2026,2026-06-15,Journal of Magnetism and Magnetic Materials,03048853,,Article,,"Laboratoire de Physique du Solide, Université Sidi Mohamed Ben Abdellah",0,False,https://api.elsevier.com/content/abstract/scopus_id/105034486557,scopus,PENDING,NOT_STARTED,,7,254
"INVESTIGATION OF THE FUNCTIONAL PROPERTIES OF STRONTIUM HEXAFERRITE SrFe12-xCrxO19, DOPED WITH CHROMIUM, WITH A DEGREE OF SUBSTITUTION X UP TO 7.5",10.59957/jctm.v61.i4.2026.16,2-s2.0-105043446783,105043446783,2026,2026-07-01,Journal of Chemical Technology and Metallurgy,13147471,,Article,,South Ural State University,0,True,https://api.elsevier.com/content/abstract/scopus_id/105043446783,scopus,PENDING,NOT_STARTED,,7,255
Kagome-Lattice Magnetic Catalysts: Electric Potential and Magnetic Field Dual Modulation for Enhanced Oxygen Reduction Reaction,10.1038/s41524-026-02229-0,2-s2.0-105045295702,105045295702,2026,2026-12-01,Npj Computational Materials,,,Article,,Zhejiang University of Technology; Anhui Normal University,0,True,https://api.elsevier.com/content/abstract/scopus_id/105045295702,scopus,PENDING,NOT_STARTED,,7,256
Laser powder bed fusion of Invar 36 soft magnets for dimensionally stable magnetic shielding applications,10.1016/j.jallcom.2026.188865,2-s2.0-105040540987,105040540987,2026,2026-06-15,Journal of Alloys and Compounds,09258388,,Article,,Loughborough University,0,True,https://api.elsevier.com/content/abstract/scopus_id/105040540987,scopus,PENDING,NOT_STARTED,,7,257
Lattice dynamics and magnetism of sigma-phase Fe50.7Cr46.7Ni2.6 compound: Mössbauer spectroscopic study,10.1016/j.jallcom.2026.190226,2-s2.0-105047029729,105047029729,2026,2026-09-25,Journal of Alloys and Compounds,09258388,,Article,,AGH University of Krakow,0,True,https://api.elsevier.com/content/abstract/scopus_id/105047029729,scopus,PENDING,NOT_STARTED,,7,258
Lithospheric Thermal Structure Beneath East Antarctica Derived from Aeromagnetic Anomaly Analysis,10.3390/rs18111704,2-s2.0-105041556673,105041556673,2026,2026-06-01,Remote Sensing,,,Article,,Ministry of Emergency Management of China,0,True,https://api.elsevier.com/content/abstract/scopus_id/105041556673,scopus,PENDING,NOT_STARTED,,7,259
Local magnetic inhomogeneity and weak ferromagnetism in Al-substituted goethite (α-Fe1-xAlxOOH),10.1016/j.matchemphys.2026.132813,2-s2.0-105041662001,105041662001,2026,2026-09-01,Materials Chemistry and Physics,02540584,,Article,,"Universidade Estadual Paulista ""Júlio de Mesquita Filho""",0,True,https://api.elsevier.com/content/abstract/scopus_id/105041662001,scopus,PENDING,NOT_STARTED,,7,260
Localised heating effects on AT-cut Quartz Crystal Microbalances: Experimental characterisation through admittance measurements,10.1016/j.sna.2026.117801,2-s2.0-105034743748,105034743748,2026,2026-08-01,Sensors and Actuators A Physical,09244247,,Article,,Politecnico di Milano,0,True,https://api.elsevier.com/content/abstract/scopus_id/105034743748,scopus,PENDING,NOT_STARTED,,7,261
Low electric field-induced ultrahigh strain in lead-free piezoelectric via synergistic approach of phase and defect engineering,10.1016/j.apmate.2026.100429,2-s2.0-105042286836,105042286836,2026,2026-12-01,Advanced Powder Materials,,,Article,,Central South University; Huizhou University,0,True,https://api.elsevier.com/content/abstract/scopus_id/105042286836,scopus,PENDING,NOT_STARTED,,7,262
Machine learning-driven identification of key factors influencing hydrogen storage performance in metal hydrides,10.1063/5.0316457,2-s2.0-105047330578,105047330578,2026,2026-08-01,Aip Advances,,,Article,,Jimei University,0,True,https://api.elsevier.com/content/abstract/scopus_id/105047330578,scopus,PENDING,NOT_STARTED,,7,263
Magnetic and magnetocaloric properties of nanosized Pr0.7Sr0.2A0.1MnO3 (A = K and Na) compounds,10.1016/j.ijrefrig.2026.107073,2-s2.0-105046958908,105046958908,2026,2026-11-01,International Journal of Refrigeration,01407007,,Article,,University of Sfax,0,False,https://api.elsevier.com/content/abstract/scopus_id/105046958908,scopus,PENDING,NOT_STARTED,,7,264
Magnetic clusters in the paramagnetic phase of a high-temperature ferromagnetic metal–organic framework,10.1038/s43246-026-01142-9,2-s2.0-105039613733,105039613733,2026,2026-12-01,Communications Materials,,,Article,,Università degli Studi di Pavia,0,True,https://api.elsevier.com/content/abstract/scopus_id/105039613733,scopus,PENDING,NOT_STARTED,,7,265
Magnetic criticality and the Griffiths phase modulation through particle size engineering in La0.7Sr0.3MnO3 system,10.1088/1361-648x/ae8a2d,2-s2.0-105045684098,105045684098,2026,2026-07-24,Journal of Physics Condensed Matter,09538984,,Article,,University of Hyderabad,0,True,https://api.elsevier.com/content/abstract/scopus_id/105045684098,scopus,PENDING,NOT_STARTED,,7,266
Magnetic field-induced transformation in polycrystalline Ni2MnAl Heusler type magnetic shape memory alloy,10.1016/j.nxmate.2026.102230,2-s2.0-105039003057,105039003057,2026,2026-07-01,Next Materials,,,Article,,College of Engineering and Computing,0,True,https://api.elsevier.com/content/abstract/scopus_id/105039003057,scopus,PENDING,NOT_STARTED,,7,267
"Magnetic ground state, evolution, and critical dynamics in the new generation diluted ferromagnetic semiconductors Li(Zn,Mn)As: a(Formula presented) (Formula presented)SR perspective",10.1088/2752-5724/ae84ef,2-s2.0-105045842253,105045842253,2026,2026-12-01,Materials Futures,,,Article,,University of Chinese Academy of Sciences; Columbia University; Institute of Physics Chinese Academy of Sciences,0,True,https://api.elsevier.com/content/abstract/scopus_id/105045842253,scopus,PENDING,NOT_STARTED,,7,268
Magnetic phase diagram and Fermi surface properties of the heavy-fermion antiferromagnet UPd2Cd20,10.1088/1361-648x/ae72e0,2-s2.0-105041852665,105041852665,2026,2026-06-26,Journal of Physics Condensed Matter,09538984,,Article,,Japan Atomic Energy Agency; Niigata University,0,True,https://api.elsevier.com/content/abstract/scopus_id/105041852665,scopus,PENDING,NOT_STARTED,,7,269
"Magnetic properties and magnetocaloric effect in RCr0.3Ge2 (R = Ho, Er) compounds",10.1063/5.0326823,2-s2.0-105042131185,105042131185,2026,2026-06-21,Journal of Applied Physics,00218979,,Article,,"School of Materials Science and Engineering, Anhui University",0,False,https://api.elsevier.com/content/abstract/scopus_id/105042131185,scopus,PENDING,NOT_STARTED,,7,270
Magnetocaloric effect of Tm0.2Y0.8Ga compound at liquid helium temperature,10.1016/j.jmmm.2026.174235,2-s2.0-105039339458,105039339458,2026,2026-09-15,Journal of Magnetism and Magnetic Materials,03048853,,Article,,University of Science and Technology Beijing,0,False,https://api.elsevier.com/content/abstract/scopus_id/105039339458,scopus,PENDING,NOT_STARTED,,7,271
Magnetocaloric performance of electro-spun Ho₆FeSb₂–PVDF composite fibers for magnetic cooling,10.1016/j.jallcom.2026.189621,2-s2.0-105043934280,105043934280,2026,2026-07-25,Journal of Alloys and Compounds,09258388,,Article,,National Institute of Technology Tiruchirappalli,0,False,https://api.elsevier.com/content/abstract/scopus_id/105043934280,scopus,PENDING,NOT_STARTED,,7,272
Magnetocaloric properties and Griffiths-phase behavior in Fe-doped Nd0.6Sr0.4MnO3 manganites with short-range magnetic correlations,10.1016/j.jmmm.2026.174319,2-s2.0-105041626309,105041626309,2026,2026-10-01,Journal of Magnetism and Magnetic Materials,03048853,,Article,,Chungbuk National University,0,False,https://api.elsevier.com/content/abstract/scopus_id/105041626309,scopus,PENDING,NOT_STARTED,,7,273
Magnetocaloric properties of electrolytically hydrogenated La1.2Fe11.2Cr0.3Si1.5-xBx,10.1016/j.jallcom.2026.189139,2-s2.0-105041184999,105041184999,2026,2026-06-30,Journal of Alloys and Compounds,09258388,,Article,,Hanyang University,0,False,https://api.elsevier.com/content/abstract/scopus_id/105041184999,scopus,PENDING,NOT_STARTED,,7,274
Magnetoelastic coupling and magnetic phase transition in ThMn12-type TbFe11.35Nb0.65,10.1016/j.intermet.2026.109389,2-s2.0-105041282544,105041282544,2026,2026-10-01,Intermetallics,09669795,,Article,,Dongguan University of Technology; College of Physics,0,True,https://api.elsevier.com/content/abstract/scopus_id/105041282544,scopus,PENDING,NOT_STARTED,,7,275
Magnetotransport properties of layered Fe3GeTe2 crystals,10.1088/2515-7639/ae5345,2-s2.0-105035251828,105035251828,2026,2026-06-01,Jphys Materials,,,Article,,University of Louisville,0,True,https://api.elsevier.com/content/abstract/scopus_id/105035251828,scopus,PENDING,NOT_STARTED,,7,276
"Magnetovolume effects, magnetic critical behavior, and magnetocaloric properties of ThMn12-type RFe10Si2 (R = Er, Ho, Dy) compounds",10.1016/j.ceramint.2026.05.449,2-s2.0-105040760068,105040760068,2026,2026-07-01,Ceramics International,02728842,,Article,,Chongqing Normal University,0,False,https://api.elsevier.com/content/abstract/scopus_id/105040760068,scopus,PENDING,NOT_STARTED,,7,277
Magnon damping as a probe of Kondo coupling in magnetically ordered systems,10.1038/s41467-026-70241-5,2-s2.0-105035842454,105035842454,2026,2026-12-01,Nature Communications,,,Article,,Nanjing University,0,True,https://api.elsevier.com/content/abstract/scopus_id/105035842454,scopus,PENDING,NOT_STARTED,,7,278
"Many-body electronic structure, self-doped double-exchange, and Hund metallicity in 1T-CrTe2 bulk and monolayer",10.1038/s41699-026-00670-9,2-s2.0-105033812750,105033812750,2026,2026-12-01,Npj 2d Materials and Applications,,,Article,,Korea Advanced Institute of Science and Technology,0,True,https://api.elsevier.com/content/abstract/scopus_id/105033812750,scopus,PENDING,NOT_STARTED,,7,279
Microstructure and magnetocaloric behavior of melt-extracted La(FexSi1–x)13 microwires subjected to short-time annealing,10.1016/j.jmmm.2026.174219,2-s2.0-105039197906,105039197906,2026,2026-09-01,Journal of Magnetism and Magnetic Materials,03048853,,Article,,"School of Materials Science and Engineering, Harbin Institute of Technology; Henan University of Engineering; Anhui Hengli Additive Manufacturing Technology Co., Ltd.",0,False,https://api.elsevier.com/content/abstract/scopus_id/105039197906,scopus,PENDING,NOT_STARTED,,7,280
Multi-objective optimization of thermal switch-regulated pyroelectric cycles for high-performance energy conversion,10.1088/2631-8695/ae7936,2-s2.0-105042175113,105042175113,2026,2026-06-01,Engineering Research Express,,,Article,,J.B. Speed School of Engineering,0,True,https://api.elsevier.com/content/abstract/scopus_id/105042175113,scopus,PENDING,NOT_STARTED,,7,281
Multifunctional properties of manganese pnictides: A first-principles study on magneto-optics and magnetocaloric properties,10.1103/qrsh-1cjs,2-s2.0-105045219321,105045219321,2026,2026-07-01,Physical Review Materials,,,Article,,Central University of Tamil Nadu,0,False,https://api.elsevier.com/content/abstract/scopus_id/105045219321,scopus,PENDING,NOT_STARTED,,7,282
Nearly full magnetization recovery after a strong collision between Fe nanoparticles,10.1103/b3q5-2c4k,2-s2.0-105043160209,105043160209,2026,2026-06-01,Physical Review Materials,,,Article,,Centro para el Desarrollo de la Nanociencia y Nanotecnología,0,True,https://api.elsevier.com/content/abstract/scopus_id/105043160209,scopus,PENDING,NOT_STARTED,,7,283
"Ni2Mn-based pseudo-Heusler alloys: Effects of Fe substitution, grinding and heat treatment conditions on magneto-structural properties",10.1016/j.jallcom.2026.189494,2-s2.0-105044406050,105044406050,2026,2026-07-25,Journal of Alloys and Compounds,09258388,,Article,,Universidade Federal do Espírito Santo,0,True,https://api.elsevier.com/content/abstract/scopus_id/105044406050,scopus,PENDING,NOT_STARTED,,7,284
Nonlinear Transverse Transport in a Ferromagnetic Polar Metal,10.1002/aelm.202500743,2-s2.0-105041119154,105041119154,2026,2026-07-06,Advanced Electronic Materials,,,Article,,Fudan University,0,True,https://api.elsevier.com/content/abstract/scopus_id/105041119154,scopus,PENDING,NOT_STARTED,,7,285
Observation of Raman anomaly and characterization of magnetic phases in van der Waals ferromagnet Fe5GeTe2,10.1088/2515-7639/ae5344,2-s2.0-105034261195,105034261195,2026,2026-06-01,Jphys Materials,,,Article,,Birla Institute of Technology and Science-Pilani,0,True,https://api.elsevier.com/content/abstract/scopus_id/105034261195,scopus,PENDING,NOT_STARTED,,7,286
Optimizing magnetocaloric effect through Pr3+-induced structural modulation in layered La1.4Sr1.6Mn2O7 system,10.1016/j.icheatmasstransfer.2026.112377,2-s2.0-105047923286,105047923286,2026,2026-10-01,International Communications in Heat and Mass Transfer,07351933,,Article,,Nanjing Normal University,0,False,https://api.elsevier.com/content/abstract/scopus_id/105047923286,scopus,PENDING,NOT_STARTED,,7,287
Outstanding TC Enhancement in 5d–3d Y2NiIrO6 by Compression,10.1002/advs.75739,2-s2.0-105039649824,105039649824,2026,2026-08-13,Advanced Science,,,Article,,Institute of Physics Chinese Academy of Sciences,0,True,https://api.elsevier.com/content/abstract/scopus_id/105039649824,scopus,PENDING,NOT_STARTED,,7,288
Phase Transformation and Magnetic Properties of Rapidly Solidified Mn-Al Alloys,10.3390/condmat11020012,2-s2.0-105042906392,105042906392,2026,2026-06-01,Condensed Matter,,,Article,,Instituto de Investigaciones en Materiales,0,True,https://api.elsevier.com/content/abstract/scopus_id/105042906392,scopus,PENDING,NOT_STARTED,,7,289
Physical properties and anisotropic magnetism of EuBi2,10.1016/j.jmmm.2026.174380,2-s2.0-105043454080,105043454080,2026,2026-10-01,Journal of Magnetism and Magnetic Materials,03048853,,Article,,"Sandia National Laboratories, New Mexico; Center for Integrated Nanotechnologies",0,True,https://api.elsevier.com/content/abstract/scopus_id/105043454080,scopus,PENDING,NOT_STARTED,,7,290
"Phytochemical-driven engineering of spinel CoFe₂O₄ nanoferrites: correlating structural, magnetic, and anticancer properties using green self-ignition synthesis",10.1007/s10971-026-07219-8,2-s2.0-105046280089,105046280089,2026,2026-08-01,Journal of Sol Gel Science and Technology,09280707,,Article,,Faculty of Science,0,True,https://api.elsevier.com/content/abstract/scopus_id/105046280089,scopus,PENDING,NOT_STARTED,,7,291
"Predicting the magnetic, magnetocaloric behavior of Ba0.5Ca0.5NdxFe12-xO19 (x = 0.0, 0.1) M type hexaferrites using artificial neural networks",10.1016/j.ceramint.2026.06.080,2-s2.0-105042592452,105042592452,2026,2026-08-01,Ceramics International,02728842,,Article,,Faculté des Sciences de Monastir,0,False,https://api.elsevier.com/content/abstract/scopus_id/105042592452,scopus,PENDING,NOT_STARTED,,7,292
Preparation and physical properties of LuFe2O4±x polycrystalline samples with different oxygen contents,10.1016/j.nxmate.2026.103040,2-s2.0-105046580279,105046580279,2026,2026-10-01,Next Materials,,,Article,,Xi'an Jiaotong University; Institute of Physics Chinese Academy of Sciences,0,True,https://api.elsevier.com/content/abstract/scopus_id/105046580279,scopus,PENDING,NOT_STARTED,,7,293
Rational synthesis of a new Haldane chain compound by predicted pressure-induced phase modification,10.1038/s41524-026-02098-7,2-s2.0-105043737688,105043737688,2026,2026-12-01,Npj Computational Materials,,,Article,,Sun Yat-Sen University; Jiaying University,0,True,https://api.elsevier.com/content/abstract/scopus_id/105043737688,scopus,PENDING,NOT_STARTED,,7,294
Realization of room-temperature magnetism and multistep magnetization switching in 2D metallic ferrimagnets,10.1126/sciadv.aee0391,2-s2.0-105043669819,105043669819,2026,2026-06-24,Science Advances,,,Article,,Peking University; Beijing University of Technology,0,True,https://api.elsevier.com/content/abstract/scopus_id/105043669819,scopus,PENDING,NOT_STARTED,,7,295
Room Temperature Ferromagnetic GdO Epitaxial Thin Film without the Gd2O3 Impurity Phase: Metallic Electronic States and Thickness Dependence of Magnetic and Electrical Properties,10.1021/acsaelm.6c00672,2-s2.0-105044944344,105044944344,2026,2026-07-14,ACS Applied Electronic Materials,,,Article,,Tohoku University,0,True,https://api.elsevier.com/content/abstract/scopus_id/105044944344,scopus,PENDING,NOT_STARTED,,7,296
Room temperature Magnetocaloric properties of polyol process derived Ni-Cu-Fe alloy for magnetic refrigeration applications,10.1016/j.jmmm.2026.174223,2-s2.0-105039461986,105039461986,2026,2026-09-15,Journal of Magnetism and Magnetic Materials,03048853,,Article,,Karpagam Academy of Higher Education,0,False,https://api.elsevier.com/content/abstract/scopus_id/105039461986,scopus,PENDING,NOT_STARTED,,7,297
Room-temperature ferrimagnetism and polar phase in strained La2CoRuO6 films through 3d-4d cation engineering,10.1038/s41467-026-70125-8,2-s2.0-105037545857,105037545857,2026,2026-12-01,Nature Communications,,,Article,,Nanjing University of Aeronautics and Astronautics,0,True,https://api.elsevier.com/content/abstract/scopus_id/105037545857,scopus,PENDING,NOT_STARTED,,7,298
Seeded Vapor Phase Growth of Fe-Intercalated Fe3GeTe2 Nanoplates with Large Coercive Field,10.1021/acs.nanolett.6c01803,2-s2.0-105047903228,105047903228,2026,2026-08-19,Nano Letters,,,Article,,University of Wisconsin-Madison,0,True,https://api.elsevier.com/content/abstract/scopus_id/105047903228,scopus,PENDING,NOT_STARTED,,7,299
Short-range ferromagnetic correlations and magnetocaloric effect in R6CoSb2 (R = Ho and Dy) compounds,10.1016/j.materresbull.2026.114340,2-s2.0-105045699803,105045699803,2026,2026-11-01,Materials Research Bulletin,00255408,,Article,,National Institute of Technology Tiruchirappalli,0,False,https://api.elsevier.com/content/abstract/scopus_id/105045699803,scopus,PENDING,NOT_STARTED,,7,300
Signature of topological Hall effect in layered FePd2Te2 ferromagnet,10.1088/2752-5724/ae55ba,2-s2.0-105037910430,105037910430,2026,2026-09-01,Materials Futures,,,Article,,School of Physical and Mathematical Sciences,0,True,https://api.elsevier.com/content/abstract/scopus_id/105037910430,scopus,PENDING,NOT_STARTED,,7,301
Single acquisition reconstruction of nonlinear susceptibility and Raman tensors at the diffraction limit,10.1063/5.0331167,2-s2.0-105041298389,105041298389,2026,2026-06-01,APL Photonics,,,Article,,"Université de Genève; Institute of Physics, National Academy of Sciences of Ukraine",0,True,https://api.elsevier.com/content/abstract/scopus_id/105041298389,scopus,PENDING,NOT_STARTED,,7,302
Spin-polarized ferromagnetic features of the Bi12Fe0.5Co0.5O20 sillenite material,10.1016/j.matchemphys.2026.132568,2-s2.0-105036416748,105036416748,2026,2026-07-01,Materials Chemistry and Physics,02540584,,Article,,Universidad del Magdalena,0,True,https://api.elsevier.com/content/abstract/scopus_id/105036416748,scopus,PENDING,NOT_STARTED,,7,303
Stabilizing homogeneous CaMn6Sn6via oscillatory crystal growth: structural complexity in a kagome metal,10.1039/d6ce00512h,2-s2.0-105046156096,105046156096,2026,2026-08-17,Crystengcomm,,,Article,,Oak Ridge National Laboratory,0,True,https://api.elsevier.com/content/abstract/scopus_id/105046156096,scopus,PENDING,NOT_STARTED,,7,304
Structural and magnetic properties of Fe11Mn2Ga3: an off-stoichiometric Heusler alloy,10.1007/s10751-025-02354-0,2-s2.0-105029224268,105029224268,2026,2026-12-01,Interactions,,,Article,,Universidad Nacional de San Cristóbal de Huamanga,0,True,https://api.elsevier.com/content/abstract/scopus_id/105029224268,scopus,PENDING,NOT_STARTED,,7,305
"Structural, magnetic and large magnetocaloric effect in terbium orthophosphate TbPO4 near superfluid helium",10.1016/j.jssc.2026.126079,2-s2.0-105037065640,105037065640,2026,2026-08-01,Journal of Solid State Chemistry,00224596,,Article,,Hassan II University of Casablanca,0,False,https://api.elsevier.com/content/abstract/scopus_id/105037065640,scopus,PENDING,NOT_STARTED,,7,306
"Structural, magnetic and theoretical investigations on the magnetocaloric properties inLa0.68Sm0.1K0.22Mn0.99O3-δ compound",10.1007/s00339-026-09889-1,2-s2.0-105044393233,105044393233,2026,2026-08-01,Applied Physics A Materials Science and Processing,09478396,,Article,,University of Sfax; Faculté des Sciences de Sfax,0,False,https://api.elsevier.com/content/abstract/scopus_id/105044393233,scopus,PENDING,NOT_STARTED,,7,307
"Structural, magnetic, and rotating magnetocaloric properties of textured DyNiAl",10.1016/j.jallcom.2026.190184,2-s2.0-105046385523,105046385523,2026,2026-08-15,Journal of Alloys and Compounds,09258388,,Article,,Iowa State University,0,False,https://api.elsevier.com/content/abstract/scopus_id/105046385523,scopus,PENDING,NOT_STARTED,,7,308
"Structure, magnetic and magnetocaloric properties of RNi intermetallics and their hydrides with medium- and high-entropy design at R site",10.1016/j.jmmm.2026.174271,2-s2.0-105039843916,105039843916,2026,2026-09-15,Journal of Magnetism and Magnetic Materials,03048853,,Article,,Lomonosov Moscow State University,0,False,https://api.elsevier.com/content/abstract/scopus_id/105039843916,scopus,PENDING,NOT_STARTED,,7,309
Synergistic tuning of magnetocaloric effect and critical behavior in Ni-Mn-Ga alloys via Co substitution and heat treatment,10.1016/j.physb.2026.419234,2-s2.0-105047936182,105047936182,2026,2026-11-01,Physica B Condensed Matter,09214526,,Article,,Inner Mongolia University of Technology; BaoTou Teachers College,0,False,https://api.elsevier.com/content/abstract/scopus_id/105047936182,scopus,PENDING,NOT_STARTED,,7,310
Tailored texture of SrxBa1-xNb2O6 thin films by aqueous chemical solution deposition,10.1016/j.jeurceramsoc.2026.118331,2-s2.0-105033582431,105033582431,2026,2026-09-01,Journal of the European Ceramic Society,09552219,,Article,,Norges Teknisk-Naturvitenskapelige Universitet,0,True,https://api.elsevier.com/content/abstract/scopus_id/105033582431,scopus,PENDING,NOT_STARTED,,7,311
Targeted doping modulation of electrical conductivity and electronic state structure in lithium niobate,10.1186/s40712-025-00397-3,2-s2.0-105030025849,105030025849,2026,2026-12-01,Journal of Materials Science Materials in Engineering,,,Article,,Université Sultan Moulay Slimane,0,True,https://api.elsevier.com/content/abstract/scopus_id/105030025849,scopus,PENDING,NOT_STARTED,,7,312
Tb-induced modification of magnetic and magnetocaloric behavior in partially substituted HoB2,10.1016/j.jallcom.2026.189998,2-s2.0-105045813742,105045813742,2026,2026-08-15,Journal of Alloys and Compounds,09258388,,Article,,"Instituto Potosino de Investigación Científica y Tecnológica, A.C.",0,False,https://api.elsevier.com/content/abstract/scopus_id/105045813742,scopus,PENDING,NOT_STARTED,,7,313
Temperature dependence of the spontaneous magnetization of Ni2MnGa and other ferromagnets. The superellipse equation,10.1016/j.physb.2026.419002,2-s2.0-105043588173,105043588173,2026,2026-10-01,Physica B Condensed Matter,09214526,,Article,,Academy of Sciences of the Czech Republic,0,True,https://api.elsevier.com/content/abstract/scopus_id/105043588173,scopus,PENDING,NOT_STARTED,,7,314
Temperature dependent magnetic and structural properties of Al substituted nanostructured hexaferrites with large coercive fields,10.1016/j.actamat.2026.122273,2-s2.0-105037866205,105037866205,2026,2026-07-01,Acta Materialia,13596454,,Article,,Consiglio Nazionale delle Ricerche; Uppsala Universitet; Università degli Studi di Genova,0,True,https://api.elsevier.com/content/abstract/scopus_id/105037866205,scopus,PENDING,NOT_STARTED,,7,315
Temperature-Dependent Magnetic Properties of Pr6O11 Oxides Refined with the Wet Ball-Milling Method,10.3390/magnetochemistry12070079,2-s2.0-105045799211,105045799211,2026,2026-07-01,Magnetochemistry,,,Article,,Soochow University,0,True,https://api.elsevier.com/content/abstract/scopus_id/105045799211,scopus,PENDING,NOT_STARTED,,7,316
The effect of grain boundaries on magnetic exchange interactions in iron,10.1088/1361-6463/ae84dc,2-s2.0-105045832596,105045832596,2026,2026-07-24,Journal of Physics D Applied Physics,00223727,,Article,,"Brno University of Technology, Faculty of Mechanical Engineering",0,True,https://api.elsevier.com/content/abstract/scopus_id/105045832596,scopus,PENDING,NOT_STARTED,,7,317
"The role of rare earth ions in RE2TMX3 compounds examined through the new intermetallic series RE2AuGe3 (RE=Gd, Tb, and Dy)",10.1088/2053-1591/ae7af0,2-s2.0-105042173314,105042173314,2026,2026-06-01,Materials Research Express,,,Article,,Gdańsk University of Technology,0,True,https://api.elsevier.com/content/abstract/scopus_id/105042173314,scopus,PENDING,NOT_STARTED,,7,318
Thermal Transformations and Mechanical Properties of All-d-metal Mn2FeCu Heusler-Type Shape Memory Alloy,10.1007/s40830-026-00615-7,2-s2.0-105036735480,105036735480,2026,2026-06-01,Shape Memory and Superelasticity,2199384X,,Article,,College of Engineering and Computing,0,True,https://api.elsevier.com/content/abstract/scopus_id/105036735480,scopus,PENDING,NOT_STARTED,,7,319
Towards fabrication of tetragonally distorted Fe2PtGe Heusler alloy thin films with large perpendicular magnetic anisotropy for spintronic applications,10.1016/j.rinma.2026.100934,2-s2.0-105034504605,105034504605,2026,2026-06-01,Results in Materials,,,Article,,National Institute for Materials Science,0,True,https://api.elsevier.com/content/abstract/scopus_id/105034504605,scopus,PENDING,NOT_STARTED,,7,320
Trapping the Excess Electron of FeB-Type CeSi by Hydrogenation ─ Formation of Ferromagnetic Hydrides CeSiHx (TC ≈ 24 K),10.1021/acs.inorgchem.6c01660,2-s2.0-105047553806,105047553806,2026,2026-08-17,Inorganic Chemistry,00201669,,Article,,Universität Leipzig,0,True,https://api.elsevier.com/content/abstract/scopus_id/105047553806,scopus,PENDING,NOT_STARTED,,7,321
Tuning magnetic and electronic properties by Mn excess and deficiency in Ni2Mn1+xSn1-x Heusler alloys,10.1016/j.jmmm.2026.174368,2-s2.0-105042880135,105042880135,2026,2026-10-01,Journal of Magnetism and Magnetic Materials,03048853,,Article,,Universitatea Babeș-Bolyai,0,True,https://api.elsevier.com/content/abstract/scopus_id/105042880135,scopus,PENDING,NOT_STARTED,,7,322
Unconventional critical behavior driven by monovalent doping in phase separated La1-xCsxMnO3 magnetocaloric nanostructures,10.1016/j.jmmm.2026.174216,2-s2.0-105039615281,105039615281,2026,2026-09-15,Journal of Magnetism and Magnetic Materials,03048853,,Article,,Université de Tours,0,False,https://api.elsevier.com/content/abstract/scopus_id/105039615281,scopus,PENDING,NOT_STARTED,,7,323
"Unveiling complex magnetic interactions in RE2In (RE = Nd, Pr) compounds by neutron diffraction",10.1016/j.jallcom.2026.190272,2-s2.0-105046915838,105046915838,2026,2026-09-25,Journal of Alloys and Compounds,09258388,,Article,,Ångströmlaboratoriet,0,True,https://api.elsevier.com/content/abstract/scopus_id/105046915838,scopus,PENDING,NOT_STARTED,,7,324
Van der Waals Chromium Telluride Thin Films Prepared by Hybrid Pulsed Laser Deposition With Tunable Magnetism,10.1002/admi.70574,2-s2.0-105042592614,105042592614,2026,2026-07-21,Advanced Materials Interfaces,,,Article,,Georg-August-Universität Göttingen,0,True,https://api.elsevier.com/content/abstract/scopus_id/105042592614,scopus,PENDING,NOT_STARTED,,7,325
Vanishing ordered moment in the frustrated triangular lattice antiferromagnet CuNdO2,10.1038/s41535-026-00854-y,2-s2.0-105033465101,105033465101,2026,2026-12-01,Npj Quantum Materials,,,Article,,A. James Clark School of Engineering; NIST Center for Neutron Research,0,True,https://api.elsevier.com/content/abstract/scopus_id/105033465101,scopus,PENDING,NOT_STARTED,,7,326
Visualizing Magnetostructural Order in Rare-Metastable Polymorph ε-Fe2O3 Through Domain-Resolved Raman Spectroscopy,10.1002/sstr.70553,2-s2.0-105045669732,105045669732,2026,2026-08-01,Small Structures,,,Article,,Chungbuk National University,0,True,https://api.elsevier.com/content/abstract/scopus_id/105045669732,scopus,PENDING,NOT_STARTED,,7,327
β Decay of 20Na,10.3390/particles9020040,2-s2.0-105042967904,105042967904,2026,2026-06-01,Particles,,,Article,,China Institute of Atomic Energy,0,True,https://api.elsevier.com/content/abstract/scopus_id/105042967904,scopus,PENDING,NOT_STARTED,,7,328
Correlation between the multiscale structure and the dielectric properties of Ba0.4Sr0.6TiO3- BaSnO3 based compounds (BST -BSn) for microwave applications,10.1016/j.materresbull.2026.114112,2-s2.0-105032991974,105032991974,2026,2026-07-01,Materials Research Bulletin,00255408,,Article,,Institut de Recherche sur les Céramiques; AXEM Technology,0,False,https://api.elsevier.com/content/abstract/scopus_id/105032991974,scopus,PENDING,NOT_STARTED,,6,329
Cost-effective fabrication of K0.5Na0.5NbO3-based single crystals with superior piezoelectric and dielectric stability via simple seed-free solid-state crystal growth and doping technologies,10.1016/j.mssp.2026.110652,2-s2.0-105034624547,105034624547,2026,2026-08-01,Materials Science in Semiconductor Processing,13698001,,Article,,Guilin University of Electronic Technology,0,False,https://api.elsevier.com/content/abstract/scopus_id/105034624547,scopus,PENDING,NOT_STARTED,,6,330
Dielectric Properties and Room-Temperature Ferromagnetism of Ordered Porous ZnO/EA Nanofilms for Spintronic Applications,10.1021/acsanm.6c02120,2-s2.0-105047563168,105047563168,2026,2026-08-14,ACS Applied Nano Materials,,,Article,,Hebei Normal University,0,False,https://api.elsevier.com/content/abstract/scopus_id/105047563168,scopus,PENDING,NOT_STARTED,,6,331
"Investigation of Low Temperature Magneto-Caloric, Dielectric, and Electrical Properties of Gadolinium (Gd) Modified DyMnO3",10.1007/s10948-026-07209-5,2-s2.0-105042324458,105042324458,2026,2026-08-01,Journal of Superconductivity and Novel Magnetism,15571939,,Article,,Institute for Plasma Research,0,False,https://api.elsevier.com/content/abstract/scopus_id/105042324458,scopus,PENDING,NOT_STARTED,,6,332
Preparation and characterization of Ca-doped Nano-BaTiO₃ dielectric materials with high dielectric temperature stability for BME-MLCCs application,10.1016/j.jallcom.2026.189302,2-s2.0-105042219455,105042219455,2026,2026-07-05,Journal of Alloys and Compounds,09258388,,Article,,Wuhan University of Technology; State Key Laboratory of Silicate Materials for Architectures,0,False,https://api.elsevier.com/content/abstract/scopus_id/105042219455,scopus,PENDING,NOT_STARTED,,6,333
Logic-inspired bistable liquid crystal elastomer photo-oscillator via magnetic-photothermal coupling,10.1016/j.tws.2026.114759,2-s2.0-105032150824,105032150824,2026,2026-06-01,Thin Walled Structures,02638231,,Article,,Anhui Jianzhu University,19,False,https://api.elsevier.com/content/abstract/scopus_id/105032150824,scopus,PENDING,NOT_STARTED,,4,334
Enhancing high-temperature coercivity in Sm2Co17 magnets via combining low-temperature first-step aging with slow cooling processes,10.1016/j.jmst.2026.03.012,2-s2.0-105033236958,105033236958,2026,2026-11-20,Journal of Materials Science and Technology,10050302,,Article,,Hangzhou Dianzi University,4,False,https://api.elsevier.com/content/abstract/scopus_id/105033236958,scopus,PENDING,NOT_STARTED,,4,335
Impact of Ni substitution on the structural and magnetic characteristics of SrFe12-xNixO19 (x= 0 – 0.3),10.1016/j.ceramint.2026.04.106,2-s2.0-105035244600,105035244600,2026,2026-06-01,Ceramics International,02728842,,Article,,"Joint Institute for Nuclear Research, Dubna; Azerbaijan University of Architecture and Construction",3,False,https://api.elsevier.com/content/abstract/scopus_id/105035244600,scopus,PENDING,NOT_STARTED,,4,336
Computational and experimental analysis of Heusler alloys CoMnSi and Cu2MnAl for spintronic and thermoelectric applications,10.1016/j.materresbull.2026.114219,2-s2.0-105039208659,105039208659,2026,2026-10-01,Materials Research Bulletin,00255408,,Article,,"SSN College of Engineering, Kalavakkam",1,False,https://api.elsevier.com/content/abstract/scopus_id/105039208659,scopus,PENDING,NOT_STARTED,,4,337
Effect of iron content on the structure and magnetic properties of La-Ca-Co co-substituted M-type strontium ferrite,10.1016/j.ceramint.2026.03.346,2-s2.0-105040673934,105040673934,2026,2026-07-01,Ceramics International,02728842,,Article,,"Chinese Academy of Sciences; University of Science and Technology of China; Ningbo Institute of Industrial Technology, Chinese Academy of Sciences",1,False,https://api.elsevier.com/content/abstract/scopus_id/105040673934,scopus,PENDING,NOT_STARTED,,4,338
Electronic structure and carrier-controlled ferromagnetism in new diluted magnetic semiconductor Na1+xZn1−yFeyAs,10.1016/j.jmmm.2026.174088,2-s2.0-105035821042,105035821042,2026,2026-06-15,Journal of Magnetism and Magnetic Materials,03048853,,Article,,Université Djillali Liabes de Sidi Bel Abbes; Université Ahmed Zabana de Relizane,1,False,https://api.elsevier.com/content/abstract/scopus_id/105035821042,scopus,PENDING,NOT_STARTED,,4,339
Enhanced piezoelectricity and thermal stability in BF-BT system by inducing large tetragonal distortion,10.1016/j.ceramint.2026.05.362,2-s2.0-105040740716,105040740716,2026,2026-07-01,Ceramics International,02728842,,Article,,College of Materials Science and Engineering,1,False,https://api.elsevier.com/content/abstract/scopus_id/105040740716,scopus,PENDING,NOT_STARTED,,4,340
Enhanced room temperature Magnetoelectric response in M-type Sb-substituted strontium Hexaferrites,10.1016/j.jmmm.2026.174141,2-s2.0-105035913436,105035913436,2026,2026-07-15,Journal of Magnetism and Magnetic Materials,03048853,,Article,,Manipur University,1,False,https://api.elsevier.com/content/abstract/scopus_id/105035913436,scopus,PENDING,NOT_STARTED,,4,341
"Exchange-driven ferromagnetism, magnetic anisotropy, and spin-polarized carriers in Lead-free Cr/Mn-doped CsSnCl₃",10.1016/j.jmmm.2026.174104,2-s2.0-105036012173,105036012173,2026,2026-07-15,Journal of Magnetism and Magnetic Materials,03048853,,Article,,Prince Sattam Bin Abdulaziz University,1,False,https://api.elsevier.com/content/abstract/scopus_id/105036012173,scopus,PENDING,NOT_STARTED,,4,342
High Piezoelectricity and Temperature Stability via Stabilized Polar Distortion,10.1002/adma.73859,2-s2.0-105042785507,105042785507,2026,2026-08-03,Advanced Materials,09359648,,Article,,Beijing University of Technology,1,False,https://api.elsevier.com/content/abstract/scopus_id/105042785507,scopus,PENDING,NOT_STARTED,,4,343
"Interlayer exchange coupling in bilayer CrX3 (X=Cl, Br, I) with spin-bearing intercalants",10.1103/gr26-2qqr,2-s2.0-105042291008,105042291008,2026,2026-06-01,Physical Review Materials,,,Article,,Ulsan National Institute of Science and Technology,1,False,https://api.elsevier.com/content/abstract/scopus_id/105042291008,scopus,PENDING,NOT_STARTED,,4,344
"Rational design of novel 2D CoXYS4 (X/Y = Al, Ga, and In) Janus quaternary chalcogenides with intrinsic half-metallicity, high critical temperatures, and strain-controlled magnetization direction",10.1016/j.matchemphys.2026.132425,2-s2.0-105033699536,105033699536,2026,2026-06-15,Materials Chemistry and Physics,02540584,,Article,,Faculté des Sciences de Meknès,1,False,https://api.elsevier.com/content/abstract/scopus_id/105033699536,scopus,PENDING,NOT_STARTED,,4,345
Revealing magnetic domain driven mechanisms in magnetic field assisted OER using a room-temperature ferromagnetic catalyst,10.1016/j.jallcom.2026.188915,2-s2.0-105039964194,105039964194,2026,2026-06-15,Journal of Alloys and Compounds,09258388,,Article,,Zhejiang Wanli University,1,False,https://api.elsevier.com/content/abstract/scopus_id/105039964194,scopus,PENDING,NOT_STARTED,,4,346
Sintering temperature effect on the critical behavior and Landau theory in La0.75Dy0.05Sr0.2MnO3 manganite,10.1016/j.jmmm.2026.174381,2-s2.0-105043531890,105043531890,2026,2026-10-01,Journal of Magnetism and Magnetic Materials,03048853,,Article,,University of Sfax,1,False,https://api.elsevier.com/content/abstract/scopus_id/105043531890,scopus,PENDING,NOT_STARTED,,4,347
Site-dependent effects of transition metals substitution on the electronic and magnetic properties of Ga2SeTe Janus monolayer,10.1016/j.micrna.2026.208622,2-s2.0-105031611211,105031611211,2026,2026-06-01,Micro and Nanostructures,27730131,,Article,,Posts and Telecommunications Institute of Technology Vietnam,1,False,https://api.elsevier.com/content/abstract/scopus_id/105031611211,scopus,PENDING,NOT_STARTED,,4,348
Synergistic chiral induction within diperylene diimide diastereoisomers for high-performance circularly polarized light detection,10.1007/s11426-025-3295-y,2-s2.0-105033541995,105033541995,2026,2026-06-01,Science China Chemistry,16747291,,Article,,"School of Materials Science and Engineering, Xi'an Jiaotong University",1,False,https://api.elsevier.com/content/abstract/scopus_id/105033541995,scopus,PENDING,NOT_STARTED,,4,349
The lithospheric carbonatite pathway at Bayan Obo: Evidence from gravity and magnetic inversion and its significance for Nb-REE-Fe mineralization,10.1016/j.gexplo.2026.108033,2-s2.0-105032360268,105032360268,2026,2026-06-01,Journal of Geochemical Exploration,03756742,,Article,,Lanzhou University,1,False,https://api.elsevier.com/content/abstract/scopus_id/105032360268,scopus,PENDING,NOT_STARTED,,4,350
"Two routes, one phenomenon: Exploring structure–magnetism correlation in Ca–codoped LaBaMnO₃",10.1016/j.jmmm.2026.174361,2-s2.0-105043086351,105043086351,2026,2026-10-01,Journal of Magnetism and Magnetic Materials,03048853,,Article,,Kaveri University,1,False,https://api.elsevier.com/content/abstract/scopus_id/105043086351,scopus,PENDING,NOT_STARTED,,4,351
“Soft” to “hard” transition and balanced performance in Pb(Ni1/3Nb2/3)O3-Pb(Mn1/3Nb2/3)O3-PbZrO3-PbTiO3:Sm,10.1016/j.cclet.2025.111560,2-s2.0-105044892470,105044892470,2026,2026-10-01,Chinese Chemical Letters,10018417,,Article,,Nanjing University,1,False,https://api.elsevier.com/content/abstract/scopus_id/105044892470,scopus,PENDING,NOT_STARTED,,4,352
A modified barium strontium titanate-based gain material for enhancing ground-penetrating radar signals in early-stage coal spontaneous combustion: Mechanism and experimental validation,10.1016/j.psep.2026.109054,2-s2.0-105039952523,105039952523,2026,2026-07-01,Process Safety and Environmental Protection,09575820,,Article,,"China University of Mining & Technology, Beijing",0,False,https://api.elsevier.com/content/abstract/scopus_id/105039952523,scopus,PENDING,NOT_STARTED,,4,353
A novel method for Curie depth inversion from magnetic data based on improved U-Net architecture,10.1016/j.jappgeo.2026.106347,2-s2.0-105041063603,105041063603,2026,2026-08-01,Journal of Applied Geophysics,09269851,,Article,,Lanzhou University,0,False,https://api.elsevier.com/content/abstract/scopus_id/105041063603,scopus,PENDING,NOT_STARTED,,4,354
A Study of magnetic properties and hysteresis loops of FeCo metallic alloys using Monte Carlo Simulation,10.1016/j.jmmm.2026.174400,2-s2.0-105044217954,105044217954,2026,2026-10-01,Journal of Magnetism and Magnetic Materials,03048853,,Article,,Université Hassan 1er,0,False,https://api.elsevier.com/content/abstract/scopus_id/105044217954,scopus,PENDING,NOT_STARTED,,4,355
Achieving better magneto-caloric effect near 310 K by minor Ce substitution for B in an amorphous Fe87Pr9B4 ribbon,10.1016/j.jnoncrysol.2026.124268,2-s2.0-105043564515,105043564515,2026,2026-10-01,Journal of Non Crystalline Solids,00223093,,Article,,Wuxi University,0,False,https://api.elsevier.com/content/abstract/scopus_id/105043564515,scopus,PENDING,NOT_STARTED,,4,356
Achieving semiconductor to half-metal with large magnetic anisotropy in Al2S3 monolayer via vanadium doping,10.1016/j.physleta.2026.131721,2-s2.0-105036485123,105036485123,2026,2026-08-05,Physics Letters Section A General Atomic and Solid State Physics,03759601,,Article,,Beijing Normal University,0,False,https://api.elsevier.com/content/abstract/scopus_id/105036485123,scopus,PENDING,NOT_STARTED,,4,357
Active GPR sensing of coal spontaneous combustion with temperature-tuned electromagnetic signal gain material,10.1016/j.jappgeo.2026.106276,2-s2.0-105036555844,105036555844,2026,2026-07-01,Journal of Applied Geophysics,09269851,,Article,,"China University of Mining & Technology, Beijing",0,False,https://api.elsevier.com/content/abstract/scopus_id/105036555844,scopus,PENDING,NOT_STARTED,,4,358
Angular dependence of magnetoresistance in Fe-doped Mn5Ge3 single crystal,10.1016/j.jallcom.2026.190374,2-s2.0-105046860685,105046860685,2026,2026-09-25,Journal of Alloys and Compounds,09258388,,Article,,Tiangong University,0,False,https://api.elsevier.com/content/abstract/scopus_id/105046860685,scopus,PENDING,NOT_STARTED,,4,359
Anion-driven spin crossover in heteroleptic iron(III) complexes: the role of NTf2− flexibility,10.1016/j.inoche.2026.117115,2-s2.0-105045776113,105045776113,2026,2026-10-01,Inorganic Chemistry Communications,13877003,,Article,,Universitat de Barcelona; Instituto de Nanociencia y Nanotecnología Universitat de Barcelona,0,False,https://api.elsevier.com/content/abstract/scopus_id/105045776113,scopus,PENDING,NOT_STARTED,,4,360
Anisotropic Magnetic Phase Transition in a New Antiferromagnet Single Crystal of N-EuAgBi,10.1007/s10948-026-07220-w,2-s2.0-105044516920,105044516920,2026,2026-08-01,Journal of Superconductivity and Novel Magnetism,15571939,,Article,,Nanyang Normal University,0,False,https://api.elsevier.com/content/abstract/scopus_id/105044516920,scopus,PENDING,NOT_STARTED,,4,361
Atomic-Scale Spin-Valve Control of Interlayer Excitons in Twisted WSe2/CrSe2/WSe2 Heterostructures,10.1002/smll.74417,2-s2.0-105044650909,105044650909,2026,2026-08-21,Small,16136810,,Article,,Central South University; School of Physics,0,False,https://api.elsevier.com/content/abstract/scopus_id/105044650909,scopus,PENDING,NOT_STARTED,,4,362
Atomistic insights into design of tunable rare-earth ferrimagnets for emerging spintronic memory platforms,10.1016/j.jmmm.2026.174334,2-s2.0-105042451025,105042451025,2026,2026-10-01,Journal of Magnetism and Magnetic Materials,03048853,,Article,,Indian Institute of Technology Guwahati,0,False,https://api.elsevier.com/content/abstract/scopus_id/105042451025,scopus,PENDING,NOT_STARTED,,4,363
Atomistic modeling of polymorphism in iron using an explicitly magnetic machine-learned interatomic potential,10.1016/j.actamat.2026.122401,2-s2.0-105041331181,105041331181,2026,2026-09-01,Acta Materialia,13596454,,Article,,Center for Integrated Nanotechnologies,0,False,https://api.elsevier.com/content/abstract/scopus_id/105041331181,scopus,PENDING,NOT_STARTED,,4,364
Bimetal chalcogenide TM2TM′X4 monolayers: stable room temperature ferromagnetic semiconductors,10.1039/d6nr00840b,2-s2.0-105040736658,105040736658,2026,2026-07-09,Nanoscale,20403364,,Article,,Yangzhou University,0,False,https://api.elsevier.com/content/abstract/scopus_id/105040736658,scopus,PENDING,NOT_STARTED,,4,365
Charge disproportionation and concomitant weak ferromagnetism in EuMnO3 film,10.1016/j.jallcom.2026.190119,2-s2.0-105046617186,105046617186,2026,2026-09-25,Journal of Alloys and Compounds,09258388,,Article,,University of Science and Technology of China,0,False,https://api.elsevier.com/content/abstract/scopus_id/105046617186,scopus,PENDING,NOT_STARTED,,4,366
Chiral Memory-Driven Helical Supramolecular Photodetector for Deciphering Circularly Polarized Light,10.1002/adma.73569,2-s2.0-105040956898,105040956898,2026,2026-07-08,Advanced Materials,09359648,,Article,,"School of Materials Science and Engineering, Xi'an Jiaotong University",0,False,https://api.elsevier.com/content/abstract/scopus_id/105040956898,scopus,PENDING,NOT_STARTED,,4,367
Coexistence of ferromagnetism and cluster glass behavior in CeNiSb3,10.1016/j.jmmm.2026.174167,2-s2.0-105037024877,105037024877,2026,2026-08-01,Journal of Magnetism and Magnetic Materials,03048853,,Article,,Indian Institute of Technology Delhi,0,False,https://api.elsevier.com/content/abstract/scopus_id/105037024877,scopus,PENDING,NOT_STARTED,,4,368
"Coexistence of the quantum anomalous Hall and anomalous Nernst effects in Cr-doped NaMgX (X = P, As, Sb) monolayers",10.1039/d6tc00894a,2-s2.0-105037807627,105037807627,2026,2026-06-25,Journal of Materials Chemistry C,20507526,,Article,,Chongqing Normal University,0,False,https://api.elsevier.com/content/abstract/scopus_id/105037807627,scopus,PENDING,NOT_STARTED,,4,369
Complementary Chalcogen Ordering Enables Energetically Favorable and Multifunctional Two-Dimensional Transition-Metal Dichalcogenides,10.1021/acs.jpclett.6c01849,2-s2.0-105046652888,105046652888,2026,2026-08-06,Journal of Physical Chemistry Letters,,,Article,,Hebei Normal University,0,False,https://api.elsevier.com/content/abstract/scopus_id/105046652888,scopus,PENDING,NOT_STARTED,,4,370
Composition-driven magnetic ordering and critical behavior in L10 structured Mn–Ni alloys,10.1016/j.physb.2026.418604,2-s2.0-105034372431,105034372431,2026,2026-07-01,Physica B Condensed Matter,09214526,,Article,,Vellore Institute of Technology,0,False,https://api.elsevier.com/content/abstract/scopus_id/105034372431,scopus,PENDING,NOT_STARTED,,4,371
Controllable Growth of 2D Magnetic Fe3GeTe2 Nanosheets via Subtractive-Element Strategy,10.1021/acs.inorgchem.6c02347,2-s2.0-105047518835,105047518835,2026,2026-08-17,Inorganic Chemistry,00201669,,Article,,Qinghai University; School of Physics,0,False,https://api.elsevier.com/content/abstract/scopus_id/105047518835,scopus,PENDING,NOT_STARTED,,4,372
Critical behavior and magnetic phase transition in La0·67Ba0·33Mn0·85Fe0·15O3 nanoparticles,10.1007/s12034-026-03648-x,2-s2.0-105043953949,105043953949,2026,2026-09-01,Bulletin of Materials Science,02504707,,Article,,University of Sfax,0,False,https://api.elsevier.com/content/abstract/scopus_id/105043953949,scopus,PENDING,NOT_STARTED,,4,373
Critical behavior and modulated magnetic interactions in Se-doped van der Waals ferromagnet Fe3GeTe2,10.1016/j.jallcom.2026.189995,2-s2.0-105045540014,105045540014,2026,2026-08-15,Journal of Alloys and Compounds,09258388,,Article,,Nanjing University of Post and TeleCommunications,0,False,https://api.elsevier.com/content/abstract/scopus_id/105045540014,scopus,PENDING,NOT_STARTED,,4,374
Critical behavior of a novel layered ferromagnetic semiconductor Cr1.17Ga1.47Se4,10.1063/5.0324390,2-s2.0-105046967326,105046967326,2026,2026-08-03,Applied Physics Letters,00036951,,Article,,Qingdao University,0,False,https://api.elsevier.com/content/abstract/scopus_id/105046967326,scopus,PENDING,NOT_STARTED,,4,375
Crystal Structure and Magnetic Properties of the Quaternary Compound Al1.5Co2.5FeGd,10.1007/s10948-026-07238-0,2-s2.0-105047771048,105047771048,2026,2026-10-01,Journal of Superconductivity and Novel Magnetism,15571939,,Article,,Baise University,0,False,https://api.elsevier.com/content/abstract/scopus_id/105047771048,scopus,PENDING,NOT_STARTED,,4,376
Curie depth and gravity Moho architecture in the Andaman-Nicobar subduction zone: Constraints for its geothermal regime and seismicity,10.1016/j.jvolgeores.2026.108641,2-s2.0-105039215707,105039215707,2026,2026-08-01,Journal of Volcanology and Geothermal Research,03770273,,Article,,National Institute of Oceanography India,0,False,https://api.elsevier.com/content/abstract/scopus_id/105039215707,scopus,PENDING,NOT_STARTED,,4,377
d-band filling dictates magnetic stability in Mn- and Co-substituted FeRh alloys,10.1016/j.jmmm.2026.174435,2-s2.0-105045575847,105045575847,2026,2026-10-15,Journal of Magnetism and Magnetic Materials,03048853,,Article,,SRM Institute of Science and Technology,0,False,https://api.elsevier.com/content/abstract/scopus_id/105045575847,scopus,PENDING,NOT_STARTED,,4,378
Deciphering the Structure and Electrical Properties of Ce/W Co-Doped CaBi4Ti4O15 High-TC Ferro-/Piezoelectric Materials,10.1111/ijac.70232,2-s2.0-105044058811,105044058811,2026,2026-08-01,International Journal of Applied Ceramic Technology,1546542X,,Article,,Xi'an Jiaotong University,0,False,https://api.elsevier.com/content/abstract/scopus_id/105044058811,scopus,PENDING,NOT_STARTED,,4,379
Design of high-temperature two-dimensional magnets in X2O5Ba3Y2: From half-metallic ferromagnets to robust antiferromagnetic semiconductors,10.1016/j.cocom.2026.e01382,2-s2.0-105043705516,105043705516,2026,2026-10-01,Computational Condensed Matter,,,Article,,Yanshan University; Qinhuangdao Vocational and Technical College,0,False,https://api.elsevier.com/content/abstract/scopus_id/105043705516,scopus,PENDING,NOT_STARTED,,4,380
Development of a modular optically detected magnetic resonance setup for optical experiments in a variable temperature insert,10.1063/5.0337322,2-s2.0-105045835834,105045835834,2026,2026-07-01,Review of Scientific Instruments,00346748,,Article,,Technische Universität München; Munich Center for Quantum Science and Technology (MCQST),0,False,https://api.elsevier.com/content/abstract/scopus_id/105045835834,scopus,PENDING,NOT_STARTED,,4,381
Development of phase-pure MnxZn1-xFe2O4 (x = 0–1) Curie nanoparticles for the rapid magnetic induction processing of polymers,10.1016/j.jallcom.2026.189776,2-s2.0-105044403639,105044403639,2026,2026-08-15,Journal of Alloys and Compounds,09258388,,Article,,School of Materials Science and Engineering,0,False,https://api.elsevier.com/content/abstract/scopus_id/105044403639,scopus,PENDING,NOT_STARTED,,4,382
Disorder Mediated Fully Compensated Ferrimagnetic Spin-Gapless Semiconducting Behavior in Cr3Al Heusler Alloy,10.1002/adfm.75194,2-s2.0-105034921501,105034921501,2026,2026-06-01,Advanced Functional Materials,1616301X,,Article,,Indian Institute of Technology Palakkad,0,False,https://api.elsevier.com/content/abstract/scopus_id/105034921501,scopus,PENDING,NOT_STARTED,,4,383
"Effect of Er and Al co-doping on the microstructures, magnetic properties, and magnetization reversal of sintered (Nd,Pr)–Fe–B magnets",10.1016/j.jmmm.2026.174279,2-s2.0-105041044672,105041044672,2026,2026-10-01,Journal of Magnetism and Magnetic Materials,03048853,,Article,,Inner Mongolia University of Science and Technology,0,False,https://api.elsevier.com/content/abstract/scopus_id/105041044672,scopus,PENDING,NOT_STARTED,,4,384
Effect of high-abundance Ce substitution on the microstructure of Nd-Fe-B strip-casting alloys,10.1016/j.matchar.2026.116911,2-s2.0-105046850376,105046850376,2026,2026-10-01,Materials Characterization,10445803,,Article,,Baotou Research Institution of Rare Earths,0,False,https://api.elsevier.com/content/abstract/scopus_id/105046850376,scopus,PENDING,NOT_STARTED,,4,385
Effect of rare-earth (La) and non-magnetic (Zr) co-substitution on the structural and magnetic properties of strontium hexaferrite prepared by the Pechini method,10.1016/j.inoche.2026.116710,2-s2.0-105037668195,105037668195,2026,2026-07-01,Inorganic Chemistry Communications,13877003,,Article,,Faculté des Sciences de Monastir,0,False,https://api.elsevier.com/content/abstract/scopus_id/105037668195,scopus,PENDING,NOT_STARTED,,4,386
Effect of shear strain on electronic structures and magnetic properties in Fe doped monolayer 2H-MoS2: A first-principles calculation study,10.1016/j.physb.2026.418755,2-s2.0-105037728003,105037728003,2026,2026-09-01,Physica B Condensed Matter,09214526,,Article,,Ningxia University,0,False,https://api.elsevier.com/content/abstract/scopus_id/105037728003,scopus,PENDING,NOT_STARTED,,4,387
Effect of V-doping on the structural and magnetic properties of Heusler alloys Mn2-xVxFeGa (x = 0–1),10.1016/j.jmmm.2026.174375,2-s2.0-105043011259,105043011259,2026,2026-10-01,Journal of Magnetism and Magnetic Materials,03048853,,Article,,Hebei University of Technology,0,False,https://api.elsevier.com/content/abstract/scopus_id/105043011259,scopus,PENDING,NOT_STARTED,,4,388
Effects of V and Tc co-doping on the electronic and magnetic properties of TiO2,10.1007/s12648-026-04064-x,2-s2.0-105044483883,105044483883,2026,2026-08-01,Indian Journal of Physics,09731458,,Article,,Faculté des Sciences Semlalia,0,False,https://api.elsevier.com/content/abstract/scopus_id/105044483883,scopus,PENDING,NOT_STARTED,,4,389
Electro-optical properties of Cu:KTa0.57Nb0.43O3 crystal near the FE-PE phase transition region,10.1016/j.optmat.2026.117967,2-s2.0-105031877517,105031877517,2026,2026-06-01,Optical Materials,09253467,,Article,,Qilu University of Technology,0,False,https://api.elsevier.com/content/abstract/scopus_id/105031877517,scopus,PENDING,NOT_STARTED,,4,390
Electromagnetic Properties Inspection During Heat Treatment Cooling Process Using Pulsed Eddy Current Testing,10.1109/jsen.2026.3699975,2-s2.0-105041942741,105041942741,2026,2026-07-15,IEEE Sensors Journal,1530437X,,Article,,School of Engineering,0,False,https://api.elsevier.com/content/abstract/scopus_id/105041942741,scopus,PENDING,NOT_STARTED,,4,391
Electronic and magnetic properties of the itinerant ferromagnet SrRu1−xTixO3: A first-principles and Monte Carlo investigation,10.1016/j.jmmm.2026.174252,2-s2.0-105039788051,105039788051,2026,2026-09-15,Journal of Magnetism and Magnetic Materials,03048853,,Article,,Université Moulay Ismaïl; Université Ibn Zohr,0,False,https://api.elsevier.com/content/abstract/scopus_id/105039788051,scopus,PENDING,NOT_STARTED,,4,392
Electrospun fiber-based organic PVDF/DIPAB composite for high-performance piezoelectric nanogenerator: human motion energy harvesting,10.1007/s10854-026-17725-8,2-s2.0-105043370567,105043370567,2026,2026-06-01,Journal of Materials Science Materials in Electronics,09574522,,Article,,Punjabi University,0,False,https://api.elsevier.com/content/abstract/scopus_id/105043370567,scopus,PENDING,NOT_STARTED,,4,393
Engineering multifunctional Ni–Zn ferrite/graphene nanocomposites for next-generation applications,10.1007/s10854-026-18138-3,2-s2.0-105046525993,105046525993,2026,2026-08-01,Journal of Materials Science Materials in Electronics,09574522,,Article,,Government College University Faisalabad,0,False,https://api.elsevier.com/content/abstract/scopus_id/105046525993,scopus,PENDING,NOT_STARTED,,4,394
Enhanced anisotropy in magnetism and spin decay in slightly Ni-doped van der Waals ferromagnet Fe5GeTe2,10.1103/wpgr-lv1t,2-s2.0-105045978660,105045978660,2026,2026-07-01,Physical Review Applied,,,Article,,"University of Science and Technology of China; Hefei Institutes of Physical Science, Chinese Academy of Sciences",0,False,https://api.elsevier.com/content/abstract/scopus_id/105045978660,scopus,PENDING,NOT_STARTED,,4,395
Enhanced Pyroelectric Properties and Thermal Stability of [001]-oriented Mn-doped PMN-0.37PT Tetragonal Crystals,10.1111/jace.71120,2-s2.0-105046950031,105046950031,2026,2026-08-01,Journal of the American Ceramic Society,00027820,,Article,,Shanghai Normal University,0,False,https://api.elsevier.com/content/abstract/scopus_id/105046950031,scopus,PENDING,NOT_STARTED,,4,396
Enhancing the coercivity of ferrimagnetic NiCo2O4 films via vicinal substrate growth,10.1039/d6tc00107f,2-s2.0-105036011579,105036011579,2026,2026-06-11,Journal of Materials Chemistry C,20507526,,Article,,"Faculty of Electronic and Information Engineering, Xi'an Jiaotong University",0,False,https://api.elsevier.com/content/abstract/scopus_id/105036011579,scopus,PENDING,NOT_STARTED,,4,397
EPR and magnetization studies of rare-earth manganitesLa0.7-xNdxSr0.3MnO3 (x = 0.4-0.7): ferromagnetic short range order and bottlenecked spin relaxation,10.1016/j.jmmm.2026.174236,2-s2.0-105039913614,105039913614,2026,2026-09-15,Journal of Magnetism and Magnetic Materials,03048853,,Article,,"E. K. Zavoisky Physical-Technical Institute, Kazan Scientific Center, Russian Academy of Sciences",0,False,https://api.elsevier.com/content/abstract/scopus_id/105039913614,scopus,PENDING,NOT_STARTED,,4,398
Evaluation of electrophysical properties of PZT-CFO composite,10.1016/j.ceramint.2026.03.422,2-s2.0-105035546037,105035546037,2026,2026-06-01,Ceramics International,02728842,,Article,,VSS University of Technology,0,False,https://api.elsevier.com/content/abstract/scopus_id/105035546037,scopus,PENDING,NOT_STARTED,,4,399
Experimental investigation of magnetic properties of MnFeCo4Si2 discovered by GNoME,10.1016/j.jmmm.2026.174056,2-s2.0-105041441714,105041441714,2026,2026-06-15,Journal of Magnetism and Magnetic Materials,03048853,,Article,,Fukuoka Institute of Technology,0,False,https://api.elsevier.com/content/abstract/scopus_id/105041441714,scopus,PENDING,NOT_STARTED,,4,400
Far Beyond Room-Temperature Ferromagnetism with Flexibly Tunable Magnetic Anisotropy Enabled by Intralayer Interstitial Doping in Wafer-Scale Fe3+xGaTe2,10.1002/adfm.76956,2-s2.0-105044569410,105044569410,2026,2026-08-03,Advanced Functional Materials,1616301X,,Article,,Beihang University,0,False,https://api.elsevier.com/content/abstract/scopus_id/105044569410,scopus,PENDING,NOT_STARTED,,4,401
"Features of the crystal structure, microstructure and magnetic properties of Gd - substituted Pr1−xSrxMnO3 (x = 0.0; 0.15) manganites",10.1007/s42247-026-01485-6,2-s2.0-105046593254,105046593254,2026,2026-08-01,Emergent Materials,25225731,,Article,,"Institute of Metallurgy, Ural Branch of the Russian Academy of Sciences",0,False,https://api.elsevier.com/content/abstract/scopus_id/105046593254,scopus,PENDING,NOT_STARTED,,4,402
Ferrimagnetism and electronic structure properties of frustrated vanadate spinel Cu-incorporated MnV2O4,10.1016/j.jallcom.2026.190501,2-s2.0-105047315579,105047315579,2026,2026-09-25,Journal of Alloys and Compounds,09258388,,Article,,Indian Institute of Technology Kanpur,0,False,https://api.elsevier.com/content/abstract/scopus_id/105047315579,scopus,PENDING,NOT_STARTED,,4,403
Ferromagnetism and magnetization switching of 2D nonlayered CrTe grown by chemical vapor deposition,10.1063/5.0336290,2-s2.0-105044573514,105044573514,2026,2026-07-13,Applied Physics Letters,00036951,,Article,,Sun Yat-Sen University,0,False,https://api.elsevier.com/content/abstract/scopus_id/105044573514,scopus,PENDING,NOT_STARTED,,4,404
Field-induced magnetic phase transition and thermomagnetic irreversibility in co-doped Mn1.9Cr0.1SbBx compounds (x = 0.25 and 1.0),10.1007/s12034-026-03754-w,2-s2.0-105047800007,105047800007,2026,2026-09-01,Bulletin of Materials Science,02504707,,Article,,Academy of Scientific and Innovative Research (AcSIR); CSIR-National Physical Laboratory,0,False,https://api.elsevier.com/content/abstract/scopus_id/105047800007,scopus,PENDING,NOT_STARTED,,4,405
"First principles study of alkaline-earth-based d0[jls-end-space/]-d half-Heusler alloys: Electronic structure, magnetism, and stability for real spintronic applications",10.1016/j.jpcs.2026.113650,2-s2.0-105034584130,105034584130,2026,2026-07-01,Journal of Physics and Chemistry of Solids,00223697,,Article,,"School of Physics, Beijing Institute of Technology",0,False,https://api.elsevier.com/content/abstract/scopus_id/105034584130,scopus,PENDING,NOT_STARTED,,4,406
First-principles investigation of electronic and magnetic modulation in Cr3C2MXene monolayers,10.1016/j.jmmm.2026.174501,2-s2.0-105047268273,105047268273,2026,2026-10-15,Journal of Magnetism and Magnetic Materials,03048853,,Article,,North China University of Water Resources and Electric Power,0,False,https://api.elsevier.com/content/abstract/scopus_id/105047268273,scopus,PENDING,NOT_STARTED,,4,407
"First-principles prediction of half-metallic Fe2Cl3X3 (X=N, P, As) monolayers: A promising candidate for high-performance spintronic applications",10.1016/j.jmmm.2026.174224,2-s2.0-105040037611,105040037611,2026,2026-09-15,Journal of Magnetism and Magnetic Materials,03048853,,Article,,Hebei North University,0,False,https://api.elsevier.com/content/abstract/scopus_id/105040037611,scopus,PENDING,NOT_STARTED,,4,408
First-principles study of the doping-induced feature-rich electronic and magnetic properties of semiconductor germanane monolayer,10.1016/j.chemphys.2026.113175,2-s2.0-105033246338,105033246338,2026,2026-08-01,Chemical Physics,03010104,,Article,,Duy Tan University,0,False,https://api.elsevier.com/content/abstract/scopus_id/105033246338,scopus,PENDING,NOT_STARTED,,4,409
"First-principles study of the structural, magnetic, thermodynamic, and mechanical properties of Fe2CoGa Heusler alloy",10.1007/s12034-026-03652-1,2-s2.0-105047822608,105047822608,2026,2026-09-01,Bulletin of Materials Science,02504707,,Article,,Université Badji Mokhtar - Annaba,0,False,https://api.elsevier.com/content/abstract/scopus_id/105047822608,scopus,PENDING,NOT_STARTED,,4,410
First-principles study on atomic substitution modulating the magnetic and electronic properties of two-dimensional Cs2MnCl4,10.1016/j.cocom.2026.e01369,2-s2.0-105042450713,105042450713,2026,2026-10-01,Computational Condensed Matter,,,Article,,Beijing Jiaotong University,0,False,https://api.elsevier.com/content/abstract/scopus_id/105042450713,scopus,PENDING,NOT_STARTED,,4,411
"Formation, magnetic properties and electronic structure of ScNi2Fe laves phase",10.1016/j.jmmm.2026.174358,2-s2.0-105042609299,105042609299,2026,2026-10-01,Journal of Magnetism and Magnetic Materials,03048853,,Article,,"Inner Mongolia Northern Rare Earth Advanced Materials Technology Innovation Co., Ltd.",0,False,https://api.elsevier.com/content/abstract/scopus_id/105042609299,scopus,PENDING,NOT_STARTED,,4,412
"Geothermal prospect evaluation of northern Benue tough, northeastern Nigeria, from high resolution airborne magnetic data",10.1016/j.geothermics.2026.103676,2-s2.0-105034615246,105034615246,2026,2026-07-01,Geothermics,03756505,,Article,,University of Ibadan,0,False,https://api.elsevier.com/content/abstract/scopus_id/105034615246,scopus,PENDING,NOT_STARTED,,4,413
Giant electro-optic coefficient in phase-engineered PZT thin film under an in-plane electric field,10.1016/j.actamat.2026.122313,2-s2.0-105039466655,105039466655,2026,2026-08-01,Acta Materialia,13596454,,Article,,Huazhong University of Science and Technology,0,False,https://api.elsevier.com/content/abstract/scopus_id/105039466655,scopus,PENDING,NOT_STARTED,,4,414
"Giant perpendicular magnetic anisotropy, above-room-temperature ferromagnetism, and Rashba spin splitting in a van der Waals MnSe2/PtSe2 heterostructure",10.1016/j.jssc.2026.126163,2-s2.0-105041214820,105041214820,2026,2026-10-01,Journal of Solid State Chemistry,00224596,,Article,,Changsha University,0,False,https://api.elsevier.com/content/abstract/scopus_id/105041214820,scopus,PENDING,NOT_STARTED,,4,415
"Hexagonal Yb1−xLuxMnO3, as a potential candidate for cryogenic magnetic refrigeration (Yb1−xLuxMnO3, x = 0.00–0.30)",10.1007/s10853-026-13230-9,2-s2.0-105044312909,105044312909,2026,2026-09-01,Journal of Materials Science,00222461,,Article,,University of Hyderabad,0,False,https://api.elsevier.com/content/abstract/scopus_id/105044312909,scopus,PENDING,NOT_STARTED,,4,416
High Temperature Ferromagnetism in Epitaxial Monolayers of Co-Doped Fe5GeTe2,10.1103/j5rj-f4w4,2-s2.0-105045948259,105045948259,2026,2026-07-24,Physical Review Letters,00319007,,Article,,SPINTEC - Spin in Electronics Research,0,False,https://api.elsevier.com/content/abstract/scopus_id/105045948259,scopus,PENDING,NOT_STARTED,,4,417
High-entropy induced ferromagnetic order and moment enhancement in Ce2Ni17Si9 type intermetallic compound,10.1016/j.intermet.2026.109448,2-s2.0-105044431642,105044431642,2026,2026-10-01,Intermetallics,09669795,,Article,,North China Electric Power University,0,False,https://api.elsevier.com/content/abstract/scopus_id/105044431642,scopus,PENDING,NOT_STARTED,,4,418
High-temperature intrinsic ferromagnetic half-metal in few-layer MnSiTe3,10.1016/j.jmmm.2026.174225,2-s2.0-105039693763,105039693763,2026,2026-09-15,Journal of Magnetism and Magnetic Materials,03048853,,Article,,Nantong University,0,False,https://api.elsevier.com/content/abstract/scopus_id/105039693763,scopus,PENDING,NOT_STARTED,,4,419
High-throughput exploration of Fe/Co-based ternary permanent magnets,10.1016/j.jmmm.2026.174190,2-s2.0-105038354088,105038354088,2026,2026-09-01,Journal of Magnetism and Magnetic Materials,03048853,,Article,,The University of Osaka; Universitas Sam Ratulangi,0,False,https://api.elsevier.com/content/abstract/scopus_id/105038354088,scopus,PENDING,NOT_STARTED,,4,420
Highly Emissive Double π-Helical Molecular Carbons via Nitrogen Integration,10.1002/anie.6341370,2-s2.0-105042564669,105042564669,2026,2026-08-24,Angewandte Chemie International Edition,14337851,,Article,,University of Chinese Academy of Sciences; MOE Key Laboratory of Organic Optoelectronics & Molecular Engineering,0,False,https://api.elsevier.com/content/abstract/scopus_id/105042564669,scopus,PENDING,NOT_STARTED,,4,421
Impact of Se-substitution on the electrical conductivity and optical properties of BaFe12O19,10.1016/j.jpcs.2026.114069,2-s2.0-105047669366,105047669366,2026,2026-12-01,Journal of Physics and Chemistry of Solids,00223697,,Article,,Pukyong National University,0,False,https://api.elsevier.com/content/abstract/scopus_id/105047669366,scopus,PENDING,NOT_STARTED,,4,422
"Integrated geophysical analysis and machine learning for geothermal exploration in the Aswan region, Egypt",10.1016/j.jafrearsci.2026.106264,2-s2.0-105043316184,105043316184,2026,2026-10-01,Journal of African Earth Sciences,1464343X,,Article,,Faculty of Science,0,False,https://api.elsevier.com/content/abstract/scopus_id/105043316184,scopus,PENDING,NOT_STARTED,,4,423
Interacting topological magnons in a Kitaev-Heisenberg honeycomb ferromagnet with Dzyaloshinskii-Moriya interaction,10.1016/j.physb.2026.418743,2-s2.0-105037645664,105037645664,2026,2026-09-01,Physica B Condensed Matter,09214526,,Article,,Jishou University,0,False,https://api.elsevier.com/content/abstract/scopus_id/105037645664,scopus,PENDING,NOT_STARTED,,4,424
"Interatomic hybridization governs phase transition sequence in all-d-metal Heusler-type Mn2PdY(Y=Pt, Ni) compounds",10.1016/j.intermet.2026.109417,2-s2.0-105043493632,105043493632,2026,2026-10-01,Intermetallics,09669795,,Article,,Nanjing Tech University,0,False,https://api.elsevier.com/content/abstract/scopus_id/105043493632,scopus,PENDING,NOT_STARTED,,4,425
Interplay of Magnetocrystalline Anisotropy and Kondo Interaction in Square–Net Lattice CeZn0.65Sb2,10.1021/acs.inorgchem.6c01634,2-s2.0-105046156242,105046156242,2026,2026-07-27,Inorganic Chemistry,00201669,,Article,,Indian Institute of Technology Delhi,0,False,https://api.elsevier.com/content/abstract/scopus_id/105046156242,scopus,PENDING,NOT_STARTED,,4,426
"Interplay of thermal hysteresis, electrical transport, and magnetism in Bi-doped Sm0.55-xBixSr0.45MnO3 (0 ≤ x ≤ 0.1) polycrystalline manganites",10.1007/s10854-026-17855-z,2-s2.0-105043204680,105043204680,2026,2026-06-01,Journal of Materials Science Materials in Electronics,09574522,,Article,,Shenzhen University,0,False,https://api.elsevier.com/content/abstract/scopus_id/105043204680,scopus,PENDING,NOT_STARTED,,4,427
"Investigation of structural, magnetic and transport properties on the effect of vanadium substitution at the Mn site of Co2MnSi",10.1016/j.physb.2026.419004,2-s2.0-105043623753,105043623753,2026,2026-10-15,Physica B Condensed Matter,09214526,,Article,,Indian Institute of Technology Madras,0,False,https://api.elsevier.com/content/abstract/scopus_id/105043623753,scopus,PENDING,NOT_STARTED,,4,428
Investigation on related magnetic properties of FeCrCo alloys with doped elements based on first-principles calculations,10.1016/j.jallcom.2026.189749,2-s2.0-105044986483,105044986483,2026,2026-08-15,Journal of Alloys and Compounds,09258388,,Article,,Taiyuan University of Technology,0,False,https://api.elsevier.com/content/abstract/scopus_id/105044986483,scopus,PENDING,NOT_STARTED,,4,429
La-induced reconstruction of low-temperature magnetic order and enhanced magnetoresistance in EuAl4 single crystals,10.1016/j.jallcom.2026.189926,2-s2.0-105046148082,105046148082,2026,2026-08-15,Journal of Alloys and Compounds,09258388,,Article,,Zhejiang Normal University,0,False,https://api.elsevier.com/content/abstract/scopus_id/105046148082,scopus,PENDING,NOT_STARTED,,4,430
"Large ferromagnetic, ferrovalley and piezoelectric polarizations in thallium-surface-functionalized CrS2 monolayer",10.1016/j.cjph.2026.01.003,2-s2.0-105030952165,105030952165,2026,2026-06-01,Chinese Journal of Physics,05779073,,Article,,Southwest University,0,False,https://api.elsevier.com/content/abstract/scopus_id/105030952165,scopus,PENDING,NOT_STARTED,,4,431
Large tunneling magnetoresistance based on near-room-temperature 2D ferromagnetic semiconductor Cr2Se3,10.1016/j.jallcom.2026.189382,2-s2.0-105042935916,105042935916,2026,2026-07-10,Journal of Alloys and Compounds,09258388,,Article,,Taiyuan University of Technology,0,False,https://api.elsevier.com/content/abstract/scopus_id/105042935916,scopus,PENDING,NOT_STARTED,,4,432
Layer-Resolved Antisite Mapping in MnSb2Te4 Grown by Molecular Beam Epitaxy,10.1021/acsami.6c03553,2-s2.0-105047919196,105047919196,2026,2026-08-19,ACS Applied Materials Interfaces,,,Article,,Universitat Autònoma de Barcelona; CSIC-UAB-GC - Instituto Catalán de Nanociencia y Nanotecnología (ICN2),0,False,https://api.elsevier.com/content/abstract/scopus_id/105047919196,scopus,PENDING,NOT_STARTED,,4,433
Literature Screening and Knowledge Extraction via Domain-Adaptive Transfer Learning with Large Language Models,10.1021/acs.jpcc.6c03290,2-s2.0-105045162218,105045162218,2026,2026-07-16,Journal of Physical Chemistry C,19327447,,Article,,Shanghai University,0,False,https://api.elsevier.com/content/abstract/scopus_id/105045162218,scopus,PENDING,NOT_STARTED,,4,434
"Local magnetic structure in fully and partially ordered V2X Al Heusler alloys (X = Cr, Mn, Fe, Co, Ni)",10.1103/4gsl-4lxv,2-s2.0-105029987612,105029987612,2026,2026-06-02,Physical Review B,24699950,,Article,,University of Science and Technology Beijing,0,False,https://api.elsevier.com/content/abstract/scopus_id/105029987612,scopus,PENDING,NOT_STARTED,,4,435
Long-range ferromagnetic ordering and universality class analysis of polymorphic SmIr3,10.1016/j.jmmm.2026.174348,2-s2.0-105042657233,105042657233,2026,2026-10-01,Journal of Magnetism and Magnetic Materials,03048853,,Article,,Saha Institute of Nuclear Physics; A Constituent unit of Munger University; Rajkiya Mahila Degree College (A Constituent Unit of Munger University),0,False,https://api.elsevier.com/content/abstract/scopus_id/105042657233,scopus,PENDING,NOT_STARTED,,4,436
Low magnetic moment and unconventional magneto-transport in half-Heusler alloy CoVGe,10.1016/j.jmmm.2026.174444,2-s2.0-105045815139,105045815139,2026,2026-10-15,Journal of Magnetism and Magnetic Materials,03048853,,Article,,Bennett University,0,False,https://api.elsevier.com/content/abstract/scopus_id/105045815139,scopus,PENDING,NOT_STARTED,,4,437
Low-temperature magnetic anomalies in orthorhombic yttrium chromite nanoparticles: Indications of magnetic frustration and glassy-like behavior,10.1016/j.jmmm.2026.174012,2-s2.0-105036669794,105036669794,2026,2026-08-01,Journal of Magnetism and Magnetic Materials,03048853,,Article,,Universidade Federal de Goiás,0,False,https://api.elsevier.com/content/abstract/scopus_id/105036669794,scopus,PENDING,NOT_STARTED,,4,438
"Magnetic and magnetotransport properties of Nd1-xSrxMnO3 (x = 0.2, 0.3, 0.4, 0.5) manganites: competing roles of double exchange, polarons, and charge ordering",10.1007/s10854-026-18228-2,2-s2.0-105046877708,105046877708,2026,2026-08-01,Journal of Materials Science Materials in Electronics,09574522,,Article,,Hangzhou Dianzi University,0,False,https://api.elsevier.com/content/abstract/scopus_id/105046877708,scopus,PENDING,NOT_STARTED,,4,439
Magnetic domain modulation in van der Waals material Fe3GaTe2 via external magnetic field,10.1016/j.jallcom.2026.188703,2-s2.0-105039789595,105039789595,2026,2026-06-15,Journal of Alloys and Compounds,09258388,,Article,,National Taiwan Normal University,0,False,https://api.elsevier.com/content/abstract/scopus_id/105039789595,scopus,PENDING,NOT_STARTED,,4,440
Magnetic Properties of Ge-Doped Fe3GaTe2 van der Waals Ferromagnets,10.1021/acs.jpclett.6c00677,2-s2.0-105042996827,105042996827,2026,2026-06-25,Journal of Physical Chemistry Letters,,,Article,,Huazhong University of Science and Technology,0,False,https://api.elsevier.com/content/abstract/scopus_id/105042996827,scopus,PENDING,NOT_STARTED,,4,441
Magnetic shielding limitations during degaussing and thermal alternatives for data sanitization in hard disk drives,10.1016/j.jmmm.2026.174144,2-s2.0-105036091195,105036091195,2026,2026-07-15,Journal of Magnetism and Magnetic Materials,03048853,,Article,,Politechnika Warszawska,0,False,https://api.elsevier.com/content/abstract/scopus_id/105036091195,scopus,PENDING,NOT_STARTED,,4,442
"Magnetic skyrmions in two-dimensional half-metallic MoX2 (X = S, Se)",10.1063/5.0300588,2-s2.0-105043757827,105043757827,2026,2026-06-29,Applied Physics Letters,00036951,,Article,,Guizhou University,0,False,https://api.elsevier.com/content/abstract/scopus_id/105043757827,scopus,PENDING,NOT_STARTED,,4,443
Magnetic-entropy and adiabatic-temperature changes of the skyrmion material Cu2OSeO3 in high fields up to 14 T,10.1016/j.jallcom.2026.188850,2-s2.0-105040000132,105040000132,2026,2026-06-15,Journal of Alloys and Compounds,09258388,,Article,,"Vietnam National University, Hanoi",0,False,https://api.elsevier.com/content/abstract/scopus_id/105040000132,scopus,PENDING,NOT_STARTED,,4,444
Magnetocrystalline Anisotropy in the Tetragonal MnGa Alloys,10.7566/jpsj.95.084702,2-s2.0-105044885207,105044885207,2026,2026-08-15,Journal of the Physical Society of Japan,00319015,,Article,,The University of Osaka; Center for Spintronics Research Network,0,False,https://api.elsevier.com/content/abstract/scopus_id/105044885207,scopus,PENDING,NOT_STARTED,,4,445
Magnetoelectric effect in (C2H5NH3)2CuCl4 crystal,10.1016/j.physb.2026.419149,2-s2.0-105046304952,105046304952,2026,2026-11-01,Physica B Condensed Matter,09214526,,Article,,Ivan Franko National University of Lviv,0,False,https://api.elsevier.com/content/abstract/scopus_id/105046304952,scopus,PENDING,NOT_STARTED,,4,446
Magnetostriction induced lattice distortion in van der Waals ferromagnet Fe3GaTe2,10.1016/j.jallcom.2026.189822,2-s2.0-105044606574,105044606574,2026,2026-08-15,Journal of Alloys and Compounds,09258388,,Article,,"Zhejiang University of Technology; Shanghai Institute of Ceramics, Chinese Academy of Sciences",0,False,https://api.elsevier.com/content/abstract/scopus_id/105044606574,scopus,PENDING,NOT_STARTED,,4,447
Melt-spun Co substituted Mn5Sn3 ribbons for magnetic refrigeration,10.1016/j.mseb.2026.119677,2-s2.0-105044158150,105044158150,2026,2026-10-01,Materials Science and Engineering B,09215107,,Article,,National Institute of Technology Tiruchirappalli,0,False,https://api.elsevier.com/content/abstract/scopus_id/105044158150,scopus,PENDING,NOT_STARTED,,4,448
"Micro-structural, magnetic memory effect studies in nickel ferrite nanoparticles synthesized using a facile synthesis",10.1007/s12034-026-03682-9,2-s2.0-105047931182,105047931182,2026,2026-09-01,Bulletin of Materials Science,02504707,,Article,,Academy of Scientific and Innovative Research (AcSIR); National Institute for Interdisciplinary Science and Technology,0,False,https://api.elsevier.com/content/abstract/scopus_id/105047931182,scopus,PENDING,NOT_STARTED,,4,449
Multifunctional heterojunction and homojunction with nearly type-II spin gapless semiconductor FeVTaAl,10.1016/j.jallcom.2026.189027,2-s2.0-105040671275,105040671275,2026,2026-06-25,Journal of Alloys and Compounds,09258388,,Article,,Taiyuan University of Technology,0,False,https://api.elsevier.com/content/abstract/scopus_id/105040671275,scopus,PENDING,NOT_STARTED,,4,450
Multiple van Hove Singularities and Layer-Selective Magnetization Switching in the AA-Stacked VSiN3 Bilayer,10.1021/acs.langmuir.6c02726,2-s2.0-105046340121,105046340121,2026,2026-07-28,Langmuir the ACS Journal of Surfaces and Colloids,,,Article,,Chuxiong Normal College,0,False,https://api.elsevier.com/content/abstract/scopus_id/105046340121,scopus,PENDING,NOT_STARTED,,4,451
Nitrogen co-doping in Cr-doped ZnTe nanowires: DFT insights into ferromagnetism suppression and optical modulation,10.1016/j.cocom.2026.e01423,2-s2.0-105046585847,105046585847,2026,2026-10-01,Computational Condensed Matter,,,Article,,Hainan Tropical Ocean University,0,False,https://api.elsevier.com/content/abstract/scopus_id/105046585847,scopus,PENDING,NOT_STARTED,,4,452
Nitrogen-driven ferromagnetism and perpendicular magnetic anisotropy in two-dimensional transition-metal nitrides,10.1063/5.0331410,2-s2.0-105041251195,105041251195,2026,2026-06-14,Journal of Chemical Physics,00219606,,Article,,Guizhou University,0,False,https://api.elsevier.com/content/abstract/scopus_id/105041251195,scopus,PENDING,NOT_STARTED,,4,453
Noninnocent Ligands as a Design Strategy for Fully Compensated Ferrimagnetism in Two-Dimensional Metal–Organic Frameworks,10.1021/jacs.6c06650,2-s2.0-105046649376,105046649376,2026,2026-08-05,Journal of the American Chemical Society,00027863,,Article,,Hefei National Laboratory for Physical Sciences at the Microscale,0,False,https://api.elsevier.com/content/abstract/scopus_id/105046649376,scopus,PENDING,NOT_STARTED,,4,454
Optimization of efficiency and temperature uniformity in induction heating with 3D workpieces,10.1016/j.cej.2026.177652,2-s2.0-105039699210,105039699210,2026,2026-07-15,Chemical Engineering Journal,13858947,,Article,,Technische Universiteit Eindhoven,0,False,https://api.elsevier.com/content/abstract/scopus_id/105039699210,scopus,PENDING,NOT_STARTED,,4,455
Optimizing the ferromagnetism of NixGe1-x dilute magnetic semiconductor thin-film by manipulating Ni doping level,10.1016/j.vacuum.2026.115698,2-s2.0-105046536732,105046536732,2026,2026-11-01,Vacuum,0042207X,,Article,,Yunnan University,0,False,https://api.elsevier.com/content/abstract/scopus_id/105046536732,scopus,PENDING,NOT_STARTED,,4,456
Orbital occupation regulation dominated by spin-valence evolution: the bifunctional catalytic mechanism and rational design of Mn–N4–C,10.1039/d6ta01234e,2-s2.0-105047526858,105047526858,2026,2026-08-13,Journal of Materials Chemistry A,20507488,,Article,,Ningxia University,0,False,https://api.elsevier.com/content/abstract/scopus_id/105047526858,scopus,PENDING,NOT_STARTED,,4,457
Phase-transition induced magnetic domain evolution and magnetization dynamics in FePt/FeRh Bilayers for advanced heat-assisted magnetic recording,10.1016/j.jallcom.2026.189801,2-s2.0-105045101261,105045101261,2026,2026-08-15,Journal of Alloys and Compounds,09258388,,Article,,National Institute for Materials Science; Indian Institute of Technology Hyderabad,0,False,https://api.elsevier.com/content/abstract/scopus_id/105045101261,scopus,PENDING,NOT_STARTED,,4,458
Predicting the formation of new stable Janus SnSO monolayer and its functionalization towards spintronic applications,10.1016/j.matchemphys.2026.132673,2-s2.0-105039849010,105039849010,2026,2026-08-01,Materials Chemistry and Physics,02540584,,Article,,Can Tho University,0,False,https://api.elsevier.com/content/abstract/scopus_id/105039849010,scopus,PENDING,NOT_STARTED,,4,459
Pressure-induced thermal expansion anomalies in dhcp iron hydride associated with magnetoelastic coupling,10.1063/5.0340829,2-s2.0-105044189374,105044189374,2026,2026-07-07,Journal of Chemical Physics,00219606,,Article,,The University of Tokyo; Yale University,0,False,https://api.elsevier.com/content/abstract/scopus_id/105044189374,scopus,PENDING,NOT_STARTED,,4,460
Pressure-Selective Magnetic Switching via Spatially Separated Soft Interlayer and Rigid Charge-Transfer Intralayer,10.1021/jacs.6c10267,2-s2.0-105047946214,105047946214,2026,2026-08-19,Journal of the American Chemical Society,,,Article,,The University of Tokyo,0,False,https://api.elsevier.com/content/abstract/scopus_id/105047946214,scopus,PENDING,NOT_STARTED,,4,461
Properties of zinc- and manganese-substituted lithium ferrite nanocrystallites via sol-gel auto-combustion for capacitive wireless power transfer systems,10.1016/j.ceramint.2026.05.454,2-s2.0-105040677399,105040677399,2026,2026-07-01,Ceramics International,02728842,,Article,,National Institute of Technology Manipur,0,False,https://api.elsevier.com/content/abstract/scopus_id/105040677399,scopus,PENDING,NOT_STARTED,,4,462
Quantitatively separating superexchange and direct exchange interactions in 2D ferromagnetic materials,10.1063/5.0340838,2-s2.0-105046508612,105046508612,2026,2026-08-03,Applied Physics Letters,00036951,,Article,,Shandong Normal University,0,False,https://api.elsevier.com/content/abstract/scopus_id/105046508612,scopus,PENDING,NOT_STARTED,,4,463
Quantum spin Hall insulator with altermagnetism in NiNbSe2 bilayer,10.1016/j.cjph.2026.03.033,2-s2.0-105035192325,105035192325,2026,2026-08-01,Chinese Journal of Physics,05779073,,Article,,Hubei University of Automotive Technology,0,False,https://api.elsevier.com/content/abstract/scopus_id/105035192325,scopus,PENDING,NOT_STARTED,,4,464
Realization of high-temperature metallic altermagnetism in transition metal graphite intercalation compounds,10.1039/d5tc04440e,2-s2.0-105036844032,105036844032,2026,2026-06-18,Journal of Materials Chemistry C,20507526,,Article,,State Key Laboratory of Advanced Special Steel,0,False,https://api.elsevier.com/content/abstract/scopus_id/105036844032,scopus,PENDING,NOT_STARTED,,4,465
Regulation of defect evolution and magneto-structural coupling in Ni-Co-Mn-Sn alloys by Co content and thermal history,10.1016/j.mtphys.2026.102138,2-s2.0-105040741830,105040741830,2026,2026-06-01,Materials Today Physics,,,Article,,"School of Materials Science and Engineering, Harbin Institute of Technology",0,False,https://api.elsevier.com/content/abstract/scopus_id/105040741830,scopus,PENDING,NOT_STARTED,,4,466
"Rift-related basement tectonics in the Krishna-Godavari offshore basin, Eastern Continental margin of India: Insight from multichannel seismic data and potential field analysis",10.1016/j.margeo.2026.107800,2-s2.0-105039219608,105039219608,2026,2026-08-01,Marine Geology,00253227,,Article,,Academy of Scientific and Innovative Research (AcSIR); National Institute of Oceanography India,0,False,https://api.elsevier.com/content/abstract/scopus_id/105039219608,scopus,PENDING,NOT_STARTED,,4,467
Room temperature ferromagnetic Weyl nodal-line Semimetal in two-dimensional TiMnB6 transition-metal boride,10.1016/j.jallcom.2026.189025,2-s2.0-105040660767,105040660767,2026,2026-06-20,Journal of Alloys and Compounds,09258388,,Article,,Hebei Normal University; Jiangsu Vocational College of Electronics and Information,0,False,https://api.elsevier.com/content/abstract/scopus_id/105040660767,scopus,PENDING,NOT_STARTED,,4,468
Room-Temperature 2D Topological Ferrimagnetic Semiconductors With Multiple Electronic Phase Transitions,10.1002/adfm.77152,2-s2.0-105045185907,105045185907,2026,2026-08-13,Advanced Functional Materials,1616301X,,Article,,"Key Laboratory for Anisotropy and Texture of Materials, Ministry of Education, Northeastern University",0,False,https://api.elsevier.com/content/abstract/scopus_id/105045185907,scopus,PENDING,NOT_STARTED,,4,469
Spin and orbital magnetism in UH2 thin films studied by X-ray magnetic circular dichroism,10.1016/j.apsusc.2026.166753,2-s2.0-105034572838,105034572838,2026,2026-08-01,Applied Surface Science,01694332,,Article,,Institute of Physics of the Czech Academy of Sciences,0,False,https://api.elsevier.com/content/abstract/scopus_id/105034572838,scopus,PENDING,NOT_STARTED,,4,470
Structural and magnetic properties of hydrothermally synthesized Zn-substituted cobalt ferrite nanoparticles,10.1557/s43579-026-01000-2,2-s2.0-105043449132,105043449132,2026,2026-08-01,MRS Communications,21596859,,Article,,Andhra University,0,False,https://api.elsevier.com/content/abstract/scopus_id/105043449132,scopus,PENDING,NOT_STARTED,,4,471
"Structural Phase Transition and Magnetic Properties in Mn2−xCuxSnS4 (x = 0, 0.05, 0.1, 0.6, 0.7): From Defect Rock Salt to Disordered Spinel",10.1002/ejic.70227,2-s2.0-105038175556,105038175556,2026,2026-06-22,European Journal of Inorganic Chemistry,14341948,,Article,,National Institute of Technology Rourkela,0,False,https://api.elsevier.com/content/abstract/scopus_id/105038175556,scopus,PENDING,NOT_STARTED,,4,472
"Structure, magnetism and realization of martensitic transformation in Heusler alloys Mn2NiSn1-xCux (x = 0–1) melt-spun ribbons",10.1016/j.jallcom.2026.189748,2-s2.0-105044304598,105044304598,2026,2026-07-25,Journal of Alloys and Compounds,09258388,,Article,,Hebei University of Technology,0,False,https://api.elsevier.com/content/abstract/scopus_id/105044304598,scopus,PENDING,NOT_STARTED,,4,473
"Study of electronic, magnetic, thermoelectric, and mechanical aspects of Ba2ZTaO6 (Z = Fe, Mn, Co) for spintronic and energy harvesting",10.1016/j.jpcs.2026.113770,2-s2.0-105036247044,105036247044,2026,2026-09-01,Journal of Physics and Chemistry of Solids,00223697,,Article,,Jouf University,0,False,https://api.elsevier.com/content/abstract/scopus_id/105036247044,scopus,PENDING,NOT_STARTED,,4,474
Study of the Electrocaloric Effect Through Experimentation and Modeling in BCT Compounds,10.1007/s10909-026-03425-4,2-s2.0-105040827937,105040827937,2026,2026-06-01,Journal of Low Temperature Physics,00222291,,Article,,Université Chouaib Doukkali,0,False,https://api.elsevier.com/content/abstract/scopus_id/105040827937,scopus,PENDING,NOT_STARTED,,4,475
"Studying of magnetic properties of monolayer CrXY (X=S,Se,Te;Y=Cl,Br,I) Van Der Waals magnet materials",10.3969/j.issn.1001-9731.2026.06.024,2-s2.0-105045352894,105045352894,2026,2026-06-30,Gongneng Cailiao Journal of Functional Materials,10019731,,Article,,Xi'an Shiyou University,0,False,https://api.elsevier.com/content/abstract/scopus_id/105045352894,scopus,PENDING,NOT_STARTED,,4,476
Surface Modification and Gradient Polarization Synergistically Enhance the Piezoelectric Properties of P(VDF-TrFE) for High Resolution Photoacoustic Imaging,10.1021/acssensors.6c01128,2-s2.0-105042901734,105042901734,2026,2026-06-26,ACS Sensors,,,Article,,"National Innovation Platform (Center) for Industry-Education Integration of Energy Storage Technology, Xi'an Jiaotong University",0,False,https://api.elsevier.com/content/abstract/scopus_id/105042901734,scopus,PENDING,NOT_STARTED,,4,477
"Synthesis and magnetic properties tailoring of high-entropy rare-earth chromates (M0.2La0.2Eu0.2Nd0.2Gd0.2)CrO3 (M = Dy, Ho, Er)",10.1016/j.ceramint.2026.04.053,2-s2.0-105035060996,105035060996,2026,2026-06-01,Ceramics International,02728842,,Article,,Guilin University of Technology,0,False,https://api.elsevier.com/content/abstract/scopus_id/105035060996,scopus,PENDING,NOT_STARTED,,4,478
"Synthesis, crystal structure, and magnetic properties of quaternary PrCo2.5FeAl1.5 alloy",10.1007/s10854-026-18089-9,2-s2.0-105046106142,105046106142,2026,2026-07-01,Journal of Materials Science Materials in Electronics,09574522,,Article,,Baise University,0,False,https://api.elsevier.com/content/abstract/scopus_id/105046106142,scopus,PENDING,NOT_STARTED,,4,479
"Tailoring microstructure, mechanical and magnetic properties of additively manufactured AlCoCuFeNi alloy via process control and heat treatment",10.1016/j.mtla.2026.102861,2-s2.0-105046527581,105046527581,2026,2026-09-01,Materialia,,,Article,,University of Houston; Cullen College of Engineering,0,False,https://api.elsevier.com/content/abstract/scopus_id/105046527581,scopus,PENDING,NOT_STARTED,,4,480
"The influence of erbium oxide on the structural, optical, and electrical properties of triglycine sulfate crystal for pyroelectric applications",10.1016/j.ceramint.2026.03.393,2-s2.0-105039653627,105039653627,2026,2026-07-01,Ceramics International,02728842,,Article,,Faculty of Science,0,False,https://api.elsevier.com/content/abstract/scopus_id/105039653627,scopus,PENDING,NOT_STARTED,,4,481
The magnetic properties and phase transformations of Cu52Ni15Sn8Mn25 (at %) alloy at different annealing temperatures,10.1016/j.ssc.2026.116564,2-s2.0-105047001183,105047001183,2026,2026-10-01,Solid State Communications,00381098,,Article,,Taiyuan University of Science and Technology,0,False,https://api.elsevier.com/content/abstract/scopus_id/105047001183,scopus,PENDING,NOT_STARTED,,4,482
Theoretical exploration of NIR-II circularly polarized luminescence in open-shell boron-embedded pyrene–naphthalene helicenes,10.1039/d6cp00132g,2-s2.0-105041039907,105041039907,2026,2026-06-24,Physical Chemistry Chemical Physics,14639076,,Article,,Hebei University,0,False,https://api.elsevier.com/content/abstract/scopus_id/105041039907,scopus,PENDING,NOT_STARTED,,4,483
Theoretical prediction and verification of magnetic properties of entropy modulated R2Co17 (R=rare earth) intermetallic compounds with valence electron structures,10.1016/j.jallcom.2026.190122,2-s2.0-105046390265,105046390265,2026,2026-08-15,Journal of Alloys and Compounds,09258388,,Article,,North China Electric Power University,0,False,https://api.elsevier.com/content/abstract/scopus_id/105046390265,scopus,PENDING,NOT_STARTED,,4,484
Theoretical Study of the Magnetoelectric Effect in Tb2(MoO4)O3,10.1002/pssb.70272,2-s2.0-105043677016,105043677016,2026,2026-07-01,Physica Status Solidi B Basic Research,03701972,,Article,,"University of Architecture, Civil Engineering and Geodesy",0,False,https://api.elsevier.com/content/abstract/scopus_id/105043677016,scopus,PENDING,NOT_STARTED,,4,485
Thermally induced phase transformations of barbosalite and magnetic studies using Mössbauer spectroscopy,10.1088/1402-4896/ae813f,2-s2.0-105044116036,105044116036,2026,2026-07-01,Physica Scripta,00318949,,Article,,National Institute of Technology Manipur,0,False,https://api.elsevier.com/content/abstract/scopus_id/105044116036,scopus,PENDING,NOT_STARTED,,4,486
"Thermodynamics, mechanical, electronic, magnetic aspects, and favorable energy harvesting response in LaCu3Fe2TiSbO12: Strain deformation",10.1016/j.physb.2026.418711,2-s2.0-105036437794,105036437794,2026,2026-08-15,Physica B Condensed Matter,09214526,,Article,,University of Sargodha,0,False,https://api.elsevier.com/content/abstract/scopus_id/105036437794,scopus,PENDING,NOT_STARTED,,4,487
Topological Hall Effect in Antiferromagnetic Co-Doped Fe3GaTe2,10.1021/acsnano.6c00559,2-s2.0-105043461985,105043461985,2026,2026-06-30,ACS Nano,19360851,,Article,,National High Magnetic Field Laboratory; College of Arts and Sciences,0,False,https://api.elsevier.com/content/abstract/scopus_id/105043461985,scopus,PENDING,NOT_STARTED,,4,488
Tracing the disentangled charge and spin fluctuations in ferromagnetic CrGeTe3 with charge gap evolution,10.1007/s11433-026-2939-x,2-s2.0-105037665932,105037665932,2026,2026-06-01,Science China Physics Mechanics and Astronomy,16747348,,Article,,ShanghaiTech University,0,False,https://api.elsevier.com/content/abstract/scopus_id/105037665932,scopus,PENDING,NOT_STARTED,,4,489
"Tunable negative and low thermal expansion in magnetic calcite-type Fe1−xCrxBO3 (x = 0.0, 0.14, 1.0) borates: a comprehensive in situ study",10.1039/d6tc01009a,2-s2.0-105040775402,105040775402,2026,2026-07-23,Journal of Materials Chemistry C,20507526,,Article,,I. V. Grebenshchikov Institute of Silicate Chemistry of the Russian Academy of Sciences,0,False,https://api.elsevier.com/content/abstract/scopus_id/105040775402,scopus,PENDING,NOT_STARTED,,4,490
Tunable proton-to-electron transport and conductivity switching in the α-FeOOH / α-Fe2O3 mesoporous composites,10.1016/j.solidstatesciences.2026.108277,2-s2.0-105034267926,105034267926,2026,2026-06-01,Solid State Sciences,12932558,,Article,,Georgian Technical University; RegulMedical; Biotron Energy Inc.,0,False,https://api.elsevier.com/content/abstract/scopus_id/105034267926,scopus,PENDING,NOT_STARTED,,4,491
Tunable symmetry breaking in a hexagonal-stacked moiré magnet,10.1038/s41567-026-03275-7,2-s2.0-105037318043,105037318043,2026,2026-06-01,Nature Physics,17452473,,Article,,"University of Michigan, Ann Arbor",0,False,https://api.elsevier.com/content/abstract/scopus_id/105037318043,scopus,PENDING,NOT_STARTED,,4,492
Tuning low-temperature thermodynamic properties in Ho1−xGdxCoC,10.1016/j.cryogenics.2026.104413,2-s2.0-105043622112,105043622112,2026,2026-09-01,Cryogenics,00112275,,Article,,Ehime University,0,False,https://api.elsevier.com/content/abstract/scopus_id/105043622112,scopus,PENDING,NOT_STARTED,,4,493
Tuning magnetic properties of rare-earth-free ferromagnetic Fe2Ni2N alloys via strain,10.1016/j.jmmm.2026.174453,2-s2.0-105045964277,105045964277,2026,2026-10-15,Journal of Magnetism and Magnetic Materials,03048853,,Article,,Edward E. Whitacre Jr. College of Engineering,0,False,https://api.elsevier.com/content/abstract/scopus_id/105045964277,scopus,PENDING,NOT_STARTED,,4,494
Tuning of competing magnetic interactions and enhanced skyrmion stability at elevated temperatures in β-Mn type Co7Zn7Mn6 chiral magnet,10.1016/j.jallcom.2026.190231,2-s2.0-105046370805,105046370805,2026,2026-09-25,Journal of Alloys and Compounds,09258388,,Article,,Indian Institute of Technology (BHU) Varanasi,0,False,https://api.elsevier.com/content/abstract/scopus_id/105046370805,scopus,PENDING,NOT_STARTED,,4,495
Two-Dimensional Ferromagnetism in Ultrathin MnSi Films,10.1002/adfm.77160,2-s2.0-105044999046,105044999046,2026,2026-08-13,Advanced Functional Materials,1616301X,,Article,,Shanghai Institute of Optics and Fine Mechanics Chinese Academy of Sciences,0,False,https://api.elsevier.com/content/abstract/scopus_id/105044999046,scopus,PENDING,NOT_STARTED,,4,496
Unconventional critical behavior and complex magnetic interactions in half-metallic ferromagnet Co2VAl,10.1016/j.jmmm.2026.174111,2-s2.0-105035497132,105035497132,2026,2026-07-01,Journal of Magnetism and Magnetic Materials,03048853,,Article,,Banaras Hindu University,0,False,https://api.elsevier.com/content/abstract/scopus_id/105035497132,scopus,PENDING,NOT_STARTED,,4,497
Unravelling the local structure and magnetic dynamics of Cu-doped MnV2O4,10.1088/1361-648x/ae859f,2-s2.0-105045856654,105045856654,2026,2026-07-24,Journal of Physics Condensed Matter,09538984,,Article,,Indian Institute of Technology Kanpur,0,False,https://api.elsevier.com/content/abstract/scopus_id/105045856654,scopus,PENDING,NOT_STARTED,,4,498
Unveiling coupled spin–phonon dynamics and functional behavior in Zr3TiFe8 compound: experimental and first-principles insights,10.1007/s12034-026-03588-6,2-s2.0-105035817377,105035817377,2026,2026-06-01,Bulletin of Materials Science,02504707,,Article,,"Université de Tunis El Manar, Faculté des Sciences de Tunis",0,False,https://api.elsevier.com/content/abstract/scopus_id/105035817377,scopus,PENDING,NOT_STARTED,,4,499
Vanadium substitutional solid solution effects on the magnetic properties of 2H-MoSe2: A DFT+U study,10.1016/j.cocom.2026.e01416,2-s2.0-105046548377,105046548377,2026,2026-10-01,Computational Condensed Matter,,,Article,,Injibara University,0,False,https://api.elsevier.com/content/abstract/scopus_id/105046548377,scopus,PENDING,NOT_STARTED,,4,500
