title,doi,eid,scopus_id,year,cover_date,journal,issn,publisher,document_type,authors,affiliations,cited_by_count,open_access,scopus_url,discovery_source,review_status,download_status,oa_pdf_url,priority_score,candidate_rank
Re-entrant relaxor ferroelectric behaviour in Nb-doped BiFeO3-BaTiO3 ceramics,10.1039/d2tc04702k,2-s2.0-85147386696,85147386696,2023,2023-01-24,Journal of Materials Chemistry C,,,Article,,The University of Manchester,41,True,https://api.elsevier.com/content/abstract/scopus_id/85147386696,scopus,PENDING,NOT_STARTED,,30,1
A nickel(ii)-based one-dimensional organic-inorganic halide perovskite ferroelectric with the highest Curie temperature,10.1039/d2sc05857j,2-s2.0-85147232936,85147232936,2023,2023-01-19,Chemical Science,20416520,,Article,,Zhejiang Normal University,36,True,https://api.elsevier.com/content/abstract/scopus_id/85147232936,scopus,PENDING,NOT_STARTED,,30,2
The effect of Ba/Sr ratio on the Curie temperature for ferroelectric barium strontium titanate ceramics,10.1142/s2010135x20500216,2-s2.0-85093526220,85093526220,2020,2020-10-01,Journal of Advanced Dielectrics,2010135X,,Article,,"Al-Ayen Iraqi University, AUIQ; Directorate-General for Education Dhi Qar",60,True,https://api.elsevier.com/content/abstract/scopus_id/85093526220,scopus,PENDING,NOT_STARTED,,30,3
"Increase of Curie point of BaTiO3 ceramics by stoichiometry, point defects and doping processing",10.1142/s2010135x24500127,2-s2.0-85194935152,85194935152,2025,2025-02-01,Journal of Advanced Dielectrics,2010135X,,Article,,Northeastern University at Qinhuangdao,13,True,https://api.elsevier.com/content/abstract/scopus_id/85194935152,scopus,PENDING,NOT_STARTED,,28,4
Effect of phase structure on the electrical properties of BiFeO3–BaTiO3-based ferroelectric ceramics,10.1142/s2010135x25500134,2-s2.0-105004905219,105004905219,2025,2025-12-01,Journal of Advanced Dielectrics,2010135X,,Article,,Guizhou University,9,True,https://api.elsevier.com/content/abstract/scopus_id/105004905219,scopus,PENDING,NOT_STARTED,,28,5
Susceptible Antiferroelectric/Ferroelectric Transitions in Silver Niobate-Based Ceramics Induced by Manual Mechanical Processing,10.1021/acs.inorgchem.5c03344,2-s2.0-105030453191,105030453191,2026,2026-02-16,Inorganic Chemistry,00201669,,Article,,Xi'an Jiaotong University; The Australian National University; Shaanxi University of Science and Technology,1,True,https://api.elsevier.com/content/abstract/scopus_id/105030453191,scopus,PENDING,NOT_STARTED,,26,6
Research on Improving Energy Storage Density and Efficiency of Dielectric Ceramic Ferroelectric Materials Based on BaTiO3 Doping with Multiple Elements,10.3390/jcs7060233,2-s2.0-85163729697,85163729697,2023,2023-06-01,Journal of Composites Science,,,Article,,Shandong University,26,True,https://api.elsevier.com/content/abstract/scopus_id/85163729697,scopus,PENDING,NOT_STARTED,,25,7
"A multifunctional molecular ferroelectric with chiral features, a high Curie temperature, large spontaneous polarization and photoluminescence: (C9H14N)2CdBr4",10.1039/d1sc03964d,2-s2.0-85117229120,85117229120,2021,2021-10-21,Chemical Science,20416520,,Article,,Jiangxi University of Science and Technology,45,True,https://api.elsevier.com/content/abstract/scopus_id/85117229120,scopus,PENDING,NOT_STARTED,,25,8
Intrinsic ferroelectric elastomers with ultrahigh Curie temperature and fast polarization switching,10.1038/s41467-025-64263-8,2-s2.0-105019113718,105019113718,2025,2025-12-01,Nature Communications,,,Article,,Beijing University of Chemical Technology,12,True,https://api.elsevier.com/content/abstract/scopus_id/105019113718,scopus,PENDING,NOT_STARTED,,24,9
Enhancement of Piezoelectricity by Novel Poling Method of the Rare-Earth Modified BiFeO3–BaTiO3 Lead-Free Ceramics,10.1002/aelm.202201210,2-s2.0-85149044242,85149044242,2023,2023-05-01,Advanced Electronic Materials,,,Article,,Central South University,43,True,https://api.elsevier.com/content/abstract/scopus_id/85149044242,scopus,PENDING,NOT_STARTED,,24,10
Deciphering the leakage conduction mechanism of BiFeO3–BaTiO3 lead-free piezoelectric ceramics,10.26599/jac.2023.9220792,2-s2.0-85177435146,85177435146,2023,2023-01-01,Journal of Advanced Ceramics,22264108,,Article,,University of Science and Technology Beijing,40,True,https://api.elsevier.com/content/abstract/scopus_id/85177435146,scopus,PENDING,NOT_STARTED,,24,11
An organic plastic ferroelectric with high Curie point,10.1039/d1sc06781h,2-s2.0-85123942069,85123942069,2022,2022-01-21,Chemical Science,20416520,,Article,,Nanchang University,34,True,https://api.elsevier.com/content/abstract/scopus_id/85123942069,scopus,PENDING,NOT_STARTED,,24,12
Phase diagram for Bi-site La-doped BiFeO3[sbnd]BaTiO3 lead-free piezoelectric ceramics,10.1016/j.jmat.2020.07.001,2-s2.0-85091999172,85091999172,2021,2021-01-01,Journal of Materiomics,23528478,,Article,,Changwon National University,61,True,https://api.elsevier.com/content/abstract/scopus_id/85091999172,scopus,PENDING,NOT_STARTED,,24,13
Thickness- And orientation- dependences of Curie temperature in ferroelectric epitaxial y doped HfO2 films,10.35848/1347-4065/ab6d84,2-s2.0-85083288344,85083288344,2020,2020-04-01,Japanese Journal of Applied Physics,00214922,,Article,,Institute of Science Tokyo,39,True,https://api.elsevier.com/content/abstract/scopus_id/85083288344,scopus,PENDING,NOT_STARTED,,24,14
Hard piezoelectric properties of lead-free BiFeO3–BaTiO3 ceramics,10.1111/jace.19439,2-s2.0-85170239438,85170239438,2024,2024-01-01,Journal of the American Ceramic Society,00027820,,Article,,Changwon National University,22,True,https://api.elsevier.com/content/abstract/scopus_id/85170239438,scopus,PENDING,NOT_STARTED,,23,15
Enhanced piezoelectric properties and thermal stability of Bi0.5Na0.5TiO3 modified BiFeO3–BaTiO3 ceramics with morphotropic phase boundary,10.1016/j.jmat.2023.01.001,2-s2.0-85150447505,85150447505,2023,2023-05-01,Journal of Materiomics,23528478,,Article,,Shanghai University; Guilin University of Electronic Technology; Foshan (Southern China) Institute for New Materials,38,True,https://api.elsevier.com/content/abstract/scopus_id/85150447505,scopus,PENDING,NOT_STARTED,,23,16
Phase and domain engineering strategy for enhancement of piezoelectricity in the lead-free BiFeO3-BaTiO3 ceramics,10.1016/j.jmat.2023.02.015,2-s2.0-85159902348,85159902348,2023,2023-09-01,Journal of Materiomics,23528478,,Article,,Central South University,30,True,https://api.elsevier.com/content/abstract/scopus_id/85159902348,scopus,PENDING,NOT_STARTED,,23,17
Investigation of lead-free BiFeO3-BaTiO3 piezoelectric ceramics through precise composition control,10.1142/s2010135x23500182,2-s2.0-85172664292,85172664292,2023,2023-12-01,Journal of Advanced Dielectrics,2010135X,,Article,,Shenzhen Institutes of Advanced Technology; Guilin University of Technology,21,True,https://api.elsevier.com/content/abstract/scopus_id/85172664292,scopus,PENDING,NOT_STARTED,,23,18
Non-equimolar bismuth-layered [CaxSr(1–x)/3Ba(1–x)/3Pb(1–x)/3]Bi4Ti4O15 high-entropy ceramics with high curie temperature,10.1016/j.jmat.2024.100945,2-s2.0-85210770461,85210770461,2025,2025-07-01,Journal of Materiomics,23528478,,Article,,State Key Laboratory of Solidification Processing,16,True,https://api.elsevier.com/content/abstract/scopus_id/85210770461,scopus,PENDING,NOT_STARTED,,22,19
High-piezoelectric lead-free BiFeO3[sbnd]BaTiO3 ceramics with enhanced temperature stability and mechanical properties,10.1016/j.jmat.2024.100937,2-s2.0-85214450009,85214450009,2025,2025-07-01,Journal of Materiomics,23528478,,Article,,University of Science and Technology Beijing,13,True,https://api.elsevier.com/content/abstract/scopus_id/85214450009,scopus,PENDING,NOT_STARTED,,22,20
Tuning the electrical conductivity and Maxwell-Wagner relaxation in BiFeO3–BaTiO3 piezoceramics,10.1016/j.jeurceramsoc.2024.04.046,2-s2.0-85191481934,85191481934,2024,2024-09-01,Journal of the European Ceramic Society,09552219,,Article,,"Institut ""Jožef Stefan""",16,True,https://api.elsevier.com/content/abstract/scopus_id/85191481934,scopus,PENDING,NOT_STARTED,,22,21
Solid solutions of lithium niobate and lithium tantalate: crystal growth and the ferroelectric transition,10.1080/00150193.2023.2189842,2-s2.0-85161623892,85161623892,2023,2023-01-01,Ferroelectrics,00150193,,Article,,Leibniz-Institut für Kristallzüchtung,26,True,https://api.elsevier.com/content/abstract/scopus_id/85161623892,scopus,PENDING,NOT_STARTED,,22,22
The classical-to-quantum crossover in the strain-induced ferroelectric transition in SrTiO3 membranes,10.1038/s41467-025-59517-4,2-s2.0-105005027529,105005027529,2025,2025-12-01,Nature Communications,,,Article,,SLAC National Accelerator Laboratory,16,True,https://api.elsevier.com/content/abstract/scopus_id/105005027529,scopus,PENDING,NOT_STARTED,,21,23
Unlocking the phase evolution of the hidden non-polar to ferroelectric transition in HfO2-based bulk crystals,10.1038/s41467-025-59018-4,2-s2.0-105003230637,105003230637,2025,2025-12-01,Nature Communications,,,Article,,State Key Laboratory of Crystal Materials,12,True,https://api.elsevier.com/content/abstract/scopus_id/105003230637,scopus,PENDING,NOT_STARTED,,21,24
Mesoscale mechanisms of the diffuse dielectric behaviour and retention of the polar nano-regions in the polycrystalline ferroelectric BaTiO3,10.1016/j.jmat.2025.101014,2-s2.0-85217777830,85217777830,2025,2025-09-01,Journal of Materiomics,23528478,,Article,,Ural Federal University,8,True,https://api.elsevier.com/content/abstract/scopus_id/85217777830,scopus,PENDING,NOT_STARTED,,20,25
"High dielectric constant and low temperature ferroelectric-phase-transition in Ca, Pb co-doped BiFeO3",10.1016/j.rinp.2020.103623,2-s2.0-85097741968,85097741968,2021,2021-01-01,Results in Physics,,,Article,,Anhui University,27,True,https://api.elsevier.com/content/abstract/scopus_id/85097741968,scopus,PENDING,NOT_STARTED,,20,26
High-Precision Delineation of Curie Point Depth Under Remanent Magnetization Using Physics-Informed Neural Networks,10.1029/2025gl120275,2-s2.0-105035055444,105035055444,2026,2026-04-16,Geophysical Research Letters,00948276,,Article,,School of Geophysics and Information Technology,2,True,https://api.elsevier.com/content/abstract/scopus_id/105035055444,scopus,PENDING,NOT_STARTED,,19,27
Enhancement of Curie temperature in ferromagnetic insulator-topological insulator heterostructures,10.1088/1361-6633/ae3982,2-s2.0-105028951880,105028951880,2026,2026-01-01,Reports on Progress in Physics,00344885,,Article,,The Ohio State University,1,True,https://api.elsevier.com/content/abstract/scopus_id/105028951880,scopus,PENDING,NOT_STARTED,,19,28
"Investigations on stability, Gilbert damping, electronic and magnetic properties along with Curie temperature for quaternary Heusler alloys CrTiCoZ",10.1016/j.rinp.2024.107512,2-s2.0-85186644885,85186644885,2024,2024-03-01,Results in Physics,,,Article,,Lanzhou University; Lanzhou Jiaotong University,24,True,https://api.elsevier.com/content/abstract/scopus_id/85186644885,scopus,PENDING,NOT_STARTED,,19,29
"Electronic phase transition, perpendicular magnetic anisotropy and high Curie temperature in Janus FeClF",10.1088/2053-1583/ace5bb,2-s2.0-85165635970,85165635970,2023,2023-10-01,2d Materials,,,Article,,Huazhong University of Science and Technology,27,True,https://api.elsevier.com/content/abstract/scopus_id/85165635970,scopus,PENDING,NOT_STARTED,,19,30
Temperature dependence of dielectric nonlinearity of BaTiO3 ceramics,10.20517/microstructures.2023.43,2-s2.0-85180191376,85180191376,2023,2023-01-01,Microstructures,,,Article,,Pennsylvania State University; University of Yamanashi,26,True,https://api.elsevier.com/content/abstract/scopus_id/85180191376,scopus,PENDING,NOT_STARTED,,19,31
Controllable synthesis of two-dimensional magnetic FeS nanoplates with high Curie temperature and unique magnetotransport properties,10.1016/j.nantod.2023.101794,2-s2.0-85148697096,85148697096,2023,2023-04-01,Nano Today,17480132,,Article,,Hunan University,22,True,https://api.elsevier.com/content/abstract/scopus_id/85148697096,scopus,PENDING,NOT_STARTED,,19,32
Large-Area Synthesis of Ferromagnetic Fe5−xGeTe2/Graphene van der Waals Heterostructures with Curie Temperature above Room Temperature,10.1002/smll.202302387,2-s2.0-85159949399,85159949399,2023,2023-09-27,Small,16136810,,Article,,Forschungsverbund Berlin e.V,21,True,https://api.elsevier.com/content/abstract/scopus_id/85159949399,scopus,PENDING,NOT_STARTED,,19,33
Molecularly Thin BaTiO3 Nanosheets with Stable Ferroelectric Response,10.1002/aelm.202201239,2-s2.0-85148302133,85148302133,2023,2023-04-01,Advanced Electronic Materials,,,Article,,Nagoya University,21,True,https://api.elsevier.com/content/abstract/scopus_id/85148302133,scopus,PENDING,NOT_STARTED,,19,34
Nanomechanical probing and strain tuning of the Curie temperature in suspended Cr2Ge2Te6-based heterostructures,10.1038/s41699-022-00315-7,2-s2.0-85132278847,85132278847,2022,2022-12-01,Npj 2d Materials and Applications,,,Article,,Kavli Institute of Nanoscience Delft,44,True,https://api.elsevier.com/content/abstract/scopus_id/85132278847,scopus,PENDING,NOT_STARTED,,19,35
Review of Curie point depth determination through different spectral methods applied to magnetic data,10.1093/gji/ggaa361,2-s2.0-85096480233,85096480233,2021,2021-01-01,Geophysical Journal International,0956540X,,Article,,Universidad de Buenos Aires; Universidad de la Republica,58,True,https://api.elsevier.com/content/abstract/scopus_id/85096480233,scopus,PENDING,NOT_STARTED,,19,36
Design of Fe-containing GdTbCoAl high-entropy-metallic-glass composite microwires with tunable Curie temperatures and enhanced cooling efficiency,10.1016/j.matdes.2021.109824,2-s2.0-85105868382,85105868382,2021,2021-08-01,Materials and Design,02641275,,Article,,"School of Materials Science and Engineering, Harbin Institute of Technology; CSIC-USE - Instituto de Ciencia de Materiales de Sevilla (ICMS)",57,True,https://api.elsevier.com/content/abstract/scopus_id/85105868382,scopus,PENDING,NOT_STARTED,,19,37
An accelerating approach of designing ferromagnetic materials via machine learning modeling of magnetic ground state and Curie temperature,10.1080/21663831.2020.1863876,2-s2.0-85099358587,85099358587,2021,2021-01-01,Materials Research Letters,,,Article,,Technische Universität Darmstadt,48,True,https://api.elsevier.com/content/abstract/scopus_id/85099358587,scopus,PENDING,NOT_STARTED,,19,38
"Review - Modulation of Dielectric, Ferroelectric, and Piezoelectric Properties of Lead-Free BCZT Ceramics by Doping",10.1149/2162-8777/ac0e0d,2-s2.0-85111113513,85111113513,2021,2021-01-01,Ecs Journal of Solid State Science and Technology,21628769,,Article,,Shoolini University,45,True,https://api.elsevier.com/content/abstract/scopus_id/85111113513,scopus,PENDING,NOT_STARTED,,19,39
Two-dimensional magnetic semiconductors with room Curie temperatures,10.1103/physrevresearch.2.013002,2-s2.0-85090158952,85090158952,2020,2020-01-02,Physical Review Research,26431564,,Article,,University of Chinese Academy of Sciences,58,True,https://api.elsevier.com/content/abstract/scopus_id/85090158952,scopus,PENDING,NOT_STARTED,,19,40
Magnetic anisotropy and Curie temperature of two-dimensional VI3 monolayer,10.1088/1361-648x/ab7c14,2-s2.0-85084501665,85084501665,2020,2020-06-03,Journal of Physics Condensed Matter,09538984,,Article,,Pukyong National University,48,True,https://api.elsevier.com/content/abstract/scopus_id/85084501665,scopus,PENDING,NOT_STARTED,,19,41
2D robust intrinsic ferromagnetic half-metals Cr2XP with high Curie temperature,10.1016/j.matdes.2025.113850,2-s2.0-105000527149,105000527149,2025,2025-05-01,Materials and Design,02641275,,Article,,Lanzhou Jiaotong University,12,True,https://api.elsevier.com/content/abstract/scopus_id/105000527149,scopus,PENDING,NOT_STARTED,,18,42
Ferromagnetism in LaFeO3/LaNiO3 superlattices with high Curie temperature,10.1038/s41467-025-58968-z,2-s2.0-105003194001,105003194001,2025,2025-12-01,Nature Communications,,,Article,,University of Chinese Academy of Sciences; Institute of Physics Chinese Academy of Sciences,10,True,https://api.elsevier.com/content/abstract/scopus_id/105003194001,scopus,PENDING,NOT_STARTED,,18,43
Influence of Layering and Curie Temperature Uncertainty on the Performance of Multilayer Active Magnetic Regenerators,10.1002/adfm.202424282,2-s2.0-105016485960,105016485960,2025,2025-12-23,Advanced Functional Materials,1616301X,,Article,,Univerza v Ljubljani,10,True,https://api.elsevier.com/content/abstract/scopus_id/105016485960,scopus,PENDING,NOT_STARTED,,18,44
Investigation of the temperature-dependent functioning of BiFeO3 as a ferroelectric material through X-ray diffraction analysis,10.1007/s00339-024-08101-6,2-s2.0-85212100375,85212100375,2025,2025-01-01,Applied Physics A Materials Science and Processing,09478396,,Article,,Faculty of Science; Physics Department,8,True,https://api.elsevier.com/content/abstract/scopus_id/85212100375,scopus,PENDING,NOT_STARTED,,18,45
Predicting the Curie temperature of magnetic materials with automated calculations across chemistries and structures,10.1103/physrevmaterials.8.114417,2-s2.0-85210318023,85210318023,2024,2024-11-01,Physical Review Materials,,,Article,,Linköpings Universitet,17,True,https://api.elsevier.com/content/abstract/scopus_id/85210318023,scopus,PENDING,NOT_STARTED,,18,46
A Continental Model of Curie Point Depth for China and Surroundings Based on Equivalent Source Method,10.1029/2023jb027254,2-s2.0-85187447638,85187447638,2024,2024-03-01,Journal of Geophysical Research Solid Earth,21699313,,Article,,Peking University; China Earthquake Administration,15,True,https://api.elsevier.com/content/abstract/scopus_id/85187447638,scopus,PENDING,NOT_STARTED,,18,47
Machine-Learning Prediction of Curie Temperature from Chemical Compositions of Ferromagnetic Materials,10.1021/acs.jcim.4c00947,2-s2.0-85200823332,85200823332,2024,2024-08-26,Journal of Chemical Information and Modeling,15499596,,Article,,Rutherford Appleton Laboratory; Department of Physics; ISIS Neutron and Muon Source,15,True,https://api.elsevier.com/content/abstract/scopus_id/85200823332,scopus,PENDING,NOT_STARTED,,18,48
A high-temperature double perovskite molecule-based antiferroelectric with excellent anti-breakdown capacity for energy storage,10.1038/s41467-023-38007-5,2-s2.0-85158038115,85158038115,2023,2023-12-01,Nature Communications,,,Article,,"State Key Laboratory of Structural Chemistry, Fuzhou",34,True,https://api.elsevier.com/content/abstract/scopus_id/85158038115,scopus,PENDING,NOT_STARTED,,18,49
Electrically Switchable Persistent Spin Texture in a Two-Dimensional Hybrid Perovskite Ferroelectric,10.1002/anie.202300028,2-s2.0-85149888388,85149888388,2023,2023-04-17,Angewandte Chemie International Edition,14337851,,Article,,"University of Chinese Academy of Sciences; State Key Laboratory of Structural Chemistry, Fuzhou",29,True,https://api.elsevier.com/content/abstract/scopus_id/85149888388,scopus,PENDING,NOT_STARTED,,18,50
Building Block-Inspired Hybrid Perovskite Derivatives for Ferroelectric Channel Layers with Gate-Tunable Memory Behavior,10.1002/anie.202309416,2-s2.0-85172087407,85172087407,2023,2023-11-06,Angewandte Chemie International Edition,14337851,,Article,,"University of Chinese Academy of Sciences; State Key Laboratory of Structural Chemistry, Fuzhou",23,True,https://api.elsevier.com/content/abstract/scopus_id/85172087407,scopus,PENDING,NOT_STARTED,,18,51
Peculiar behavior of V on the Curie temperature and anisotropy field of SmFe12-xVx compounds,10.1016/j.actamat.2022.117928,2-s2.0-85129340423,85129340423,2022,2022-06-15,Acta Materialia,13596454,,Article,,National Institute for Materials Science,27,True,https://api.elsevier.com/content/abstract/scopus_id/85129340423,scopus,PENDING,NOT_STARTED,,18,52
Geometry of the Magma Chamber and Curie Point Depth Beneath Hawaii Island: Inferences From Magnetic and Gravity Data,10.3389/feart.2022.847984,2-s2.0-85128360714,85128360714,2022,2022-03-28,Frontiers in Earth Science,,,Article,,Faculty of Science,26,True,https://api.elsevier.com/content/abstract/scopus_id/85128360714,scopus,PENDING,NOT_STARTED,,18,53
Anomalous magnetic behavior in half-metallic Heusler Co2FeSi alloy glass-coated microwires with high Curie temperature,10.1016/j.jallcom.2022.166379,2-s2.0-85134846643,85134846643,2022,2022-11-25,Journal of Alloys and Compounds,09258388,,Article,,Universidad del Pais Vasco; Faculty of Science,23,True,https://api.elsevier.com/content/abstract/scopus_id/85134846643,scopus,PENDING,NOT_STARTED,,18,54
Fabrication and Magneto-Structural Properties of Co2-Based Heusler Alloy Glass-Coated Microwires with High Curie Temperature,10.3390/chemosensors10060225,2-s2.0-85132559633,85132559633,2022,2022-06-01,Chemosensors,,,Article,,Universidad del Pais Vasco; Faculty of Science,23,True,https://api.elsevier.com/content/abstract/scopus_id/85132559633,scopus,PENDING,NOT_STARTED,,18,55
Quantum anomalous Hall edge channels survive up to the Curie temperature,10.1038/s41467-021-25912-w,2-s2.0-85115362469,85115362469,2021,2021-12-01,Nature Communications,,,Article,,Julius-Maximilians-Universität Würzburg; Institute for Topological Insulators,36,True,https://api.elsevier.com/content/abstract/scopus_id/85115362469,scopus,PENDING,NOT_STARTED,,18,56
Remarkably improved Curie temperature for two-dimensional CrI3by gas molecular adsorption: A DFT study,10.1088/1361-6641/ac01a2,2-s2.0-85108807691,85108807691,2021,2021-07-01,Semiconductor Science and Technology,02681242,,Article,,Zhejiang Business Technology Institute,33,True,https://api.elsevier.com/content/abstract/scopus_id/85108807691,scopus,PENDING,NOT_STARTED,,18,57
Ambient effect on the Curie temperatures and magnetic domains in metallic two-dimensional magnets,10.1038/s41699-021-00242-z,2-s2.0-85108827665,85108827665,2021,2021-12-01,Npj 2d Materials and Applications,,,Article,,A. James Clark School of Engineering,31,True,https://api.elsevier.com/content/abstract/scopus_id/85108827665,scopus,PENDING,NOT_STARTED,,18,58
Computing Curie temperature of two-dimensional ferromagnets in the presence of exchange anisotropy,10.1103/physrevresearch.3.043024,2-s2.0-85117110739,85117110739,2021,2021-12-01,Physical Review Research,26431564,,Article,,KU Leuven; Interuniversity Microelectronics Centre; Erik Jonsson School of Engineering and Computer Science,31,True,https://api.elsevier.com/content/abstract/scopus_id/85117110739,scopus,PENDING,NOT_STARTED,,18,59
Three-dimensional nonlinear photonic crystal in naturally grown potassium–tantalate–niobate perovskite ferroelectrics,10.1038/s41377-020-00427-z,2-s2.0-85096601020,85096601020,2020,2020-12-01,Light Science and Applications,20955545,,Article,,Shandong University,43,True,https://api.elsevier.com/content/abstract/scopus_id/85096601020,scopus,PENDING,NOT_STARTED,,18,60
Tunable Curie temperature in layered ferromagnetic Cr5+ xTe8 single crystals,10.1063/1.5143387,2-s2.0-85081122817,85081122817,2020,2020-03-01,APL Materials,,,Article,,Shanghai University,37,True,https://api.elsevier.com/content/abstract/scopus_id/85081122817,scopus,PENDING,NOT_STARTED,,18,61
Prediction of the Curie temperature considering the dependence of the phonon free energy on magnetic states,10.1038/s41524-020-00458-5,2-s2.0-85097082315,85097082315,2020,2020-12-01,Npj Computational Materials,,,Article,,Institute of Science Tokyo,31,True,https://api.elsevier.com/content/abstract/scopus_id/85097082315,scopus,PENDING,NOT_STARTED,,18,62
On the ferroelectric to paraelectric structural transition of BaTiO3 Micro-/Nanoparticles and their epoxy nanocomposites,10.3390/molecules25112686,2-s2.0-85086424111,85086424111,2020,2020-06-01,Molecules,,,Article,,Chalmers University of Technology; University of Patras,30,True,https://api.elsevier.com/content/abstract/scopus_id/85086424111,scopus,PENDING,NOT_STARTED,,18,63
"Preparation of Fe-rich giant magnetocaloric (Mn,Fe)2(P,Si) ribbons and calorimetric analysis of the first-order magnetic transition",10.1016/j.actamat.2025.121677,2-s2.0-105020974792,105020974792,2026,2026-01-01,Acta Materialia,13596454,,Article,,Delft University of Technology,3,True,https://api.elsevier.com/content/abstract/scopus_id/105020974792,scopus,PENDING,NOT_STARTED,,17,64
Low-temperature sintering of BaTiO3-based semiconducting ceramics using sodium vapor,10.1111/jace.70468,2-s2.0-105025124220,105025124220,2026,2026-01-01,Journal of the American Ceramic Society,00027820,,Article,,Tohoku University,1,True,https://api.elsevier.com/content/abstract/scopus_id/105025124220,scopus,PENDING,NOT_STARTED,,17,65
"Study on the structural, ferroelectric, and optical properties of KNN ferroelectric ceramics doped with Cu",10.1007/s10832-025-00399-9,2-s2.0-105025653064,105025653064,2026,2026-06-01,Journal of Electroceramics,13853449,,Article,,Centro de Investigacion y de Estudios Avanzados del Instituto Politécnico Nacional,1,True,https://api.elsevier.com/content/abstract/scopus_id/105025653064,scopus,PENDING,NOT_STARTED,,17,66
Polarity-dependent ferroelectric modulations in two-dimensional hybrid perovskite heterojunction transistors,10.1038/s41467-025-64387-x,2-s2.0-105019492753,105019492753,2025,2025-12-01,Nature Communications,,,Article,,Fudan University,15,True,https://api.elsevier.com/content/abstract/scopus_id/105019492753,scopus,PENDING,NOT_STARTED,,17,67
Precise Tailoring of Unprecedent Layered Perovskite-Type Heterostructure Ferroelectric via Chemical Molecular Scissor,10.1002/anie.202424279,2-s2.0-85217423924,85217423924,2025,2025-02-24,Angewandte Chemie International Edition,14337851,,Article,,University of Chinese Academy of Sciences; Fujian Institute of Research On the Structure of Matter Chinese Academy of Sciences,12,True,https://api.elsevier.com/content/abstract/scopus_id/85217423924,scopus,PENDING,NOT_STARTED,,17,68
Unlocking Cage-Confined Cations Molecular Dynamics toward High-Tc Perovskite Ferroelectrics,10.1002/anie.202420512,2-s2.0-85211153563,85211153563,2025,2025-02-17,Angewandte Chemie International Edition,14337851,,Article,,"University of Chinese Academy of Sciences; State Key Laboratory of Structural Chemistry, Fuzhou",8,True,https://api.elsevier.com/content/abstract/scopus_id/85211153563,scopus,PENDING,NOT_STARTED,,17,69
High-temperature BaTiO3-based ceramic capacitors by entropy engineering design,10.26599/jac.2024.9220964,2-s2.0-85207085255,85207085255,2024,2024-09-01,Journal of Advanced Ceramics,22264108,,Article,,Tsinghua University,31,True,https://api.elsevier.com/content/abstract/scopus_id/85207085255,scopus,PENDING,NOT_STARTED,,17,70
Landau theory-based relaxational modeling of first-order magnetic transition dynamics in magnetocaloric materials,10.1088/1361-6463/acbe4e,2-s2.0-85150484131,85150484131,2023,2023-04-13,Journal of Physics D Applied Physics,00223727,,Article,,Universidade do Porto,20,True,https://api.elsevier.com/content/abstract/scopus_id/85150484131,scopus,PENDING,NOT_STARTED,,17,71
Phase coexistence and grain size effects on the functional properties of BaTiO3 ceramics,10.1016/j.jeurceramsoc.2021.12.024,2-s2.0-85121995319,85121995319,2022,2022-05-01,Journal of the European Ceramic Society,09552219,,Article,,Universitatea Alexandru Ioan Cuza,48,True,https://api.elsevier.com/content/abstract/scopus_id/85121995319,scopus,PENDING,NOT_STARTED,,17,72
Inverse Design of Ferroelectric-Order in Perovskite Crystal for Self-Powered Ultraviolet Photodetection,10.1002/adma.202105108,2-s2.0-85123348352,85123348352,2022,2022-03-01,Advanced Materials,09359648,,Article,,Shandong University,36,True,https://api.elsevier.com/content/abstract/scopus_id/85123348352,scopus,PENDING,NOT_STARTED,,17,73
A one-dimensional perovskite with ferroelectric and switchable nonlinear optical properties: [azetidinium]CdCl3,10.1039/d1tc05355h,2-s2.0-85125739522,85125739522,2022,2022-02-28,Journal of Materials Chemistry C,20507534,,Article,,University of Wrocław,30,True,https://api.elsevier.com/content/abstract/scopus_id/85125739522,scopus,PENDING,NOT_STARTED,,17,74
Two enantiomeric perovskite ferroelectrics with a high T craised by inserting intermolecular hydrogen bonds,10.1063/5.0035793,2-s2.0-85102057211,85102057211,2021,2021-03-01,APL Materials,,,Article,,Sun Yat-Sen University,22,True,https://api.elsevier.com/content/abstract/scopus_id/85102057211,scopus,PENDING,NOT_STARTED,,17,75
Critical behavior and magnetocaloric effect across the magnetic transition in Mn1+xFe4−xSi3,10.1038/s41598-020-63223-0,2-s2.0-85083974125,85083974125,2020,2020-12-01,Scientific Reports,,,Article,,UGC-DAE Consortium for Scientific Research India; Indian Institute of Science Education and Research Thiruvananthapuram,43,True,https://api.elsevier.com/content/abstract/scopus_id/85083974125,scopus,PENDING,NOT_STARTED,,17,76
Origin of structural change driven by a-site lanthanide doping in abo3-type perovskite ferroelectrics,10.3390/cryst10060434,2-s2.0-85085751746,85085751746,2020,2020-06-01,Crystals,,,Article,,Chinese Academy of Sciences; Fujian Science & Technology Innovation Laboratory for Optoelectronic Information of China,27,True,https://api.elsevier.com/content/abstract/scopus_id/85085751746,scopus,PENDING,NOT_STARTED,,17,77
Temperature-Dependent Ferroelectric Properties and Aging Behavior of Freeze-Cast Bismuth Ferrite-Barium Titanate Ceramics,10.1021/acsami.4c03002,2-s2.0-85189978439,85189978439,2024,2024-04-17,ACS Applied Materials and Interfaces,19448244,,Article,,"University of Bath, Department of Mechanical Engineering",17,True,https://api.elsevier.com/content/abstract/scopus_id/85189978439,scopus,PENDING,NOT_STARTED,,16,78
Strong electrocaloric response with ultrawide working temperature span in lead-free BaTiO3-based ceramics by composition design,10.1016/j.ceramint.2024.01.061,2-s2.0-85182370602,85182370602,2024,2024-04-01,Ceramics International,02728842,,Article,,"University of New South Wales, School of Materials Science and Engineering",14,True,https://api.elsevier.com/content/abstract/scopus_id/85182370602,scopus,PENDING,NOT_STARTED,,16,79
Ferroelectric-to-paraelectric phase engineering for 2D layered ultra-high-κ dielectrics,10.1093/nsr/nwag126,2-s2.0-105037732503,105037732503,2026,2026-04-01,National Science Review,20955138,,Article,,The Hong Kong Polytechnic University,2,True,https://api.elsevier.com/content/abstract/scopus_id/105037732503,scopus,PENDING,NOT_STARTED,,15,80
Direct Sub-Kelvin Magnetocaloric Cooling and Correlated Paramagnetism in Double Perovskite Gd2CuTiO6,10.3390/app16052456,2-s2.0-105032624804,105032624804,2026,2026-03-01,Applied Sciences Switzerland,,,Article,,Beihang University,1,True,https://api.elsevier.com/content/abstract/scopus_id/105032624804,scopus,PENDING,NOT_STARTED,,15,81
Tailoring the cryogenic magnetism and magnetocaloric effect from Zr substitution in EuTiO3 perovskite,10.1016/j.jmst.2024.01.041,2-s2.0-85188432837,85188432837,2024,2024-09-10,Journal of Materials Science and Technology,10050302,,Article,,Jiangxi University of Science and Technology; Ganjiang Innovation Academy,27,True,https://api.elsevier.com/content/abstract/scopus_id/85188432837,scopus,PENDING,NOT_STARTED,,15,82
Magnetoelastic Coupling and Cryogenic Magnetocaloric Effect in Two-Site Disordered GdSrCoFeO6 Double Perovskite,10.1021/acs.chemmater.2c03574,2-s2.0-85149769171,85149769171,2023,2023-03-28,Chemistry of Materials,08974756,,Article,,Université Fédérale de Sergipe; CSIC - Instituto de Ciencia de Materiales de Madrid (ICMM),37,True,https://api.elsevier.com/content/abstract/scopus_id/85149769171,scopus,PENDING,NOT_STARTED,,15,83
"Synthesis, structure, morphology, magnetism, and magnetocaloric-effect studies of (La1−xPrx)0.7Sr0.3MnO3 nanocrystalline perovskites",10.1007/s42452-023-05328-5,2-s2.0-85151404761,85151404761,2023,2023-04-01,SN Applied Sciences,,,Article,,"College of Science, Sultan Qaboos University",31,True,https://api.elsevier.com/content/abstract/scopus_id/85151404761,scopus,PENDING,NOT_STARTED,,15,84
Iron-doping induced multiferroic in two-dimensional In2Se3,10.1007/s40843-019-1212-x,2-s2.0-85075260128,85075260128,2020,2020-03-01,Science China Materials,20958226,,Article,,Institute of Semiconductors Chinese Academy of Sciences,47,True,https://api.elsevier.com/content/abstract/scopus_id/85075260128,scopus,PENDING,NOT_STARTED,,15,85
Adding 161Dy-Mössbauer spectroscopy to a multitechnique investigation of magnetic transitions in a {CoIII3DyIII3} Single-Molecule Toroic,10.1038/s41467-026-71058-y,2-s2.0-105037425850,105037425850,2026,2026-12-01,Nature Communications,,,Article,,Karlsruher Institut für Technologie; Jiangxi University of Science and Technology,1,True,https://api.elsevier.com/content/abstract/scopus_id/105037425850,scopus,PENDING,NOT_STARTED,,14,86
Emergent Chaos-Like Dynamics of Spin–Orbit-Torque-Driven Magnetic Transitions,10.1002/smll.73778,2-s2.0-105038898457,105038898457,2026,2026-07-02,Small,16136810,,Article,,Max Born Institute,1,True,https://api.elsevier.com/content/abstract/scopus_id/105038898457,scopus,PENDING,NOT_STARTED,,14,87
Parallel alignment of electric and magnetic transition dipole moments in chiral additives can boost the oxygen evolution reaction,10.1038/s42004-026-02042-2,2-s2.0-105043491320,105043491320,2026,2026-12-01,Communications Chemistry,,,Article,,Universidade de Vigo,1,True,https://api.elsevier.com/content/abstract/scopus_id/105043491320,scopus,PENDING,NOT_STARTED,,14,88
Large enhancement of properties in strained lead-free multiferroic solid solutions with strong deviation from Vegard's law,10.1016/j.matt.2024.09.018,2-s2.0-85207788654,85207788654,2025,2025-01-08,Matter,25902393,,Article,,"School of Materials Science and Engineering, Harbin Institute of Technology",15,True,https://api.elsevier.com/content/abstract/scopus_id/85207788654,scopus,PENDING,NOT_STARTED,,14,89
Observation of Griffiths-like phase and magnetocaloric effect in disordered Y2CoCrO6 double perovskite,10.1039/d4ma01092b,2-s2.0-85215970880,85215970880,2025,2025-01-16,Materials Advances,,,Article,,Bangladesh University of Engineering and Technology; University of Chittagong,15,True,https://api.elsevier.com/content/abstract/scopus_id/85215970880,scopus,PENDING,NOT_STARTED,,14,90
Machine Learning Methodologies Applied to Magnetocaloric Perovskites Discovery,10.1021/acs.jcim.4c01944,2-s2.0-85217143971,85217143971,2025,2025-02-24,Journal of Chemical Information and Modeling,15499596,,Article,,Universidade Federal de Santa Catarina,9,True,https://api.elsevier.com/content/abstract/scopus_id/85217143971,scopus,PENDING,NOT_STARTED,,14,91
Imaging magnetic transition of magnetite to megabar pressures using quantum sensors in diamond anvil cell,10.1038/s41467-024-52272-y,2-s2.0-85206276758,85206276758,2024,2024-12-01,Nature Communications,,,Article,,University of Science and Technology of China,31,True,https://api.elsevier.com/content/abstract/scopus_id/85206276758,scopus,PENDING,NOT_STARTED,,14,92
Supramolecular Polymerization as a Tool to Reveal the Magnetic Transition Dipole Moment of Heptazines,10.1021/jacs.4c02174,2-s2.0-85195052379,85195052379,2024,2024-06-12,Journal of the American Chemical Society,00027863,,Article,,Technische Universiteit Eindhoven,24,True,https://api.elsevier.com/content/abstract/scopus_id/85195052379,scopus,PENDING,NOT_STARTED,,14,93
Multifaceted Roles of Ag+ Ions within and outside La-Ca-MnO3 Perovskite Manganites: Unveiling the Room Temperature Magnetocaloric Effect,10.1021/acs.jpcc.4c03215,2-s2.0-85199283118,85199283118,2024,2024-08-01,Journal of Physical Chemistry C,19327447,,Article,,Manipal Institute of Applied Physics,16,True,https://api.elsevier.com/content/abstract/scopus_id/85199283118,scopus,PENDING,NOT_STARTED,,14,94
"Magnetoelastic Coupling Evidence by Anisotropic Crossed Thermal Expansion in Magnetocaloric RSrCoFeO6 (R = Sm, Eu) Double Perovskites",10.1021/acs.inorgchem.4c00594,2-s2.0-85189501081,85189501081,2024,2024-04-15,Inorganic Chemistry,00201669,,Article,,CSIC - Instituto de Ciencia de Materiales de Madrid (ICMM),15,True,https://api.elsevier.com/content/abstract/scopus_id/85189501081,scopus,PENDING,NOT_STARTED,,14,95
"Effect of Cr substitution on structural, magnetic, magnetocaloric and critical behaviors of La0.7Y0.05Ba0.25MnO3 perovskite manganite",10.1016/j.jssc.2023.124481,2-s2.0-85178126068,85178126068,2024,2024-02-01,Journal of Solid State Chemistry,00224596,,Article,,Jazan University; Centre National des Sciences et Technologies Nucleaires,14,True,https://api.elsevier.com/content/abstract/scopus_id/85178126068,scopus,PENDING,NOT_STARTED,,14,96
Molecular Design of a Metal-Nitrosyl Ferroelectric with Reversible Photoisomerization,10.1021/jacs.3c01530,2-s2.0-85164210419,85164210419,2023,2023-06-28,Journal of the American Chemical Society,00027863,,Article,,CICECO – Instituto de Materiais de Aveiro,47,True,https://api.elsevier.com/content/abstract/scopus_id/85164210419,scopus,PENDING,NOT_STARTED,,14,97
Achieving Ferroelectricity in a Centrosymmetric High-Performance Semiconductor by Strain Engineering,10.1002/adma.202300450,2-s2.0-85152520834,85152520834,2023,2023-06-01,Advanced Materials,09359648,,Article,,Westlake University,41,True,https://api.elsevier.com/content/abstract/scopus_id/85152520834,scopus,PENDING,NOT_STARTED,,14,98
Exploration of Quasi-Direct Band Edge in a Multilayer Ferroelectric Semiconductor for Applications in Van Der Waals Stacked Heterojunction Solar Cell and Photocatalytic Devices,10.1002/advs.202514717,2-s2.0-105018486720,105018486720,2026,2026-01-09,Advanced Science,,,Article,,National Taiwan University of Science and Technology,3,True,https://api.elsevier.com/content/abstract/scopus_id/105018486720,scopus,PENDING,NOT_STARTED,,13,99
Improper narrow bandgap molecular ferroelectrics enable light-excited pyroelectricity for broadband self-powered photoactivities,10.1039/d5qi01797a,2-s2.0-105026447178,105026447178,2026,2026-01-06,Inorganic Chemistry Frontiers,20521545,,Article,,Fujian Normal University; Fujian Institute of Research On the Structure of Matter Chinese Academy of Sciences,3,True,https://api.elsevier.com/content/abstract/scopus_id/105026447178,scopus,PENDING,NOT_STARTED,,13,100
Realizing Ultrahigh Dielectric Constant With Ultrawide Temperature Stability in Dual-Phase BNT-BST Ceramics by SPS Sintering,10.1002/rar2.70026,2-s2.0-105035298129,105035298129,2026,2026-01-01,Rare Metals,10010521,,Article,,Jingdezhen Ceramic University,3,True,https://api.elsevier.com/content/abstract/scopus_id/105035298129,scopus,PENDING,NOT_STARTED,,13,101
Direct Observation of Electric-Field-Driven Phase Transitions Associated with Energy Storage in Antiferroelectric Films,10.1002/advs.202517897,2-s2.0-105025519635,105025519635,2026,2026-03-03,Advanced Science,,,Article,,Songshan Lake Materials Laboratory; Quantum Science Center of Guangdong-Hong Kong-Macao Greater Bay Area,2,True,https://api.elsevier.com/content/abstract/scopus_id/105025519635,scopus,PENDING,NOT_STARTED,,13,102
Finite-temperature ferroelectric phase transitions from machine-learned force fields,10.1103/nkc5-rtds,2-s2.0-105033053066,105033053066,2026,2026-03-01,Physical Review Materials,,,Article,,Norges Teknisk-Naturvitenskapelige Universitet,2,True,https://api.elsevier.com/content/abstract/scopus_id/105033053066,scopus,PENDING,NOT_STARTED,,13,103
Antiferroelectricity in Titanite-Type CaTiGeO5 Thin Films,10.1021/acsaelm.6c00159,2-s2.0-105036282688,105036282688,2026,2026-04-28,ACS Applied Electronic Materials,,,Article,,Institute of Science Tokyo,1,True,https://api.elsevier.com/content/abstract/scopus_id/105036282688,scopus,PENDING,NOT_STARTED,,13,104
Chemical Doping Engineering of Polarization and Topological Textures in van der Waals Ferroelectric CuInP2S6,10.1002/advs.202523774,2-s2.0-105026611447,105026611447,2026,2026-03-18,Advanced Science,,,Article,,Sun Yat-Sen University,1,True,https://api.elsevier.com/content/abstract/scopus_id/105026611447,scopus,PENDING,NOT_STARTED,,13,105
Electric-Anisotropy-Controlled Phase Transitions and Hysteresis in a Ferroelectric/Ferrimagnetic Bilayer with Three-State Ferroelectricity,10.3390/magnetism6010008,2-s2.0-105034325897,105034325897,2026,2026-03-01,Magnetism,,,Article,,Université Marien Ngouabi,1,True,https://api.elsevier.com/content/abstract/scopus_id/105034325897,scopus,PENDING,NOT_STARTED,,13,106
Room-Temperature Antiferroelectricity in Titanite (CaTiSiO5) Thin Films,10.1002/aelm.202500546,2-s2.0-105033275937,105033275937,2026,2026-04-20,Advanced Electronic Materials,,,Article,,Institute of Science Tokyo,1,True,https://api.elsevier.com/content/abstract/scopus_id/105033275937,scopus,PENDING,NOT_STARTED,,13,107
Highly Stable MOF-Type Lead Halide Luminescent Ferroelectrics,10.1002/anie.202407102,2-s2.0-85196085131,85196085131,2024,2024-07-15,Angewandte Chemie International Edition,14337851,,Article,,Tongji University,32,True,https://api.elsevier.com/content/abstract/scopus_id/85196085131,scopus,PENDING,NOT_STARTED,,13,108
"Strain engineering the spin-valley coupling of the R-stacking sliding ferroelectric bilayer 2H-VX2 (X = S, Se, Te)",10.1038/s41524-024-01288-5,2-s2.0-85192679681,85192679681,2024,2024-12-01,Npj Computational Materials,,,Article,,Sun Yat-Sen University,32,True,https://api.elsevier.com/content/abstract/scopus_id/85192679681,scopus,PENDING,NOT_STARTED,,13,109
Tuning ferroelectric phase transition temperature by enantiomer fraction,10.1038/s41467-024-45986-6,2-s2.0-85185353080,85185353080,2024,2024-12-01,Nature Communications,,,Article,,Southeast University,29,True,https://api.elsevier.com/content/abstract/scopus_id/85185353080,scopus,PENDING,NOT_STARTED,,13,110
Design of polar boundaries enhancing negative electrocaloric performance by antiferroelectric phase-field simulations,10.1038/s41524-024-01334-2,2-s2.0-85198372535,85198372535,2024,2024-12-01,Npj Computational Materials,,,Article,,"Beijing Institute of Technology; Advanced Research Institute of Multidisciplinary Science, Beijing Institute of Technology",21,True,https://api.elsevier.com/content/abstract/scopus_id/85198372535,scopus,PENDING,NOT_STARTED,,13,111
"Co-relation between Rietveld analysis, dielectric studies and impedance spectroscopy of the Ba1−xSrxTiO3 ceramics",10.1007/s10854-024-12788-x,2-s2.0-85195515592,85195515592,2024,2024-06-01,Journal of Materials Science Materials in Electronics,09574522,,Article,,Maharaja Surajmal Institute of Technology,20,True,https://api.elsevier.com/content/abstract/scopus_id/85195515592,scopus,PENDING,NOT_STARTED,,13,112
Composition-driven morphological evolution of BaTiO3 nanowires for efficient piezocatalytic hydrogen production,10.1016/j.chemosphere.2023.139337,2-s2.0-85164681319,85164681319,2023,2023-10-01,Chemosphere,00456535,,Article,,UNSW Sydney,35,True,https://api.elsevier.com/content/abstract/scopus_id/85164681319,scopus,PENDING,NOT_STARTED,,13,113
Electrocaloric effect in BaTiO3 multilayer capacitors with first-order phase transitions,10.1088/2515-7655/acc972,2-s2.0-85153077732,85153077732,2023,2023-04-01,Jphys Energy,,,Article,,Luxembourg Institute of Science and Technology,27,True,https://api.elsevier.com/content/abstract/scopus_id/85153077732,scopus,PENDING,NOT_STARTED,,13,114
Influence of Grain Size on Dielectric Behavior in Lead-Free 0.5 Ba(Zr0.2Ti0.8)O3–0.5 (Ba0.7Ca0.3)TiO3 Ceramics,10.3390/nano13222934,2-s2.0-85178361217,85178361217,2023,2023-11-01,Nanomaterials,,,Article,,National University of Science and Technology POLITEHNICA Bucharest,23,True,https://api.elsevier.com/content/abstract/scopus_id/85178361217,scopus,PENDING,NOT_STARTED,,13,115
Two-dimensional (n = 1) ferroelectric film solar cells,10.1093/nsr/nwad061,2-s2.0-85169296790,85169296790,2023,2023-07-01,National Science Review,20955138,,Article,,Soochow University; Shandong University of Science and Technology,23,True,https://api.elsevier.com/content/abstract/scopus_id/85169296790,scopus,PENDING,NOT_STARTED,,13,116
0D van der Waals interfacial ferroelectricity,10.1038/s41467-023-41045-8,2-s2.0-85175633499,85175633499,2023,2023-12-01,Nature Communications,,,Article,,"School of Physics, Beijing Institute of Technology",21,True,https://api.elsevier.com/content/abstract/scopus_id/85175633499,scopus,PENDING,NOT_STARTED,,13,117
The rise of 2D materials/ferroelectrics for next generation photonics and optoelectronics devices,10.1063/5.0094965,2-s2.0-85133238411,85133238411,2022,2022-06-01,APL Materials,,,Article,,University of South China,48,True,https://api.elsevier.com/content/abstract/scopus_id/85133238411,scopus,PENDING,NOT_STARTED,,13,118
Metastable ferroelectricity driven by depolarization fields in ultrathin Hf0.5Zr0.5O2,10.1038/s42005-022-00951-x,2-s2.0-85133722591,85133722591,2022,2022-12-01,Communications Physics,,,Article,,"National and Kapodistrian University of Athens; National Centre for Scientific Research ""DEMOKRITOS""",46,True,https://api.elsevier.com/content/abstract/scopus_id/85133722591,scopus,PENDING,NOT_STARTED,,13,119
Magnetic Transitions and Energy Transfer Processes in Sb-Based Zero-Dimensional Metal Halide Nanocrystals Doped with Manganese,10.1021/acsenergylett.2c00364,2-s2.0-85127982898,85127982898,2022,2022-04-08,ACS Energy Letters,,,Article,,Università degli Studi di Milano-Bicocca,31,True,https://api.elsevier.com/content/abstract/scopus_id/85127982898,scopus,PENDING,NOT_STARTED,,13,120
Free-standing 2D non-van der Waals antiferromagnetic hexagonal FeSe semiconductor: halide-assisted chemical synthesis and Fe2+related magnetic transitions,10.1039/d1sc04122c,2-s2.0-85121854728,85121854728,2022,2022-01-07,Chemical Science,20416520,,Article,,Peking University,24,True,https://api.elsevier.com/content/abstract/scopus_id/85121854728,scopus,PENDING,NOT_STARTED,,13,121
Magnetic transitions and radiative decays of singly heavy baryons,10.1016/j.physletb.2019.135142,2-s2.0-85076147595,85076147595,2020,2020-02-10,Physics Letters Section B Nuclear Elementary Particle and High Energy Physics,03702693,,Article,,Soongsil University,26,True,https://api.elsevier.com/content/abstract/scopus_id/85076147595,scopus,PENDING,NOT_STARTED,,13,122
Origin of Griffiths phase and long-range ordering in three-dimensional Nd0.8Sr0.2MnO3 manganite perovskite,10.1016/j.jallcom.2026.186287,2-s2.0-105027874327,105027874327,2026,2026-02-05,Journal of Alloys and Compounds,09258388,,Article,,"Indian Institute of Technology (Indian School of Mines), Dhanbad",2,True,https://api.elsevier.com/content/abstract/scopus_id/105027874327,scopus,PENDING,NOT_STARTED,,12,123
Multiaxial Aromatic-Based Photoferroelectric Induced by Synergistic Intermolecular Interactions for Multidirectional Self-Powered X-Ray Detection,10.1002/anie.202507640,2-s2.0-105011877223,105011877223,2025,2025-09-08,Angewandte Chemie International Edition,14337851,,Article,,"University of Chinese Academy of Sciences; Fujian Institute of Research On the Structure of Matter Chinese Academy of Sciences; State Key Laboratory of Structural Chemistry, Fuzhou",13,True,https://api.elsevier.com/content/abstract/scopus_id/105011877223,scopus,PENDING,NOT_STARTED,,12,124
Unconventional (anti)ferroelectricity in van der Waals group-IV monochalcogenides,10.1038/s41467-025-57138-5,2-s2.0-85218503114,85218503114,2025,2025-12-01,Nature Communications,,,Article,,East China Normal University,13,True,https://api.elsevier.com/content/abstract/scopus_id/85218503114,scopus,PENDING,NOT_STARTED,,12,125
Giant intrinsic electrocaloric effect in ferroelectrics by local structural engineering,10.1038/s41467-025-61860-5,2-s2.0-105013198410,105013198410,2025,2025-12-01,Nature Communications,,,Article,,Tsinghua University; Southwest Minzu University,11,True,https://api.elsevier.com/content/abstract/scopus_id/105013198410,scopus,PENDING,NOT_STARTED,,12,126
Oxygen-vacancy mediated deterministic domain distribution at the onset of ferroelectricity,10.1016/j.actamat.2025.120738,2-s2.0-85215134916,85215134916,2025,2025-03-01,Acta Materialia,13596454,,Article,,Technion - Israel Institute of Technology,11,True,https://api.elsevier.com/content/abstract/scopus_id/85215134916,scopus,PENDING,NOT_STARTED,,12,127
Optical Evidence of Interfacial Strain-Induced Ferroelectric Tuning and Enhancement in CuInP2S6 via Ferroelectric Substrate,10.1002/smll.202409879,2-s2.0-85212266554,85212266554,2025,2025-02-05,Small,16136810,,Article,,Dalian University of Technology,10,True,https://api.elsevier.com/content/abstract/scopus_id/85212266554,scopus,PENDING,NOT_STARTED,,12,128
Real-space visualization of order-disorder transition in BaTiO3,10.1126/sciadv.adx9804,2-s2.0-105015044980,105015044980,2025,2025-09-05,Science Advances,,,Article,,The Rowland Institute at Harvard,10,True,https://api.elsevier.com/content/abstract/scopus_id/105015044980,scopus,PENDING,NOT_STARTED,,12,129
Ferroelectric Order Evolution in Freestanding PbTiO3 Films Monitored by Optical Second Harmonic Generation,10.1002/advs.202307571,2-s2.0-85196716097,85196716097,2024,2024-08-27,Advanced Science,,,Article,,University of Chinese Academy of Sciences; Institute of Physics Chinese Academy of Sciences,19,True,https://api.elsevier.com/content/abstract/scopus_id/85196716097,scopus,PENDING,NOT_STARTED,,12,130
Insights Into Curie-Temperature and Phase Formation of Ferroelectric Hf1−xZrxO2 with Oxygen Defects from a Leveled Energy Landscape,10.1002/admi.202300710,2-s2.0-85176596570,85176596570,2024,2024-01-16,Advanced Materials Interfaces,,,Article,,Hochschule München,15,True,https://api.elsevier.com/content/abstract/scopus_id/85176596570,scopus,PENDING,NOT_STARTED,,12,131
"Crystallite Size Effects on Electrical Properties of Nickel Chromite (NiCr2O4) Spinel Ceramics: A Study of Structural, Magnetic, and Dielectric Transitions",10.3390/chemengineering8050100,2-s2.0-85207319756,85207319756,2024,2024-10-01,Chemengineering,,,Article,,"Lincoln University College, Malaysia",13,True,https://api.elsevier.com/content/abstract/scopus_id/85207319756,scopus,PENDING,NOT_STARTED,,12,132
Achieving Giant Piezoelectricity and High Property Uniformity Simultaneously in a Relaxor Ferroelectric Crystal through Rare-Earth Element Doping,10.1002/advs.202204631,2-s2.0-85140441404,85140441404,2022,2022-12-19,Advanced Science,,,Article,,Xi'an Jiaotong University,36,True,https://api.elsevier.com/content/abstract/scopus_id/85140441404,scopus,PENDING,NOT_STARTED,,12,133
Record high-T c and large practical utilization level of electric polarization in metal-free molecular antiferroelectric solid solutions,10.1038/s41467-022-33039-9,2-s2.0-85138126965,85138126965,2022,2022-12-01,Nature Communications,,,Article,,"University of Chinese Academy of Sciences; State Key Laboratory of Structural Chemistry, Fuzhou",28,True,https://api.elsevier.com/content/abstract/scopus_id/85138126965,scopus,PENDING,NOT_STARTED,,12,134
Stable room temperature ferroelectricity in hydrogen-bonded supramolecular assemblies of ambipolar π-systems,10.1039/d1sc04617a,2-s2.0-85123933537,85123933537,2022,2022-01-21,Chemical Science,20416520,,Article,,Indian Association for the Cultivation of Science,25,True,https://api.elsevier.com/content/abstract/scopus_id/85123933537,scopus,PENDING,NOT_STARTED,,12,135
0D Bismuth(III)-Based Hybrid Ferroelectric: Tris(acetamidinium) Hexabromobismuthate(III),10.1021/acs.chemmater.1c01266,2-s2.0-85118741545,85118741545,2021,2021-11-23,Chemistry of Materials,08974756,,Article,,University of Wrocław,37,True,https://api.elsevier.com/content/abstract/scopus_id/85118741545,scopus,PENDING,NOT_STARTED,,12,136
A Highly Strained Phase in PbZr0.2Ti0.8O3 Films with Enhanced Ferroelectric Properties,10.1002/advs.202003582,2-s2.0-85100893787,85100893787,2021,2021-04-01,Advanced Science,,,Article,,Shenzhen University,27,True,https://api.elsevier.com/content/abstract/scopus_id/85100893787,scopus,PENDING,NOT_STARTED,,12,137
Advances and property investigations of an organic-inorganic ferroelectric: (diisopropylammonium)2[CdBr4],10.1021/acs.inorgchem.0c00830,2-s2.0-85090489627,85090489627,2020,2020-09-08,Inorganic Chemistry,00201669,,Article,,University of Wrocław,33,True,https://api.elsevier.com/content/abstract/scopus_id/85090489627,scopus,PENDING,NOT_STARTED,,12,138
Enhanced piezoelectric performance and thermal stability in KNN-BNZ ceramics modified by CaHfO3,10.1007/s10854-026-16793-0,2-s2.0-105030028598,105030028598,2026,2026-02-01,Journal of Materials Science Materials in Electronics,09574522,,Article,,Rheinisch-Westfälische Technische Hochschule Aachen,1,True,https://api.elsevier.com/content/abstract/scopus_id/105030028598,scopus,PENDING,NOT_STARTED,,11,139
High-Power Performance of Textured Piezoelectric Ceramics Through Synergistic A-Site Donor and B-Site Acceptor Doping,10.1002/smtd.202502326,2-s2.0-105034771138,105034771138,2026,2026-05-08,Small Methods,,,Article,,Korea University,1,True,https://api.elsevier.com/content/abstract/scopus_id/105034771138,scopus,PENDING,NOT_STARTED,,11,140
"Synthesis, Stability, and Magnetic Properties of Antiperovskite Co3PdN",10.1021/acs.chemmater.4c03147,2-s2.0-86000739774,86000739774,2025,2025-03-11,Chemistry of Materials,08974756,,Article,,National Laboratory of the Rockies,8,True,https://api.elsevier.com/content/abstract/scopus_id/86000739774,scopus,PENDING,NOT_STARTED,,11,141
A Universal Strategy to Enhance Circularly Polarized Luminescence Brightness in Chiral Perovskites,10.1002/lpor.202400040,2-s2.0-85194105223,85194105223,2024,2024-10-01,Laser and Photonics Reviews,18638880,,Article,,University of Chinese Academy of Sciences; Institute of Chemistry Chinese Academy of Sciences,18,True,https://api.elsevier.com/content/abstract/scopus_id/85194105223,scopus,PENDING,NOT_STARTED,,11,142
"Relating microstructure to magnetocaloric properties in RE36Tb20Co20Al24 (RE = Gd, Dy or Ho) high-entropy metallic-glass microwires designed by binary eutectic clusters method",10.1016/j.jmst.2022.12.008,2-s2.0-85147607886,85147607886,2023,2023-06-20,Journal of Materials Science and Technology,10050302,,Article,,"Ningbo Institute of Industrial Technology, Chinese Academy of Sciences; School of Materials Science and Engineering, Harbin Institute of Technology",40,True,https://api.elsevier.com/content/abstract/scopus_id/85147607886,scopus,PENDING,NOT_STARTED,,11,143
Modification of BCZT piezoelectric ceramics by modulating oxygen vacancies in different sintering atmospheres,10.1063/5.0155475,2-s2.0-85161931057,85161931057,2023,2023-06-01,Aip Advances,,,Article,,Guizhou University,24,True,https://api.elsevier.com/content/abstract/scopus_id/85161931057,scopus,PENDING,NOT_STARTED,,11,144
Excellent piezoelectric constant and thermal stability in BiScO3–PbTiO3 piezoelectric ceramics via domain engineering,10.1016/j.jmat.2021.09.004,2-s2.0-85116796746,85116796746,2022,2022-03-01,Journal of Materiomics,23528478,,Article,,"University of Chinese Academy of Sciences; Shanghai Institute of Ceramics, Chinese Academy of Sciences",41,True,https://api.elsevier.com/content/abstract/scopus_id/85116796746,scopus,PENDING,NOT_STARTED,,11,145
"An investigation of half-metallic variant perovskites A2NbCl6 (A= K, Rb) for spintronic based applications",10.1016/j.jssc.2020.121823,2-s2.0-85094318999,85094318999,2021,2021-01-01,Journal of Solid State Chemistry,00224596,,Article,,Government Post Graduate Jahanzeb College Saidu Sharif,38,True,https://api.elsevier.com/content/abstract/scopus_id/85094318999,scopus,PENDING,NOT_STARTED,,11,146
Observation of A -site antiferromagnetic and B -site ferrimagnetic orderings in the quadruple perovskite oxide CaCu3Co2Re2 O12,10.1103/physrevb.103.014414,2-s2.0-85099210008,85099210008,2021,2021-01-12,Physical Review B,24699950,,Article,,Chinese Academy of Sciences; University of Chinese Academy of Sciences,26,True,https://api.elsevier.com/content/abstract/scopus_id/85099210008,scopus,PENDING,NOT_STARTED,,11,147
Tunable spin textures in polar antiferromagnetic hybrid organic–inorganic perovskites by electric and magnetic fields,10.1038/s41524-020-00374-8,2-s2.0-85088775343,85088775343,2020,2020-12-01,Npj Computational Materials,,,Article,,Fudan University; Center for Advanced Studies in Science and Technology of Microstructures Nanjing,35,True,https://api.elsevier.com/content/abstract/scopus_id/85088775343,scopus,PENDING,NOT_STARTED,,11,148
Extraordinary magnetic properties of double perovskite Eu2CoMnO6wide band gap semiconductor,10.1088/1361-648x/ab8ecc,2-s2.0-85087154720,85087154720,2020,2020-08-26,Journal of Physics Condensed Matter,09538984,,Article,,Indian Institute of Technology (BHU) Varanasi,28,True,https://api.elsevier.com/content/abstract/scopus_id/85087154720,scopus,PENDING,NOT_STARTED,,11,149
Atomic-Scale Control of Electronic Structure and Ferromagnetic Insulating State in Perovskite Oxide Superlattices by Long-Range Tuning of BO6 Octahedra,10.1002/adfm.202001984,2-s2.0-85088823399,85088823399,2020,2020-10-01,Advanced Functional Materials,1616301X,,Article,,University of Cambridge,26,True,https://api.elsevier.com/content/abstract/scopus_id/85088823399,scopus,PENDING,NOT_STARTED,,11,150
Enhanced magnetocaloric application potential of Co-substituted rare-earth Laves-phase TbMn2 compounds,10.1016/j.jmrt.2025.12.325,2-s2.0-105026459249,105026459249,2026,2026-01-01,Journal of Materials Research and Technology,22387854,,Article,,Luoyang Normal University,3,True,https://api.elsevier.com/content/abstract/scopus_id/105026459249,scopus,PENDING,NOT_STARTED,,10,151
Burn-Safe Biodegradable Magnetocaloric Composites for Temperature-Controlled Biomedical Applications,10.1002/advs.202509914,2-s2.0-105022806975,105022806975,2026,2026-03-13,Advanced Science,,,Article,,Delft University of Technology,2,True,https://api.elsevier.com/content/abstract/scopus_id/105022806975,scopus,PENDING,NOT_STARTED,,10,152
Contrasting Effects of Bi and Si Substitution at the Ni Site on Magnetostructural Transitions and Magnetocaloric Properties in Ni–Mn–In Heusler Alloys,10.3390/magnetism6020020,2-s2.0-105043034695,105043034695,2026,2026-06-01,Magnetism,,,Article,,Southern Illinois University Carbondale,2,True,https://api.elsevier.com/content/abstract/scopus_id/105043034695,scopus,PENDING,NOT_STARTED,,10,153
"Formability, magnetic and magnetocaloric properties of the Ce-substituted Fe87Pr10B3 metallic glass ribbons",10.1063/5.0296648,2-s2.0-105026861461,105026861461,2026,2026-01-07,Journal of Applied Physics,00218979,,Article,,Wuxi University,2,True,https://api.elsevier.com/content/abstract/scopus_id/105026861461,scopus,PENDING,NOT_STARTED,,10,154
Cation-engineered Zn-Ti co-substituted BaM Hexaferrites with enhanced magnetic and Magnetocaloric performance,10.1016/j.mseb.2026.119227,2-s2.0-105031382381,105031382381,2026,2026-06-01,Materials Science and Engineering B,09215107,,Article,,Faculté des Sciences de Monastir,1,True,https://api.elsevier.com/content/abstract/scopus_id/105031382381,scopus,PENDING,NOT_STARTED,,10,155
Chemical ordering and non-linear magnetic behavior: enhancing magnetocaloric effect in FeMnNiGeSi high-entropy materials,10.1016/j.mtphys.2026.102128,2-s2.0-105039855591,105039855591,2026,2026-06-01,Materials Today Physics,,,Article,,Institut Jean Lamour,1,True,https://api.elsevier.com/content/abstract/scopus_id/105039855591,scopus,PENDING,NOT_STARTED,,10,156
Enhanced magnetocaloric performance over a wide temperature range in Gd-Mn-Ni-Al amorphous/crystalline dual-phase composites,10.1016/j.mtcomm.2026.115060,2-s2.0-105034483490,105034483490,2026,2026-03-01,Materials Today Communications,,,Article,,"Shanghai University; Ningbo Institute of Industrial Technology, Chinese Academy of Sciences",1,True,https://api.elsevier.com/content/abstract/scopus_id/105034483490,scopus,PENDING,NOT_STARTED,,10,157
Mixed-valence induced Griffiths phase and large magnetocaloric effect in Eu2B2O5 + δ system,10.1016/j.matdes.2025.115337,2-s2.0-105025420514,105025420514,2026,2026-01-01,Materials and Design,02641275,,Article,,China Jiliang University,1,True,https://api.elsevier.com/content/abstract/scopus_id/105025420514,scopus,PENDING,NOT_STARTED,,10,158
Excellent comprehensive piezoelectric performances of SiC-doped BCTZ-based lead-free piezoelectric ceramics,10.26599/jac.2025.9221054,2-s2.0-105004769197,105004769197,2025,2025-04-01,Journal of Advanced Ceramics,22264108,,Article,,University of Jinan,15,True,https://api.elsevier.com/content/abstract/scopus_id/105004769197,scopus,PENDING,NOT_STARTED,,10,159
Effect of Oxygen Vacancy Concentration on the Electrical Properties and Microstructure of Bi4Ti3O12 Ceramics: Experimental and First-Principles Investigation,10.3390/ma18112666,2-s2.0-105007653818,105007653818,2025,2025-06-01,Materials,,,Article,,Tianjin University of Science & Technology,14,True,https://api.elsevier.com/content/abstract/scopus_id/105007653818,scopus,PENDING,NOT_STARTED,,10,160
Achieving outstanding comprehensive performance with high piezoelectricity in CaBi2Nb2O9-based high-temperature piezoelectric ceramics via multi-field coupling strategy,10.1016/j.jmat.2024.100990,2-s2.0-85217812685,85217812685,2025,2025-09-01,Journal of Materiomics,23528478,,Article,,Xi'an Jiaotong University,11,True,https://api.elsevier.com/content/abstract/scopus_id/85217812685,scopus,PENDING,NOT_STARTED,,10,161
Tailoring the functional properties of BaNi₂₋ₓZnₓFe₁₆O₂₇ ferrites via ceramic route for advanced electronic and energy applications,10.1007/s43939-025-00374-9,2-s2.0-105014756768,105014756768,2025,2025-12-01,Discover Materials,,,Article,,Amran University; Al-Razi University,11,True,https://api.elsevier.com/content/abstract/scopus_id/105014756768,scopus,PENDING,NOT_STARTED,,10,162
K0.5Na0.5NbO3-based multifunctional transparent ceramics for ultrahigh sensitive optical thermometry,10.26599/jac.2025.9221045,2-s2.0-105002017974,105002017974,2025,2025-03-01,Journal of Advanced Ceramics,22264108,,Article,,Guangzhou University,10,True,https://api.elsevier.com/content/abstract/scopus_id/105002017974,scopus,PENDING,NOT_STARTED,,10,163
High piezoelectric properties and excellent thermal stability in PNN-modified lead zirconate titanate piezoceramics,10.1111/jace.20643,2-s2.0-105005216987,105005216987,2025,2025-09-01,Journal of the American Ceramic Society,00027820,,Article,,University of Jinan,8,True,https://api.elsevier.com/content/abstract/scopus_id/105005216987,scopus,PENDING,NOT_STARTED,,10,164
Dual-phase nano-glass-hydrides overcome the strength-ductility trade-off and magnetocaloric bottlenecks of rare earth based amorphous alloys,10.1038/s41467-024-48531-7,2-s2.0-85193486879,85193486879,2024,2024-12-01,Nature Communications,,,Article,,Southeast University; Institute of Physics Chinese Academy of Sciences; Songshan Lake Materials Laboratory,24,True,https://api.elsevier.com/content/abstract/scopus_id/85193486879,scopus,PENDING,NOT_STARTED,,10,165
Electrocaloric characterization of samarium doped barium titanate ceramics synthesized by sol-gel process,10.1016/j.ceramint.2024.01.294,2-s2.0-85183957143,85183957143,2024,2024-04-15,Ceramics International,02728842,,Article,,Unité de Dynamique et Structure des Matériaux Moléculaires,18,True,https://api.elsevier.com/content/abstract/scopus_id/85183957143,scopus,PENDING,NOT_STARTED,,10,166
"The effects of Sr-substitution in Ba2SmTi2Nb3O15 ceramics: structural study, optical properties, and complex impedance spectroscopy",10.1039/d4ra00068d,2-s2.0-85188173143,85188173143,2024,2024-03-14,Rsc Advances,,,Article,,Université Mohammed Premier Oujda,17,True,https://api.elsevier.com/content/abstract/scopus_id/85188173143,scopus,PENDING,NOT_STARTED,,10,167
Investigation of the triple peak magnetocaloric effects of Ni45Mn44Sn11 ribbons,10.1016/j.jmrt.2023.09.226,2-s2.0-85173034066,85173034066,2023,2023-11-01,Journal of Materials Research and Technology,22387854,,Article,,Faculty of Medicine,24,True,https://api.elsevier.com/content/abstract/scopus_id/85173034066,scopus,PENDING,NOT_STARTED,,10,168
"Room-temperature structure, magnetic, and magnetocaloric properties of (La0.8-xNdx)Sr0.2MnO3(0 ≤ x ≤ 0.2)",10.1016/j.jmrt.2022.10.074,2-s2.0-85144823961,85144823961,2022,2022-11-01,Journal of Materials Research and Technology,22387854,,Article,,Guilin University of Technology,56,True,https://api.elsevier.com/content/abstract/scopus_id/85144823961,scopus,PENDING,NOT_STARTED,,10,169
Magnetocaloric effect of LaFe11.35Co0.6Si1.05 alloy,10.1007/s12598-017-0917-6,2-s2.0-85019600111,85019600111,2022,2022-05-01,Rare Metals,10010521,,Article,,Częstochowa University Of Technology,53,True,https://api.elsevier.com/content/abstract/scopus_id/85019600111,scopus,PENDING,NOT_STARTED,,10,170
Enhancing the magnetocaloric response of high-entropy metallic-glass by microstructural control,10.1007/s40843-021-1825-1,2-s2.0-85120682610,85120682610,2022,2022-04-01,Science China Materials,20958226,,Article,,"Consejo Superior de Investigaciones Científicas; School of Materials Science and Engineering, Harbin Institute of Technology",42,True,https://api.elsevier.com/content/abstract/scopus_id/85120682610,scopus,PENDING,NOT_STARTED,,10,171
"Piezoelectricity, thermal stability, and fatigue resistance in Nb and Ta-doped Bi4Ti3O12 high-temperature piezoceramics",10.1016/j.ceramint.2022.01.146,2-s2.0-85123687374,85123687374,2022,2022-05-01,Ceramics International,02728842,,Article,,Chungnam National University; Korea Atomic Energy Research Institute,29,True,https://api.elsevier.com/content/abstract/scopus_id/85123687374,scopus,PENDING,NOT_STARTED,,10,172
Reduction of hysteresis in (La1-xCex) y(MnzFe11.4-z)Si1.6 magnetocaloric compounds for cryogenic magnetic refrigeration,10.1016/j.actamat.2021.117286,2-s2.0-85114996147,85114996147,2021,2021-11-01,Acta Materialia,13596454,,Article,,National Institute for Materials Science,50,True,https://api.elsevier.com/content/abstract/scopus_id/85114996147,scopus,PENDING,NOT_STARTED,,10,173
Critical behavior and magnetocaloric effect in VI3,10.1103/physrevresearch.2.013013,2-s2.0-85083256702,85083256702,2020,2020-01-06,Physical Review Research,26431564,,Article,,Brookhaven National Laboratory Condensed Matter Physics and Materials Science Department,44,True,https://api.elsevier.com/content/abstract/scopus_id/85083256702,scopus,PENDING,NOT_STARTED,,10,174
Effect of Mn doping on the microstructure and magnetic properties of CuFeO2 ceramics,10.1007/s40145-020-0387-4,2-s2.0-85088574213,85088574213,2020,2020-08-01,Journal of Advanced Ceramics,22264108,,Article,,Zhengzhou University of Light Industry,37,True,https://api.elsevier.com/content/abstract/scopus_id/85088574213,scopus,PENDING,NOT_STARTED,,10,175
Validity of the phenomenological model for magnetocaloric effects in MnFeP2/3Si1/3,10.1016/j.rinp.2025.108231,2-s2.0-105001815588,105001815588,2025,2025-06-01,Results in Physics,,,Article,,Umm Al-Qura University,14,True,https://api.elsevier.com/content/abstract/scopus_id/105001815588,scopus,PENDING,NOT_STARTED,,9,176
Dy-Doped La0.51Sr0.49MnO₃ nanoparticles: Tuning structural and magnetocaloric properties via Sol-Gel synthesis for energy-efficient applications,10.1016/j.nwnano.2024.100069,2-s2.0-105000079334,105000079334,2025,2025-03-01,Nano Trends,,,Article,,University of Sharjah,12,True,https://api.elsevier.com/content/abstract/scopus_id/105000079334,scopus,PENDING,NOT_STARTED,,9,177
Achieving Tunable High-Performance Giant Magnetocaloric Effect in Hexagonal Mn-Fe-P-Si Materials through Different D-Block Doping,10.1002/adfm.202409270,2-s2.0-85201045354,85201045354,2024,2024-11-05,Advanced Functional Materials,1616301X,,Article,,Delft University of Technology; City University of Hong Kong,19,True,https://api.elsevier.com/content/abstract/scopus_id/85201045354,scopus,PENDING,NOT_STARTED,,9,178
Entropy tailoring of thermodynamic behaviors and magnetocaloric effects in (GdTbDy)CoAl metallic glasses,10.1016/j.matdes.2024.112653,2-s2.0-85182879073,85182879073,2024,2024-02-01,Materials and Design,02641275,,Article,,Southeast University; Yangtze River Delta Physics Research Center Co. Ltd,17,True,https://api.elsevier.com/content/abstract/scopus_id/85182879073,scopus,PENDING,NOT_STARTED,,9,179
"Enhancement of magnetocaloric effect by partial substitution of Bi in La0.60Dy0.10Sr0.30Mn(1−x)BixO3 manganites (x = 0, 0.01, 0.03, and 0.10)",10.1007/s10854-024-12292-2,2-s2.0-85187493191,85187493191,2024,2024-03-01,Journal of Materials Science Materials in Electronics,09574522,,Article,,Çukurova Üniversitesi,15,True,https://api.elsevier.com/content/abstract/scopus_id/85187493191,scopus,PENDING,NOT_STARTED,,9,180
The structural and dielectric properties of lanthanum substituted strontium based spinel ferrites nano-materials for high frequency device applications,10.1080/16583655.2023.2236368,2-s2.0-85165249688,85165249688,2023,2023-01-01,Journal of Taibah University for Science,,,Article,,Taif University,37,True,https://api.elsevier.com/content/abstract/scopus_id/85165249688,scopus,PENDING,NOT_STARTED,,9,181
Dielectric tunability of magnetic properties in orthorhombic ferromagnetic monolayer CrSBr,10.1038/s41524-023-01050-3,2-s2.0-85160203489,85160203489,2023,2023-12-01,Npj Computational Materials,,,Article,,Radboud Universiteit,36,True,https://api.elsevier.com/content/abstract/scopus_id/85160203489,scopus,PENDING,NOT_STARTED,,9,182
"Structural, dielectric, electric and magnetic properties of magnesium substituted lithium nanoferrites",10.1016/j.ceramint.2023.07.056,2-s2.0-85165429627,85165429627,2023,2023-10-01,Ceramics International,02728842,,Article,,Aligarh Muslim University,27,True,https://api.elsevier.com/content/abstract/scopus_id/85165429627,scopus,PENDING,NOT_STARTED,,9,183
Utilization of high entropy in rare earth-based magnetocaloric metallic glasses,10.1016/j.jmrt.2022.05.022,2-s2.0-85134273336,85134273336,2022,2022-05-01,Journal of Materials Research and Technology,22387854,,Article,,Hohai University,28,True,https://api.elsevier.com/content/abstract/scopus_id/85134273336,scopus,PENDING,NOT_STARTED,,9,184
"Impact of F and S doping on (Mn,Fe)2(P,Si) giant magnetocaloric materials",10.1016/j.actamat.2022.118057,2-s2.0-85131086806,85131086806,2022,2022-08-01,Acta Materialia,13596454,,Article,,Delft University of Technology,26,True,https://api.elsevier.com/content/abstract/scopus_id/85131086806,scopus,PENDING,NOT_STARTED,,9,185
"Tailoring the magnetocaloric, magnetic and thermal properties of Dy6(Fe,Mn)X2 intermetallics (X[dbnd]Sb, Te, Bi)",10.1016/j.jallcom.2021.161849,2-s2.0-85114834756,85114834756,2022,2022-01-15,Journal of Alloys and Compounds,09258388,,Article,,Universidad del Pais Vasco,23,True,https://api.elsevier.com/content/abstract/scopus_id/85114834756,scopus,PENDING,NOT_STARTED,,9,186
Room temperature huge magnetocaloric properties in low hysteresis ordered Cu-doped Ni-Mn-In-Co alloys,10.1016/j.jallcom.2022.166143,2-s2.0-85134563824,85134563824,2022,2022-11-20,Journal of Alloys and Compounds,09258388,,Article,,Consejo Nacional de Investigaciones Científicas y Técnicas; Universidad Pública de Navarra (UPNA),22,True,https://api.elsevier.com/content/abstract/scopus_id/85134563824,scopus,PENDING,NOT_STARTED,,9,187
Ni2+doping effect on potassium barium titanate nanoparticles: Enhancement optical and dielectric properties,10.1088/1402-4896/ac25a6,2-s2.0-85116344373,85116344373,2021,2021-12-01,Physica Scripta,00318949,,Article,,National Research Centre,53,True,https://api.elsevier.com/content/abstract/scopus_id/85116344373,scopus,PENDING,NOT_STARTED,,9,188
"Impact of synthesis route on structural, magnetic, magnetocaloric and critical behavior of Nd0.6Sr0.4MnO3manganite",10.1039/d0ra10118d,2-s2.0-85100915334,85100915334,2021,2021-02-11,Rsc Advances,,,Article,,University of Sfax,37,True,https://api.elsevier.com/content/abstract/scopus_id/85100915334,scopus,PENDING,NOT_STARTED,,9,189
Landau model evaluation of the magnetic entropy change in magnetocaloric materials,10.1016/j.jmmm.2021.167871,2-s2.0-85102862745,85102862745,2021,2021-07-01,Journal of Magnetism and Magnetic Materials,03048853,,Article,,Delft University of Technology,31,True,https://api.elsevier.com/content/abstract/scopus_id/85102862745,scopus,PENDING,NOT_STARTED,,9,190
"Martensitic transformation, magnetic and magnetocaloric properties of Ni-Mn-Fe-Sn Heusler ribbons",10.1016/j.jmrt.2021.03.049,2-s2.0-85106864424,85106864424,2021,2021-01-01,Journal of Materials Research and Technology,22387854,,Article,,Universitat de Girona,30,True,https://api.elsevier.com/content/abstract/scopus_id/85106864424,scopus,PENDING,NOT_STARTED,,9,191
"Tuning the magnetocaloric properties of the la(Fe,si)13 compounds by chemical substitution and light element insertion",10.3390/magnetochemistry7010013,2-s2.0-85100588055,85100588055,2021,2021-01-01,Magnetochemistry,,,Article,,Université Paris-Est Créteil Val de Marne,30,True,https://api.elsevier.com/content/abstract/scopus_id/85100588055,scopus,PENDING,NOT_STARTED,,9,192
"Magnetocaloric Effect in Flexible, Free-Standing Gadolinium Thick Films for Energy Conversion Applications",10.1103/physrevapplied.15.064045,2-s2.0-85108962995,85108962995,2021,2021-06-01,Physical Review Applied,,,Article,,Sorbonne Université; École Normale Supérieure Paris-Saclay,27,True,https://api.elsevier.com/content/abstract/scopus_id/85108962995,scopus,PENDING,NOT_STARTED,,9,193
"Structural, thermomagnetic, and dielectric properties of Mn0.5Zn0.5Gd xFe2−xO4 (x = 0, 0.025, 0.050, 0.075, and 0.1)",10.1007/s40145-020-0364-y,2-s2.0-85083192791,85083192791,2020,2020-04-01,Journal of Advanced Ceramics,22264108,,Article,,Deenbandhu Chhotu Ram University of Science and Technology,50,True,https://api.elsevier.com/content/abstract/scopus_id/85083192791,scopus,PENDING,NOT_STARTED,,9,194
Enhancing giant magnetocaloric effect near room temperature by inducing magnetostructural coupling in Cu-doped MnCoGe,10.1016/j.matdes.2020.109036,2-s2.0-85089663532,85089663532,2020,2020-10-01,Materials and Design,02641275,,Article,,Institutt for energiteknikk,36,True,https://api.elsevier.com/content/abstract/scopus_id/85089663532,scopus,PENDING,NOT_STARTED,,9,195
Tuning transition temperature of magnetocaloric Mn1.8Fe0.2(P0.59Si0.41)x alloys for cryogenic magnetic refrigeration,10.1016/j.scriptamat.2020.03.024,2-s2.0-85082838555,85082838555,2020,2020-07-01,Scripta Materialia,13596462,,Article,,National Institute for Materials Science,32,True,https://api.elsevier.com/content/abstract/scopus_id/85082838555,scopus,PENDING,NOT_STARTED,,9,196
Switching the magnetostructural coupling in MnCoGe-based magnetocaloric materials,10.1103/physrevmaterials.4.104407,2-s2.0-85094116242,85094116242,2020,2020-10-14,Physical Review Materials,,,Article,,Nanjing University of Science and Technology,30,True,https://api.elsevier.com/content/abstract/scopus_id/85094116242,scopus,PENDING,NOT_STARTED,,9,197
Prediction of the magnetocaloric behaviors of the Kekulene structure for the magnetic refrigeration,10.1016/j.rinp.2020.103342,2-s2.0-85089853573,85089853573,2020,2020-09-01,Results in Physics,,,Article,,Faculté des Sciences Rabat,26,True,https://api.elsevier.com/content/abstract/scopus_id/85089853573,scopus,PENDING,NOT_STARTED,,9,198
Enhancing dielectric permittivity in barium ferrite: a novel material for energy storage and advanced electronics applications,10.1007/s42452-025-06801-z,2-s2.0-105002779454,105002779454,2025,2025-04-01,Discover Applied Sciences,,,Article,,Amran University; Al-Razi University,16,True,https://api.elsevier.com/content/abstract/scopus_id/105002779454,scopus,PENDING,NOT_STARTED,,8,199
Dy–Cu–Sn Triple-Doped Yttrium Iron Garnet: Enhanced Magnetism and Dielectrics for Microwave Devices,10.1021/acsomega.5c03533,2-s2.0-105013394527,105013394527,2025,2025-07-29,ACS Omega,,,Article,,Hangzhou Dianzi University,13,True,https://api.elsevier.com/content/abstract/scopus_id/105013394527,scopus,PENDING,NOT_STARTED,,8,200
"Synthesis and multifunctional properties of Ni-Co Co-doped lithium ferrites for structural, electrical, and dielectric performance in device applications",10.1007/s11581-025-06342-w,2-s2.0-105004044112,105004044112,2025,2025-06-01,Ionics,09477047,,Article,,Bahauddin Zakariya University,11,True,https://api.elsevier.com/content/abstract/scopus_id/105004044112,scopus,PENDING,NOT_STARTED,,8,201
"Effect of annealing on the structural, morphological, optical, magnetic, and dielectric properties of nickel-doped cobalt nanoferrites for electronic applications",10.1016/j.physo.2024.100250,2-s2.0-85215372965,85215372965,2025,2025-02-01,Physics Open,,,Article,,Khulna University,10,True,https://api.elsevier.com/content/abstract/scopus_id/85215372965,scopus,PENDING,NOT_STARTED,,8,202
Construction and characterization of nano-oval BaTi0.7Fe0.3O3@NiFe2O4 nanocomposites as an effective platform for the determination of H2O2,10.1038/s41598-023-36076-6,2-s2.0-85160879313,85160879313,2023,2023-12-01,Scientific Reports,,,Article,,National Research Centre,45,True,https://api.elsevier.com/content/abstract/scopus_id/85160879313,scopus,PENDING,NOT_STARTED,,8,203
Role of vanadium ions substitution on spinel MnCo2O4 towards enhanced electrocatalytic activity for hydrogen generation,10.1038/s41598-023-29081-2,2-s2.0-85147461170,85147461170,2023,2023-12-01,Scientific Reports,,,Article,,King Fahd University of Petroleum and Minerals,43,True,https://api.elsevier.com/content/abstract/scopus_id/85147461170,scopus,PENDING,NOT_STARTED,,8,204
Stepwise Amplification of Circularly Polarized Luminescence in Chiral Metal Cluster Ensembles,10.1002/advs.202207660,2-s2.0-85148873009,85148873009,2023,2023-05-05,Advanced Science,,,Article,,Dalian University of Technology; School of Chemistry,43,True,https://api.elsevier.com/content/abstract/scopus_id/85148873009,scopus,PENDING,NOT_STARTED,,8,205
A review of UTe2 at high magnetic fields,10.1088/1361-6633/acfb93,2-s2.0-85173606527,85173606527,2023,2023-11-01,Reports on Progress in Physics,00344885,,Article,,"College of Computer, Mathematical, & Natural Sciences; NIST Center for Neutron Research",42,True,https://api.elsevier.com/content/abstract/scopus_id/85173606527,scopus,PENDING,NOT_STARTED,,8,206
Interplay between Optical Emission and Magnetism in the van der Waals Magnetic Semiconductor CrSBr in the Two-Dimensional Limit,10.1021/acsnano.3c00375,2-s2.0-85165739553,85165739553,2023,2023-07-25,ACS Nano,19360851,,Article,,Universitat de València,42,True,https://api.elsevier.com/content/abstract/scopus_id/85165739553,scopus,PENDING,NOT_STARTED,,8,207
Calculated magnetic exchange interactions in the van der Waals layered magnet CrSBr,10.1088/1367-2630/acb3ee,2-s2.0-85147198918,85147198918,2023,2023-01-01,New Journal of Physics,13672630,,Article,,Nanjing University of Post and TeleCommunications,41,True,https://api.elsevier.com/content/abstract/scopus_id/85147198918,scopus,PENDING,NOT_STARTED,,8,208
Nonvolatile electrical control of spin polarization in the 2D bipolar magnetic semiconductor VSeF,10.1038/s41524-023-01005-8,2-s2.0-85152516368,85152516368,2023,2023-12-01,Npj Computational Materials,,,Article,,University of Chinese Academy of Sciences; Institute of Physics Chinese Academy of Sciences,41,True,https://api.elsevier.com/content/abstract/scopus_id/85152516368,scopus,PENDING,NOT_STARTED,,8,209
"Characterization of the Elastic, Piezoelectric, and Dielectric Properties of Lithium Niobate from 25 °C to 900 °C Using Electrochemical Impedance Spectroscopy Resonance Method",10.3390/ma15134716,2-s2.0-85133889735,85133889735,2022,2022-07-01,Materials,,,Article,,École de Technologie Supérieure,27,True,https://api.elsevier.com/content/abstract/scopus_id/85133889735,scopus,PENDING,NOT_STARTED,,8,210
Microwave-Assisted Solvothermal Route for One-Step Synthesis of Pure Phase Bismuth Ferrite Microflowers with Improved Magnetic and Dielectric Properties,10.1021/acsomega.2c00219,2-s2.0-85128535949,85128535949,2022,2022-04-19,ACS Omega,,,Article,,University of Hyderabad,27,True,https://api.elsevier.com/content/abstract/scopus_id/85128535949,scopus,PENDING,NOT_STARTED,,8,211
2D-Berry-Curvature-Driven Large Anomalous Hall Effect in Layered Topological Nodal-Line MnAlGe,10.1002/adma.202006301,2-s2.0-85102635611,85102635611,2021,2021-05-01,Advanced Materials,09359648,,Article,,Max Planck Institute for Chemical Physics of Solids,64,True,https://api.elsevier.com/content/abstract/scopus_id/85102635611,scopus,PENDING,NOT_STARTED,,8,212
Spin-induced negative thermal expansion and spin–phonon coupling in van der Waals material CrBr3,10.1038/s41535-021-00318-5,2-s2.0-85101925477,85101925477,2021,2021-12-01,Npj Quantum Materials,,,Article,,"Joint Institute for Nuclear Research, Dubna",64,True,https://api.elsevier.com/content/abstract/scopus_id/85101925477,scopus,PENDING,NOT_STARTED,,8,213
Generic Seebeck effect from spin entropy,10.1016/j.xinn.2021.100101,2-s2.0-85104418922,85104418922,2021,2021-05-28,Innovation,,,Article,,University of Chinese Academy of Sciences; Institute of Physics Chinese Academy of Sciences; Songshan Lake Materials Laboratory,60,True,https://api.elsevier.com/content/abstract/scopus_id/85104418922,scopus,PENDING,NOT_STARTED,,8,214
"Impact of V substitution on the physical properties of Ni–Zn–Co ferrites: Structural, magnetic, dielectric and electrical properties",10.1088/2053-1591/abf6f7,2-s2.0-85105570333,85105570333,2021,2021-04-01,Materials Research Express,,,Article,,"Dhaka University of Engineering and Technology, Gazipur",28,True,https://api.elsevier.com/content/abstract/scopus_id/85105570333,scopus,PENDING,NOT_STARTED,,8,215
Magnetic critical behavior of the van der Waals Fe5GeTe2 crystal with near room temperature ferromagnetism,10.1038/s41598-020-72203-3,2-s2.0-85091153855,85091153855,2020,2020-12-01,Scientific Reports,,,Article,,University of Chinese Academy of Sciences; ShanghaiTech University; Shanghai Institute of Optics and Fine Mechanics Chinese Academy of Sciences,76,True,https://api.elsevier.com/content/abstract/scopus_id/85091153855,scopus,PENDING,NOT_STARTED,,8,216
Imaging Domain Reversal in an Ultrathin Van der Waals Ferromagnet,10.1002/adma.202003314,2-s2.0-85089668268,85089668268,2020,2020-10-01,Advanced Materials,09359648,,Article,,University of Melbourne; Universität Basel,69,True,https://api.elsevier.com/content/abstract/scopus_id/85089668268,scopus,PENDING,NOT_STARTED,,8,217
Effects of Oxygen Modification on the Structural and Magnetic Properties of Highly Epitaxial La0.7Sr0.3MnO3 (LSMO) thin films,10.1038/s41598-020-60343-5,2-s2.0-85080989769,85080989769,2020,2020-12-01,Scientific Reports,,,Article,,West Virginia University,67,True,https://api.elsevier.com/content/abstract/scopus_id/85080989769,scopus,PENDING,NOT_STARTED,,8,218
Robust ferromagnetism in wafer-scale monolayer and multilayer Fe3GeTe2,10.1038/s41699-020-00167-z,2-s2.0-85092281994,85092281994,2020,2020-12-01,Npj 2d Materials and Applications,,,Article,,The University of British Columbia,65,True,https://api.elsevier.com/content/abstract/scopus_id/85092281994,scopus,PENDING,NOT_STARTED,,8,219
Fabrication of a novel magnetic topological heterostructure and temperature evolution of its massive Dirac cone,10.1038/s41467-020-18645-9,2-s2.0-85091428129,85091428129,2020,2020-12-01,Nature Communications,,,Article,,Institute of Science Tokyo,64,True,https://api.elsevier.com/content/abstract/scopus_id/85091428129,scopus,PENDING,NOT_STARTED,,8,220
Emergent electric field control of phase transformation in oxide superlattices,10.1038/s41467-020-14631-3,2-s2.0-85079359551,85079359551,2020,2020-12-01,Nature Communications,,,Article,,Geballe Laboratory for Advanced Materials,60,True,https://api.elsevier.com/content/abstract/scopus_id/85079359551,scopus,PENDING,NOT_STARTED,,8,221
Formation of Asteroid (16) Psyche by a Giant Impact,10.1029/2025je009317,2-s2.0-105027844045,105027844045,2026,2026-01-01,Journal of Geophysical Research Planets,21699097,,Article,,Massachusetts Institute of Technology,3,True,https://api.elsevier.com/content/abstract/scopus_id/105027844045,scopus,PENDING,NOT_STARTED,,7,222
Magnetic properties of the quaternary Heusler alloy CoFeTiSn,10.1063/9.0001053,2-s2.0-105033889729,105033889729,2026,2026-03-01,Aip Advances,,,Article,,Kagoshima University,3,True,https://api.elsevier.com/content/abstract/scopus_id/105033889729,scopus,PENDING,NOT_STARTED,,7,223
Magnetism vs microstructure in Zn-substituted Ni-ferrite nanocrystalline materials with potential for biomedical applications,10.1088/1361-6463/ae3090,2-s2.0-105033791355,105033791355,2026,2026-01-16,Journal of Physics D Applied Physics,00223727,,Article,,"Faculty Of Physics At Sofia University ""St. Kliment Ohridski""",3,True,https://api.elsevier.com/content/abstract/scopus_id/105033791355,scopus,PENDING,NOT_STARTED,,7,224
Nanocrystalline CoMnFeNiGa high entropy alloys: room temperature ferromagnetism bridging the gap from bulk to nano,10.1039/d5fd00080g,2-s2.0-105030986998,105030986998,2026,2026-02-01,Faraday Discussions,13596640,,Article,,Universität Duisburg-Essen,3,True,https://api.elsevier.com/content/abstract/scopus_id/105030986998,scopus,PENDING,NOT_STARTED,,7,225
Spin state modulation and chiral hierarchical assembly via amine-driven single-crystal-to-single-crystal transformation,10.1039/d5qi01812a,2-s2.0-105026451622,105026451622,2026,2026-01-06,Inorganic Chemistry Frontiers,20521545,,Article,,"Changchun Institute Of Applied Chemistry, Chinese Academy Of Sciences",3,True,https://api.elsevier.com/content/abstract/scopus_id/105026451622,scopus,PENDING,NOT_STARTED,,7,226
Synergistic Spin-Polarization and Single-Atom Engineering in Magnetic Heterojunctions for Efficient Solar Water Splitting,10.1002/advs.202524114,2-s2.0-105028197994,105028197994,2026,2026-01-01,Advanced Science,,,Article,,Southwest University,3,True,https://api.elsevier.com/content/abstract/scopus_id/105028197994,scopus,PENDING,NOT_STARTED,,7,227
"Characterization of the microstructural, magnetic, and thermal properties of Fe–45Ni fabricated by laser powder bed fusion",10.1038/s41598-026-37507-w,2-s2.0-105031828713,105031828713,2026,2026-12-01,Scientific Reports,,,Article,,Inha University; Korea Institute of Industrial Technology,2,True,https://api.elsevier.com/content/abstract/scopus_id/105031828713,scopus,PENDING,NOT_STARTED,,7,228
Controlling half-metallic ferromagnetism character in diluted magnetic semiconductor for spintronics,10.1080/14786435.2025.2603735,2-s2.0-105026807971,105026807971,2026,2026-01-01,Philosophical Magazine,14786435,,Article,,Université Sultan Moulay Slimane,2,True,https://api.elsevier.com/content/abstract/scopus_id/105026807971,scopus,PENDING,NOT_STARTED,,7,229
Effect of Iron Site Substitution on Magneto-Optical Properties of Bi-Substituted Garnets for Magnetic Hologram Memory,10.3390/ma19010151,2-s2.0-105027399197,105027399197,2026,2026-01-01,Materials,,,Article,,Toyohashi University of Technology,2,True,https://api.elsevier.com/content/abstract/scopus_id/105027399197,scopus,PENDING,NOT_STARTED,,7,230
Exploring strong electronic correlations in the breathing kagome metal Fe3Sn,10.1103/xmmr-mfv4,2-s2.0-105035825777,105035825777,2026,2026-03-27,Physical Review B,24699950,,Article,,Uniwersytet Mikołaja Kopernika w Toruniu,2,True,https://api.elsevier.com/content/abstract/scopus_id/105035825777,scopus,PENDING,NOT_STARTED,,7,231
"Exploring the structural, magnetic, and optical properties of multifunctional Ni0.4Mn0.6Cr2O4spinel chromite toward optoelectronic innovation",10.1039/d5ra10066f,2-s2.0-105031683934,105031683934,2026,2026-01-01,Rsc Advances,,,Article,,Faculté des Sciences de Sfax,2,True,https://api.elsevier.com/content/abstract/scopus_id/105031683934,scopus,PENDING,NOT_STARTED,,7,232
First principles investigation of the ferromagnetism in TM-doped arsenene monolayer (TM = Mn and Fe),10.1039/d5na01113b,2-s2.0-105030598906,105030598906,2026,2026-03-31,Nanoscale Advances,,,Article,,Posts and Telecommunications Institute of Technology Vietnam,2,True,https://api.elsevier.com/content/abstract/scopus_id/105030598906,scopus,PENDING,NOT_STARTED,,7,233
Metamorphosis of Multilayered-(NH4)2V7O16 Squares to Zinc Vanadate and w-ZnO Nanoparticles via Zinc Metalation through Atomic Layer Deposition: Precision and Sustainability in Material Transformation,10.1002/cmtd.202500066,2-s2.0-105022063055,105022063055,2026,2026-01-01,Chemistry Methods,,,Article,,Universidad SEK,2,True,https://api.elsevier.com/content/abstract/scopus_id/105022063055,scopus,PENDING,NOT_STARTED,,7,234
Particle size effect on structural and magnetic properties of Co0.75Ni0.25Cr2O4 composite nanoparticles,10.1016/j.rinma.2025.100834,2-s2.0-105025015648,105025015648,2026,2026-03-01,Results in Materials,,,Article,,University of Johannesburg,2,True,https://api.elsevier.com/content/abstract/scopus_id/105025015648,scopus,PENDING,NOT_STARTED,,7,235
Tetraaza[7]–[15]helicenes Synthesized by Two-Step Strategy: Length-Controlled Chiral π-Systems Exhibiting Amplified Circularly Polarized Luminescence,10.1002/anie.202524463,2-s2.0-105027266526,105027266526,2026,2026-03-27,Angewandte Chemie International Edition,14337851,,Article,,"National Institute of Technology, Anan College",2,True,https://api.elsevier.com/content/abstract/scopus_id/105027266526,scopus,PENDING,NOT_STARTED,,7,236
Alkali-Metal Interlocking of 2D V4O10Sheets Defines Discretized Interlayer Shear Relationships,10.1021/jacs.5c16903,2-s2.0-105031728454,105031728454,2026,2026-03-04,Journal of the American Chemical Society,00027863,,Article,,Texas A&M University,1,True,https://api.elsevier.com/content/abstract/scopus_id/105031728454,scopus,PENDING,NOT_STARTED,,7,237
Analytical and phase-field study of anomalous electromechanical behaviors in Na0.5Bi0.5TiO3–xSrTiO3,10.1016/j.ijmecsci.2026.111531,2-s2.0-105033767200,105033767200,2026,2026-05-15,International Journal of Mechanical Sciences,00207403,,Article,,Technische Universität Darmstadt,1,True,https://api.elsevier.com/content/abstract/scopus_id/105033767200,scopus,PENDING,NOT_STARTED,,7,238
Balancing Both Coercivity and Magnetization in Compositionally Graded Ru:LSMO Epitaxial Thin Films: A Separate Analysis of Surface/Interface and Bulk Magnetism by a Complementary Approach,10.1021/acsaelm.6c00176,2-s2.0-105033809559,105033809559,2026,2026-03-24,ACS Applied Electronic Materials,,,Article,,Tohoku University,1,True,https://api.elsevier.com/content/abstract/scopus_id/105033809559,scopus,PENDING,NOT_STARTED,,7,239
Differential scanning calorimetry of gray cast iron: Presence of iron nitrides after casting,10.1007/s40962-025-01864-5,2-s2.0-105027763991,105027763991,2026,2026-01-01,International Journal of Metalcasting,19395981,,Article,,Renault; LABOMAP - Laboratoire Bourguignon des Matériaux et Procédés,1,True,https://api.elsevier.com/content/abstract/scopus_id/105027763991,scopus,PENDING,NOT_STARTED,,7,240
"First-Principles Design of Room Temperature Ferromagnetic Metallic Rare-Earth Zintl Compounds AB2C2 (A = Ce, Pr, Nd; B = Li; C = Sb) for Next-Generation Spintronic and Magneto-Electronic Applications",10.1002/open.70225,2-s2.0-105042046901,105042046901,2026,2026-06-01,Chemistryopen,,,Article,,Women University of Azad Jammu & kashmir Bagh,1,True,https://api.elsevier.com/content/abstract/scopus_id/105042046901,scopus,PENDING,NOT_STARTED,,7,241
First-principles study of d0magnetism in a SnI2monolayer induced by P and As impurities,10.1039/d5ra09400c,2-s2.0-105031702269,105031702269,2026,2026-01-01,Rsc Advances,,,Article,,Posts and Telecommunications Institute of Technology Vietnam,1,True,https://api.elsevier.com/content/abstract/scopus_id/105031702269,scopus,PENDING,NOT_STARTED,,7,242
"First-principles study of phase stability and magnetic properties of B2-phase AlCr, AlMn, AlFe, AlCo, and AlNi aluminides",10.1103/vwzq-mbb6,2-s2.0-105027296999,105027296999,2026,2026-01-01,Physical Review Materials,,,Article,,The Royal Institute of Technology (KTH),1,True,https://api.elsevier.com/content/abstract/scopus_id/105027296999,scopus,PENDING,NOT_STARTED,,7,243
Growth of <111>-Oriented Pb(In1/2Nb1/2)O3–Pb(Mg1/3Nb2/3)O3–PbTiO3 thin films with enhanced pyroelectric performance,10.1111/jace.70235,2-s2.0-105015426258,105015426258,2026,2026-01-01,Journal of the American Ceramic Society,00027820,,Article,,Shanghai Normal University,1,True,https://api.elsevier.com/content/abstract/scopus_id/105015426258,scopus,PENDING,NOT_STARTED,,7,244
"Halogen-driven magnetic properties of two-dimensional binary and Janus Cr2XYSe2 (X, Y = F, Cl, Br, I) monolayers",10.1039/d5cp04913j,2-s2.0-105036221845,105036221845,2026,2026-05-06,Physical Chemistry Chemical Physics,14639076,,Article,,Ankara Üniversitesi,1,True,https://api.elsevier.com/content/abstract/scopus_id/105036221845,scopus,PENDING,NOT_STARTED,,7,245
Influence of Thermal Gradient and Cooling Rate on Writability in Heat-Assisted Magnetic Recording,10.3379/msjmag.2601r005,2-s2.0-105026176250,105026176250,2026,2026-01-01,Journal of the Magnetics Society of Japan,,,Article,,Mie University,1,True,https://api.elsevier.com/content/abstract/scopus_id/105026176250,scopus,PENDING,NOT_STARTED,,7,246
Investigating the magnetic properties and magnetic cooling potential of La and Sm co-doped CaMnO3 manganites,10.1007/s10854-026-17400-y,2-s2.0-105039277837,105039277837,2026,2026-05-01,Journal of Materials Science Materials in Electronics,09574522,,Article,,Çukurova Üniversitesi,1,True,https://api.elsevier.com/content/abstract/scopus_id/105039277837,scopus,PENDING,NOT_STARTED,,7,247
Magnetic model of the crystalline crust and heterogeneity of the lithosphere in the junction zones between the East European Craton and surrounding structures. Part I. The SW border,10.24028/gj.v48i1.347053,2-s2.0-105031825259,105031825259,2026,2026-02-27,Geofizicheskiy Zhurnal,02033100,,Article,,Institute of Geophysics National Academy of Sciences of the Ukraine,1,True,https://api.elsevier.com/content/abstract/scopus_id/105031825259,scopus,PENDING,NOT_STARTED,,7,248
Meissner Effect and Nonreciprocal Charge Transport in Non-Topological 1T-CrTe2/FeTe Heterostructures,10.1002/adma.202520598,2-s2.0-105029512573,105029512573,2026,2026-03-06,Advanced Materials,09359648,,Article,,Eberly College of Science,1,True,https://api.elsevier.com/content/abstract/scopus_id/105029512573,scopus,PENDING,NOT_STARTED,,7,249
Narrow band gap and room-temperature ferromagnetism in Cr-doped ZnO nanorods fabricated by electrochemical deposition,10.1038/s41598-026-53278-w,2-s2.0-105040668831,105040668831,2026,2026-12-01,Scientific Reports,,,Article,,University of Ha'il,1,True,https://api.elsevier.com/content/abstract/scopus_id/105040668831,scopus,PENDING,NOT_STARTED,,7,250
New insight on the properties of the superconducting iron spin ladder BaFe2S3,10.15302/frontphys.2026.055201,2-s2.0-105022020460,105022020460,2026,2026-05-01,Frontiers of Physics,20950462,,Article,,SOLEIL Synchrotron; Laboratoire de Physique des Solides,1,True,https://api.elsevier.com/content/abstract/scopus_id/105022020460,scopus,PENDING,NOT_STARTED,,7,251
On Microstructure Evolution and Magnetic Properties of Annealed FeNiCrMn Alloy,10.3390/met16020141,2-s2.0-105031447659,105031447659,2026,2026-02-01,Metals,,,Article,,Southwest Jiaotong University,1,True,https://api.elsevier.com/content/abstract/scopus_id/105031447659,scopus,PENDING,NOT_STARTED,,7,252
Origin of the high coercivity in FeNi inspired magnets,10.1038/s41598-026-36990-5,2-s2.0-105029873499,105029873499,2026,2026-12-01,Scientific Reports,,,Article,,Donostia International Physics Center; IMDEA Nanociencia; Universidad Antonio de Nebrija; Universidad Complutense de Madrid Instituto de Magnetismo Aplicado,1,True,https://api.elsevier.com/content/abstract/scopus_id/105029873499,scopus,PENDING,NOT_STARTED,,7,253
Phase-controlled growth of 2D crystals of the MB2T4 family via a flux-assisted method,10.1038/s41467-026-68426-z,2-s2.0-105030357572,105030357572,2026,2026-12-01,Nature Communications,,,Article,,Nanyang Technological University; Beihang University; School of Materials Science and Engineering,1,True,https://api.elsevier.com/content/abstract/scopus_id/105030357572,scopus,PENDING,NOT_STARTED,,7,254
Probing hidden symmetry via nonlinear transport in an altermagnet candidate Ca3Ru2O7,10.1038/s41467-026-69739-9,2-s2.0-105034940623,105034940623,2026,2026-12-01,Nature Communications,,,Article,,Eberly College of Science,1,True,https://api.elsevier.com/content/abstract/scopus_id/105034940623,scopus,PENDING,NOT_STARTED,,7,255
Realization of ferromagnetic strain glass in all-d-metal Heusler NiCoMnTi alloys,10.1063/5.0324890,2-s2.0-105036700974,105036700974,2026,2026-04-01,APL Materials,,,Article,,"Shanghai University; Ningbo Institute of Industrial Technology, Chinese Academy of Sciences; Great Bay University",1,True,https://api.elsevier.com/content/abstract/scopus_id/105036700974,scopus,PENDING,NOT_STARTED,,7,256
Self-actuated thermomagnetic agitator for advanced immersion cooling in data centers,10.1016/j.applthermaleng.2026.129931,2-s2.0-105029011539,105029011539,2026,2026-04-01,Applied Thermal Engineering,13594311,,Article,,Korea University; Korea Institute of Science and Technology,1,True,https://api.elsevier.com/content/abstract/scopus_id/105029011539,scopus,PENDING,NOT_STARTED,,7,257
"Synthesis and chiral optical activity of a quadruple heterohelicene based on 1,4-dihydropyrrolo[3,2-b]pyrrole–picene hybrid",10.1039/d5tc04545b,2-s2.0-105031733088,105031733088,2026,2026-04-30,Journal of Materials Chemistry C,20507526,,Article,,"Institute of Organic Chemistry of the Polish Academy of Sciences; University of Warsaw, College of Inter-Faculty Individual Studies in Mathematics and Natural Sciences",1,True,https://api.elsevier.com/content/abstract/scopus_id/105031733088,scopus,PENDING,NOT_STARTED,,7,258
Thickness-Dependent Skyrmion Evolution in Fe3GeTe2 During Magnetization Reversal,10.1002/adfm.202518239,2-s2.0-105019697940,105019697940,2026,2026-03-02,Advanced Functional Materials,1616301X,,Article,,Northwestern University; Argonne National Laboratory,1,True,https://api.elsevier.com/content/abstract/scopus_id/105019697940,scopus,PENDING,NOT_STARTED,,7,259
TIME OPTIMAL CONTROL PROBLEM FOR THE LANDAU-LIFSHITZ-BLOCH EQUATION,10.3934/eect.2026010,2-s2.0-105029313651,105029313651,2026,2026-05-01,Evolution Equations and Control Theory,21632472,,Article,,Indian Institute of Space Science and Technology,1,True,https://api.elsevier.com/content/abstract/scopus_id/105029313651,scopus,PENDING,NOT_STARTED,,7,260
Tunable Negative Thermal Expansion in Fe/Cr-Substituted Nd2Co17 Compounds via Magnetoelastic Coupling,10.1002/advs.202523129,2-s2.0-105028249013,105028249013,2026,2026-01-01,Advanced Science,,,Article,,Dongguan University of Technology; College of Physics,1,True,https://api.elsevier.com/content/abstract/scopus_id/105028249013,scopus,PENDING,NOT_STARTED,,7,261
Unraveling the peculiar magnetic and electrical-transport properties of the structurally disordered half-Heusler alloy VCoGe,10.1088/1361-648x/ae4a68,2-s2.0-105033294787,105033294787,2026,2026-03-10,Journal of Physics Condensed Matter an Institute of Physics Journal,,,Article,,Indian Institute of Technology Kharagpur,1,True,https://api.elsevier.com/content/abstract/scopus_id/105033294787,scopus,PENDING,NOT_STARTED,,7,262
Dual-layer FePt-C granular media for multi-level heat-assisted magnetic recording,10.1016/j.actamat.2024.119869,2-s2.0-85189698590,85189698590,2024,2024-06-01,Acta Materialia,13596454,,Article,,National Institute for Materials Science,32,True,https://api.elsevier.com/content/abstract/scopus_id/85189698590,scopus,PENDING,NOT_STARTED,,7,263
Strain-induced tunable valley polarization and topological phase transition in SVSiN2 monolayer,10.1039/d3tc04759h,2-s2.0-85187314708,85187314708,2024,2024-02-20,Journal of Materials Chemistry C,20507526,,Article,,Nanjing University of Post and TeleCommunications,32,True,https://api.elsevier.com/content/abstract/scopus_id/85187314708,scopus,PENDING,NOT_STARTED,,7,264
The effect of intrinsic magnetic order on electrochemical water splitting,10.1063/5.0174662,2-s2.0-85188449901,85188449901,2024,2024-03-01,Applied Physics Reviews,,,Article,,MESA+ Instituut,30,True,https://api.elsevier.com/content/abstract/scopus_id/85188449901,scopus,PENDING,NOT_STARTED,,7,265
The impact of chemical short-range order on the thermophysical properties of medium- and high-entropy alloys,10.1016/j.matdes.2024.112724,2-s2.0-85183966215,85183966215,2024,2024-02-01,Materials and Design,02641275,,Article,,Universidade Federal de São Carlos,30,True,https://api.elsevier.com/content/abstract/scopus_id/85183966215,scopus,PENDING,NOT_STARTED,,7,266
Insights into the Early Size Effects of Lead-Free Piezoelectric Ba0.85Ca0.15Zr0.1Ti0.9O3,10.1002/aelm.202300556,2-s2.0-85176595088,85176595088,2024,2024-02-01,Advanced Electronic Materials,,,Article,,CSIC - Instituto de Ciencia de Materiales de Madrid (ICMM),28,True,https://api.elsevier.com/content/abstract/scopus_id/85176595088,scopus,PENDING,NOT_STARTED,,7,267
High-performance bismuth titanate-ferrite (Bi5Ti3FeO15) for high-temperature piezoelectric applications,10.1111/jace.19768,2-s2.0-85186461654,85186461654,2024,2024-07-01,Journal of the American Ceramic Society,00027820,,Article,,State Key Laboratory of Crystal Materials,27,True,https://api.elsevier.com/content/abstract/scopus_id/85186461654,scopus,PENDING,NOT_STARTED,,7,268
Nanotube spin defects for omnidirectional magnetic field sensing,10.1038/s41467-024-51941-2,2-s2.0-85203087152,85203087152,2024,2024-12-01,Nature Communications,,,Article,,College of Science,27,True,https://api.elsevier.com/content/abstract/scopus_id/85203087152,scopus,PENDING,NOT_STARTED,,7,269
Interfacial magnetic spin Hall effect in van der Waals Fe3GeTe2/MoTe2 heterostructure,10.1038/s41467-024-45318-8,2-s2.0-85187130453,85187130453,2024,2024-12-01,Nature Communications,,,Article,,Nanjing University,26,True,https://api.elsevier.com/content/abstract/scopus_id/85187130453,scopus,PENDING,NOT_STARTED,,7,270
An accurate and transferable machine learning interatomic potential for nickel,10.1038/s43246-024-00603-3,2-s2.0-85201416513,85201416513,2024,2024-12-01,Communications Materials,,,Article,,The University of Hong Kong,24,True,https://api.elsevier.com/content/abstract/scopus_id/85201416513,scopus,PENDING,NOT_STARTED,,7,271
Quantum geometry quadrupole-induced third-order nonlinear transport in antiferromagnetic topological insulator MnBi2Te4,10.1038/s41467-024-52206-8,2-s2.0-85203242498,85203242498,2024,2024-12-01,Nature Communications,,,Article,,Hong Kong University of Science and Technology,24,True,https://api.elsevier.com/content/abstract/scopus_id/85203242498,scopus,PENDING,NOT_STARTED,,7,272
Genuine Dirac Half-Metals in Two-Dimensions,10.1002/advs.202307297,2-s2.0-85178493655,85178493655,2024,2024-02-09,Advanced Science,,,Article,,University of Wollongong; Southwest University,23,True,https://api.elsevier.com/content/abstract/scopus_id/85178493655,scopus,PENDING,NOT_STARTED,,7,273
Growth of 2D Cr2O3–CrN Mosaic Heterostructures with Tunable Room-Temperature Ferromagnetism,10.1002/adma.202304946,2-s2.0-85178912571,85178912571,2024,2024-02-15,Advanced Materials,09359648,,Article,,Tsinghua University,23,True,https://api.elsevier.com/content/abstract/scopus_id/85178912571,scopus,PENDING,NOT_STARTED,,7,274
Core/Shell-Like Magnetic Structure and Optical Properties in CuO Nanoparticles Synthesized by Green Route,10.1021/acssusresmgt.4c00325,2-s2.0-105021862105,105021862105,2024,2024-11-28,ACS Sustainable Resource Management,,,Article,,Ranchi University,22,True,https://api.elsevier.com/content/abstract/scopus_id/105021862105,scopus,PENDING,NOT_STARTED,,7,275
Singular Hall Response from a Correlated Ferromagnetic Flat Nodal-Line Semimetal,10.1002/adma.202402040,2-s2.0-85195825519,85195825519,2024,2024-08-01,Advanced Materials,09359648,,Article,,Korea Advanced Institute of Science and Technology,22,True,https://api.elsevier.com/content/abstract/scopus_id/85195825519,scopus,PENDING,NOT_STARTED,,7,276
Enhanced Ferromagnetism and Tunable Magnetic Anisotropy in a van der Waals Ferromagnet,10.1002/advs.202402819,2-s2.0-85197441786,85197441786,2024,2024-09-04,Advanced Science,,,Article,,Yanshan University,21,True,https://api.elsevier.com/content/abstract/scopus_id/85197441786,scopus,PENDING,NOT_STARTED,,7,277
Investigations on full-Heusler alloys Mn2TaAl and Mn2WAl for spintronic and thermoelectric applications,10.1016/j.isci.2024.111257,2-s2.0-85209066800,85209066800,2024,2024-12-20,Iscience,,,Article,,Lanzhou Jiaotong University,21,True,https://api.elsevier.com/content/abstract/scopus_id/85209066800,scopus,PENDING,NOT_STARTED,,7,278
The Multifunctionality of Lanthanum-Strontium Cobaltite Nanopowder: High-Pressure Magnetic Studies and Excellent Electrocatalytic Properties for OER,10.1021/acsami.3c06413,2-s2.0-85182564466,85182564466,2024,2024-01-24,ACS Applied Materials and Interfaces,19448244,,Article,,"International Center of Future Science, Jilin University",21,True,https://api.elsevier.com/content/abstract/scopus_id/85182564466,scopus,PENDING,NOT_STARTED,,7,279
High-temperature Néel skyrmions in Fe3GaTe2 stabilized by Fe intercalation into the van der Waals gap,10.1038/s44306-024-00024-5,2-s2.0-105011295947,105011295947,2024,2024-12-01,Npj Spintronics,,,Article,,"Max Planck Institute of Microstructure Physics; Indian Institute of Science Education and Research (IISER), Tirupati",20,True,https://api.elsevier.com/content/abstract/scopus_id/105011295947,scopus,PENDING,NOT_STARTED,,7,280
Nanohexagonal iron barium titanate nanoparticles surface-modified NiFe2O4 composite screen-printed electrode for enzymatic glucose monitoring,10.1039/d4ra06689h,2-s2.0-85208670797,85208670797,2024,2024-11-01,Rsc Advances,,,Article,,National Research Centre,20,True,https://api.elsevier.com/content/abstract/scopus_id/85208670797,scopus,PENDING,NOT_STARTED,,7,281
Substantial enhancement of perpendicular magnetic anisotropy in van der Waals ferromagnetic Fe3GaTe2 film due to pressure application,10.1038/s43246-024-00665-3,2-s2.0-85207483429,85207483429,2024,2024-12-01,Communications Materials,,,Article,,Kyushu University,20,True,https://api.elsevier.com/content/abstract/scopus_id/85207483429,scopus,PENDING,NOT_STARTED,,7,282
Advances in Two-Dimensional Magnetic Semiconductors via Substitutional Doping of Transition Metal Dichalcogenides,10.3390/ma16103701,2-s2.0-85160453711,85160453711,2023,2023-05-01,Materials,,,Article,,"Charles V. Schaefer, Jr. School of Engineering and Science",39,True,https://api.elsevier.com/content/abstract/scopus_id/85160453711,scopus,PENDING,NOT_STARTED,,7,283
Prediction of monolayer Fe P4 with intrinsic half-metal ferrimagnetism above room temperature,10.1103/physrevb.107.024414,2-s2.0-85146333297,85146333297,2023,2023-01-01,Physical Review B,24699950,,Article,,Northeast Normal University,39,True,https://api.elsevier.com/content/abstract/scopus_id/85146333297,scopus,PENDING,NOT_STARTED,,7,284
Spin polarization through axially chiral linkers: Length dependence and correlation with the dissymmetry factor,10.1002/chir.23556,2-s2.0-85150489003,85150489003,2023,2023-09-01,Chirality,08990042,,Article,,Hebrew University of Jerusalem,38,True,https://api.elsevier.com/content/abstract/scopus_id/85150489003,scopus,PENDING,NOT_STARTED,,7,285
Giant adiabatic temperature change and its direct measurement of a barocaloric effect in a charge-transfer solid,10.1038/s41467-023-44350-4,2-s2.0-85180714962,85180714962,2023,2023-12-01,Nature Communications,,,Article,,The University of Tokyo,37,True,https://api.elsevier.com/content/abstract/scopus_id/85180714962,scopus,PENDING,NOT_STARTED,,7,286
In-plane reorientation induced single laser pulse magnetization reversal,10.1038/s41467-023-40721-z,2-s2.0-85168287454,85168287454,2023,2023-12-01,Nature Communications,,,Article,,Université de Lorraine,36,True,https://api.elsevier.com/content/abstract/scopus_id/85168287454,scopus,PENDING,NOT_STARTED,,7,287
Heteroepitaxy of 2D CuCr2Te4 with Robust Room-temperature Ferromagnetism,10.1002/adma.202211388,2-s2.0-85150789970,85150789970,2023,2023-05-04,Advanced Materials,09359648,,Article,,Wuhan University,35,True,https://api.elsevier.com/content/abstract/scopus_id/85150789970,scopus,PENDING,NOT_STARTED,,7,288
Adiabatic demagnetization refrigeration to millikelvin temperatures with the distorted square lattice magnet NaYbGeO4,10.1103/physrevb.108.224415,2-s2.0-85179755178,85179755178,2023,2023-12-01,Physical Review B,24699950,,Article,,Indian Institute of Science; Universität Augsburg,34,True,https://api.elsevier.com/content/abstract/scopus_id/85179755178,scopus,PENDING,NOT_STARTED,,7,289
Dislocation toughening in single-crystal KNbO3,10.1111/jace.19088,2-s2.0-85150783006,85150783006,2023,2023-07-01,Journal of the American Ceramic Society,00027820,,Article,,Technische Universität Darmstadt,34,True,https://api.elsevier.com/content/abstract/scopus_id/85150783006,scopus,PENDING,NOT_STARTED,,7,290
Laser powder bed fusion of the Ni-Mn-Sn Heusler alloy for magnetic refrigeration applications,10.1016/j.addma.2023.103536,2-s2.0-85151694564,85151694564,2023,2023-05-05,Additive Manufacturing,,,Article,,University of Birmingham,33,True,https://api.elsevier.com/content/abstract/scopus_id/85151694564,scopus,PENDING,NOT_STARTED,,7,291
High Pressure-Driven Magnetic Disorder and Structural Transformation in Fe3GeTe2: Emergence of a Magnetic Quantum Critical Point,10.1002/advs.202206842,2-s2.0-85147279079,85147279079,2023,2023-03-24,Advanced Science,,,Article,,Duy Tan University,32,True,https://api.elsevier.com/content/abstract/scopus_id/85147279079,scopus,PENDING,NOT_STARTED,,7,292
A rule-free workflow for the automated generation of databases from scientific literature,10.1038/s41524-023-01171-9,2-s2.0-85179547183,85179547183,2023,2023-12-01,Npj Computational Materials,,,Article,,Trinity College Dublin,31,True,https://api.elsevier.com/content/abstract/scopus_id/85179547183,scopus,PENDING,NOT_STARTED,,7,293
Magnetic and Electronic Properties of Edge-Modified Triangular WS2 and MoS2 Quantum Dots,10.3390/cryst13020251,2-s2.0-85149213745,85149213745,2023,2023-02-01,Crystals,,,Article,,National Research Centre; Yancheng Institute of Technology,31,True,https://api.elsevier.com/content/abstract/scopus_id/85149213745,scopus,PENDING,NOT_STARTED,,7,294
Crystal structures and magnetic properties of spinel ferrites synthesized from natural Fe–Mg–Ca carbonates,10.1016/j.materresbull.2022.112068,2-s2.0-85140048404,85140048404,2023,2023-02-01,Materials Research Bulletin,00255408,,Article,,Oulun Yliopisto,28,True,https://api.elsevier.com/content/abstract/scopus_id/85140048404,scopus,PENDING,NOT_STARTED,,7,295
"Direct Magnetic Evidence, Functionalization, and Low-Temperature Magneto-Electron Transport in Liquid-Phase Exfoliated FePS3",10.1021/acsnano.2c11654,2-s2.0-85148113863,85148113863,2023,2023-02-14,ACS Nano,19360851,,Article,,IMDEA Nanociencia,28,True,https://api.elsevier.com/content/abstract/scopus_id/85148113863,scopus,PENDING,NOT_STARTED,,7,296
"Computational investigation of the Fe2XAs (X = Mn and Co) full Heusler alloy: Structural, electronic, and magnetic properties",10.1016/j.rinp.2023.106741,2-s2.0-85165055917,85165055917,2023,2023-08-01,Results in Physics,,,Article,,Jordan University of Science and Technology,27,True,https://api.elsevier.com/content/abstract/scopus_id/85165055917,scopus,PENDING,NOT_STARTED,,7,297
Enhanced Magnetic Interaction between Ga and Fe in Two-Dimensional van der Waals Ferromagnetic Crystal Fe3GaTe2,10.1088/0256-307x/40/8/087501,2-s2.0-85169602196,85169602196,2023,2023-08-01,Chinese Physics Letters,0256307X,,Article,,University of Chinese Academy of Sciences; Shanghai Institute of Microsystem and Information Technology Chinese Academy of Sciences,27,True,https://api.elsevier.com/content/abstract/scopus_id/85169602196,scopus,PENDING,NOT_STARTED,,7,298
Magnetic properties of intercalated quasi-2D Fe3-xGeTe2 van der Waals magnet,10.1038/s41699-023-00417-w,2-s2.0-85168426192,85168426192,2023,2023-12-01,Npj 2d Materials and Applications,,,Article,,Stanford Engineering; The University of Texas at El Paso,27,True,https://api.elsevier.com/content/abstract/scopus_id/85168426192,scopus,PENDING,NOT_STARTED,,7,299
Polyhedral Distortions and Unusual Magnetic Order in Spinel FeMn2O4,10.1021/acs.chemmater.2c03182,2-s2.0-85149997537,85149997537,2023,2023-03-28,Chemistry of Materials,08974756,,Article,,Oak Ridge National Laboratory; Louisiana State University,27,True,https://api.elsevier.com/content/abstract/scopus_id/85149997537,scopus,PENDING,NOT_STARTED,,7,300
"Enhancing ferromagnetic coupling in CrXY (X = O, S, Se; Y = Cl, Br, I) monolayers by turning the covalent character of Cr-X bonds",10.1038/s41524-023-01013-8,2-s2.0-85153099328,85153099328,2023,2023-12-01,Npj Computational Materials,,,Article,,Nankai University,25,True,https://api.elsevier.com/content/abstract/scopus_id/85153099328,scopus,PENDING,NOT_STARTED,,7,301
"Evaluation of Structural, Magnetic, and Electromagnetic Properties of Co2+-Substituted NiCuZn Ferrites",10.1021/acsomega.3c03757,2-s2.0-85168491338,85168491338,2023,2023-08-22,ACS Omega,,,Article,,Azad Mahavidyalaya,24,True,https://api.elsevier.com/content/abstract/scopus_id/85168491338,scopus,PENDING,NOT_STARTED,,7,302
Comprehensive Improvement of Various Features of Cu-Cd Ferrites (Cu0.5Cd0.5Fe2-xCexO4) by Cerium (Ce3+) Ion Substitution,10.1021/acsomega.3c03993,2-s2.0-85178017763,85178017763,2023,2023-11-07,ACS Omega,,,Article,,Government College University Faisalabad,23,True,https://api.elsevier.com/content/abstract/scopus_id/85178017763,scopus,PENDING,NOT_STARTED,,7,303
Exploration of all- 3d Heusler alloys for permanent magnets: An ab initio based high-throughput study,10.1103/physrevb.107.174402,2-s2.0-85158893093,85158893093,2023,2023-05-01,Physical Review B,24699950,,Article,,Uppsala Universitet,23,True,https://api.elsevier.com/content/abstract/scopus_id/85158893093,scopus,PENDING,NOT_STARTED,,7,304
Preparation and Magneto-Structural Investigation of High-Ordered (L21 Structure) Co2MnGe Microwires,10.3390/pr11041138,2-s2.0-85156175439,85156175439,2023,2023-04-01,Processes,,,Article,,Universidad del Pais Vasco; Faculty of Science,22,True,https://api.elsevier.com/content/abstract/scopus_id/85156175439,scopus,PENDING,NOT_STARTED,,7,305
Pyroelectric energy harvesting from power electronic substrates,10.1016/j.enconman.2023.117233,2-s2.0-85163319699,85163319699,2023,2023-08-15,Energy Conversion and Management,01968904,,Article,,Aalborg University,22,True,https://api.elsevier.com/content/abstract/scopus_id/85163319699,scopus,PENDING,NOT_STARTED,,7,306
Reversal of Anomalous Hall Effect and Octahedral Tilting in SrRuO3 Thin Films via Hydrogen Spillover,10.1002/adma.202207246,2-s2.0-85142340180,85142340180,2023,2023-01-19,Advanced Materials,09359648,,Article,,Max Planck Institute of Microstructure Physics,22,True,https://api.elsevier.com/content/abstract/scopus_id/85142340180,scopus,PENDING,NOT_STARTED,,7,307
Exploratory assessment of geothermal resources in some parts of the Middle Benue Trough of Nigeria using airborne potential field data,10.1016/j.jksus.2022.102521,2-s2.0-85145986388,85145986388,2023,2023-02-01,Journal of King Saud University Science,10183647,,Article,,College of Sciences,21,True,https://api.elsevier.com/content/abstract/scopus_id/85145986388,scopus,PENDING,NOT_STARTED,,7,308
"A multi-stage, first-order phase transition in LaFe11.8Si1.2: Interplay between the structural, magnetic, and electronic degrees of freedom",10.1063/5.0133411,2-s2.0-85166949972,85166949972,2023,2023-09-01,Applied Physics Reviews,,,Article,,Technische Universität Darmstadt,20,True,https://api.elsevier.com/content/abstract/scopus_id/85166949972,scopus,PENDING,NOT_STARTED,,7,309
Domain wall propagation and pinning induced by current pulses in cylindrical modulated nanowires,10.1039/d3nr00455d,2-s2.0-85153868645,85153868645,2023,2023-04-10,Nanoscale,20403364,,Article,,CSIC - Instituto de Ciencia de Materiales de Madrid (ICMM),20,True,https://api.elsevier.com/content/abstract/scopus_id/85153868645,scopus,PENDING,NOT_STARTED,,7,310
"Enhanced electrical properties by AC poling of relaxor-Pb(Zr,Ti)O3 single crystals manufactured by the solid state crystal growth method",10.35848/1347-4065/ace537,2-s2.0-85166193496,85166193496,2023,2023-11-01,Japanese Journal of Applied Physics,00214922,,Article,,NC State College of Engineering; Shonan Institute of Technology,20,True,https://api.elsevier.com/content/abstract/scopus_id/85166193496,scopus,PENDING,NOT_STARTED,,7,311
First-principles theory of the pressure-induced invar effect in FeNi alloys,10.1103/physrevb.107.104422,2-s2.0-85151269192,85151269192,2023,2023-03-01,Physical Review B,24699950,,Article,,Linköpings Universitet,20,True,https://api.elsevier.com/content/abstract/scopus_id/85151269192,scopus,PENDING,NOT_STARTED,,7,312
Nonlocal Spin Valves Based on Graphene/Fe3GeTe2 van der Waals Heterostructures,10.1021/acsami.2c21918,2-s2.0-85147820940,85147820940,2023,2023-02-22,ACS Applied Materials and Interfaces,19448244,,Article,,King Abdullah University of Science and Technology,20,True,https://api.elsevier.com/content/abstract/scopus_id/85147820940,scopus,PENDING,NOT_STARTED,,7,313
Assembling Diverse Skyrmionic Phases in Fe3GeTe2 Monolayers,10.1002/adma.202107779,2-s2.0-85124514031,85124514031,2022,2022-03-01,Advanced Materials,09359648,,Article,,Fudan University; University of Arkansas; Shanghai Qi Zhi Institute,53,True,https://api.elsevier.com/content/abstract/scopus_id/85124514031,scopus,PENDING,NOT_STARTED,,7,314
"Study of half metallic ferromagnetism and thermoelectric properties of spinel chalcogenides BaCr2X4(X = S, Se, Te) for spintronic and energy harvesting",10.1016/j.jmrt.2022.03.175,2-s2.0-85132876873,85132876873,2022,2022-05-01,Journal of Materials Research and Technology,22387854,,Article,,Taif University,49,True,https://api.elsevier.com/content/abstract/scopus_id/85132876873,scopus,PENDING,NOT_STARTED,,7,315
Interlayer magnetophononic coupling in MnBi2Te4,10.1038/s41467-022-29545-5,2-s2.0-85127850228,85127850228,2022,2022-12-01,Nature Communications,,,Article,,Pennsylvania State University; Harvard University,48,True,https://api.elsevier.com/content/abstract/scopus_id/85127850228,scopus,PENDING,NOT_STARTED,,7,316
Neutron Spectroscopy Evidence on the Dual Nature of Magnetic Excitations in a van der Waals Metallic Ferromagnet Fe2.72GeTe2,10.1103/physrevx.12.011022,2-s2.0-85124998596,85124998596,2022,2022-03-01,Physical Review X,,,Article,,Nanjing University,47,True,https://api.elsevier.com/content/abstract/scopus_id/85124998596,scopus,PENDING,NOT_STARTED,,7,317
The Origin of Weakened Magnetic Braking in Old Solar Analogs,10.3847/2041-8213/ac794d,2-s2.0-85134176068,85134176068,2022,2022-07-01,Astrophysical Journal Letters,20418205,,Article,,White Dwarf Research Corporation,47,True,https://api.elsevier.com/content/abstract/scopus_id/85134176068,scopus,PENDING,NOT_STARTED,,7,318
Hole-doping induced ferromagnetism in 2D materials,10.1038/s41524-022-00916-2,2-s2.0-85141884626,85141884626,2022,2022-12-01,Npj Computational Materials,,,Article,,KU Leuven,45,True,https://api.elsevier.com/content/abstract/scopus_id/85141884626,scopus,PENDING,NOT_STARTED,,7,319
The Cation Distributions of Zn-doped Normal Spinel MgFe2 O4 Ferrite and Its Magnetic Properties,10.3390/ma15072422,2-s2.0-85127734232,85127734232,2022,2022-04-01,Materials,,,Article,,Lanzhou Jiaotong University,44,True,https://api.elsevier.com/content/abstract/scopus_id/85127734232,scopus,PENDING,NOT_STARTED,,7,320
"Correlation among the structural, electric and magnetic properties of Al3+ substituted Ni-Zn-Co ferrites",10.1039/d1ra09354a,2-s2.0-85131416208,85131416208,2022,2022-05-18,Rsc Advances,,,Article,,Jahangirnagar University; American International University - Bangladesh,43,True,https://api.elsevier.com/content/abstract/scopus_id/85131416208,scopus,PENDING,NOT_STARTED,,7,321
Layer-dependent magnetic phase diagram in FenGeTe2 (3 ≤ n ≤ 7) ultrathin films,10.1038/s42005-022-00921-3,2-s2.0-85131205494,85131205494,2022,2022-12-01,Communications Physics,,,Article,,Dalian University of Technology,43,True,https://api.elsevier.com/content/abstract/scopus_id/85131205494,scopus,PENDING,NOT_STARTED,,7,322
"Cr2XTe4(X = Si, Ge) monolayers: A new type of two-dimensional high- T CIsing ferromagnetic semiconductors with a large magnetic anisotropy",10.1088/1361-648x/ac7f16,2-s2.0-85134721516,85134721516,2022,2022-09-21,Journal of Physics Condensed Matter,09538984,,Article,,Henan University,40,True,https://api.elsevier.com/content/abstract/scopus_id/85134721516,scopus,PENDING,NOT_STARTED,,7,323
High-throughput computation and structure prototype analysis for two-dimensional ferromagnetic materials,10.1038/s41524-022-00813-8,2-s2.0-85132569993,85132569993,2022,2022-12-01,Npj Computational Materials,,,Article,,University of Science and Technology of China,40,True,https://api.elsevier.com/content/abstract/scopus_id/85132569993,scopus,PENDING,NOT_STARTED,,7,324
Intrinsic Magnetic Properties of a Highly Anisotropic Rare-Earth-Free Fe2P-Based Magnet,10.1002/adfm.202107513,2-s2.0-85117088029,85117088029,2022,2022-01-01,Advanced Functional Materials,1616301X,,Article,,Max Planck Institute for Chemical Physics of Solids,40,True,https://api.elsevier.com/content/abstract/scopus_id/85117088029,scopus,PENDING,NOT_STARTED,,7,325
Light helicity detector based on 2D magnetic semiconductor CrI3,10.1038/s41467-021-27218-3,2-s2.0-85119890038,85119890038,2021,2021-12-01,Nature Communications,,,Article,,Peking University; Collaborative Innovation Center of Quantum Matter,58,True,https://api.elsevier.com/content/abstract/scopus_id/85119890038,scopus,PENDING,NOT_STARTED,,7,326
Ultra-sensitive hybrid diamond nanothermometer,10.1093/nsr/nwaa194,2-s2.0-85098646390,85098646390,2021,2021-05-01,National Science Review,20955138,,Article,,Chinese University of Hong Kong,56,True,https://api.elsevier.com/content/abstract/scopus_id/85098646390,scopus,PENDING,NOT_STARTED,,7,327
Covalent 2D Cr2Te3 ferromagnet,10.1080/21663831.2020.1865469,2-s2.0-85099738659,85099738659,2021,2021-01-01,Materials Research Letters,,,Article,,"Peking University; University at Buffalo, The State University of New York",53,True,https://api.elsevier.com/content/abstract/scopus_id/85099738659,scopus,PENDING,NOT_STARTED,,7,328
Large linear non-saturating magnetoresistance and high mobility in ferromagnetic MnBi,10.1038/s41467-021-24692-7,2-s2.0-85111554134,85111554134,2021,2021-12-01,Nature Communications,,,Article,,Max Planck Institute for Chemical Physics of Solids,50,True,https://api.elsevier.com/content/abstract/scopus_id/85111554134,scopus,PENDING,NOT_STARTED,,7,329
Near-room temperature ferromagnetic insulating state in highly distorted LaCoO2.5 with CoO5 square pyramids,10.1038/s41467-021-22099-y,2-s2.0-85103147120,85103147120,2021,2021-12-01,Nature Communications,,,Article,,Institute of Physics Chinese Academy of Sciences; Yangtze River Delta Physics Research Center Co. Ltd,49,True,https://api.elsevier.com/content/abstract/scopus_id/85103147120,scopus,PENDING,NOT_STARTED,,7,330
Coexistence of structural and magnetic phases in van der Waals magnet CrI3,10.1038/s41467-021-26342-4,2-s2.0-85118457093,85118457093,2021,2021-12-01,Nature Communications,,,Article,,Universitat de València,48,True,https://api.elsevier.com/content/abstract/scopus_id/85118457093,scopus,PENDING,NOT_STARTED,,7,331
Large Anomalous Hall and Nernst Effects in High Curie-Temperature Iron-Based Heusler Compounds,10.1002/advs.202100782,2-s2.0-85109381295,85109381295,2021,2021-09-01,Advanced Science,,,Article,,Max Planck Institute for Chemical Physics of Solids,47,True,https://api.elsevier.com/content/abstract/scopus_id/85109381295,scopus,PENDING,NOT_STARTED,,7,332
Characterization of as-built and heat-treated Ni-Mn-Ga magnetic shape memory alloy manufactured via laser powder bed fusion,10.1016/j.addma.2021.101854,2-s2.0-85099523602,85099523602,2021,2021-03-01,Additive Manufacturing,,,Article,,LUT University,46,True,https://api.elsevier.com/content/abstract/scopus_id/85099523602,scopus,PENDING,NOT_STARTED,,7,333
Electric field induced giant valley polarization in two dimensional ferromagnetic WSe2/CrSnSe3 heterostructure,10.1038/s41699-020-00195-9,2-s2.0-85098967070,85098967070,2021,2021-12-01,Npj 2d Materials and Applications,,,Article,,Pukyong National University,42,True,https://api.elsevier.com/content/abstract/scopus_id/85098967070,scopus,PENDING,NOT_STARTED,,7,334
Emergent Ferromagnetism with Fermi-Liquid Behavior in Proton Intercalated CaRuO3,10.1103/physrevx.11.021018,2-s2.0-85105082314,85105082314,2021,2021-04-01,Physical Review X,,,Article,,Tsinghua University,40,True,https://api.elsevier.com/content/abstract/scopus_id/85105082314,scopus,PENDING,NOT_STARTED,,7,335
Chiral Spin Spirals at the Surface of the van der Waals Ferromagnet Fe3GeTe2,10.1021/acs.nanolett.0c03111,2-s2.0-85097583297,85097583297,2020,2020-12-09,Nano Letters,15306984,,Article,,Technische Universiteit Eindhoven,55,True,https://api.elsevier.com/content/abstract/scopus_id/85097583297,scopus,PENDING,NOT_STARTED,,7,336
Air-Stable 2D Intrinsic Ferromagnetic Ta3FeS6 with Four Months Durability,10.1002/advs.202001722,2-s2.0-85092336597,85092336597,2020,2020-11-01,Advanced Science,,,Article,,Huazhong University of Science and Technology,52,True,https://api.elsevier.com/content/abstract/scopus_id/85092336597,scopus,PENDING,NOT_STARTED,,7,337
"Enhancement of temperature coefficient of resistance (TCR) and magnetoresistance (MR) of La0.67-xRExCa0.33MnO3 (x = 0, 0.1; RE = Gd, Nd, Sm) system via rare-earth substitution",10.1088/2053-1591/ab7c20,2-s2.0-85081725862,85081725862,2020,2020-01-01,Materials Research Express,,,Article,,Manipal Institute of Applied Physics,51,True,https://api.elsevier.com/content/abstract/scopus_id/85081725862,scopus,PENDING,NOT_STARTED,,7,338
Unveiling the mechanism of abnormal magnetic behavior of FeNiCoMnCu high-entropy alloys through a joint experimental-theoretical study,10.1103/physrevmaterials.4.014402,2-s2.0-85078350668,85078350668,2020,2020-01-10,Physical Review Materials,,,Article,,Max-Planck-Institut für Eisenforschung GmbH,49,True,https://api.elsevier.com/content/abstract/scopus_id/85078350668,scopus,PENDING,NOT_STARTED,,7,339
Two-dimensional ferromagnetic superlattices,10.1093/nsr/nwz205,2-s2.0-85099133001,85099133001,2020,2020-01-01,National Science Review,20955138,,Article,,Fudan University,47,True,https://api.elsevier.com/content/abstract/scopus_id/85099133001,scopus,PENDING,NOT_STARTED,,7,340
Mechanical investigations on piezo-/ferrolectric maleic acid-doped triglycine sulphate single crystal using nanoindentation technique,10.1016/j.arabjc.2018.02.001,2-s2.0-85042438482,85042438482,2020,2020-01-01,Arabian Journal of Chemistry,18785352,,Article,,University of Delhi,46,True,https://api.elsevier.com/content/abstract/scopus_id/85042438482,scopus,PENDING,NOT_STARTED,,7,341
Computational search for magnetic and non-magnetic 2D topological materials using unified spin–orbit spillage screening,10.1038/s41524-020-0319-4,2-s2.0-85084928000,85084928000,2020,2020-12-01,Npj Computational Materials,,,Article,,National Institute of Standards and Technology,42,True,https://api.elsevier.com/content/abstract/scopus_id/85084928000,scopus,PENDING,NOT_STARTED,,7,342
Tunable unconventional spin orbit torque magnetization dynamics in van der Waals heterostructures,10.1038/s41467-025-64109-3,2-s2.0-105017764745,105017764745,2025,2025-12-01,Nature Communications,,,Article,,Chalmers University of Technology,16,True,https://api.elsevier.com/content/abstract/scopus_id/105017764745,scopus,PENDING,NOT_STARTED,,6,343
Charge transport and ferromagnetic interactions in Ti double-doped ZnO nanorods for spin electronic applications,10.1007/s44442-025-00006-0,2-s2.0-105006848897,105006848897,2025,2025-05-01,Journal of Saudi Chemical Society,13196103,,Article,,United Arab Emirates University,15,True,https://api.elsevier.com/content/abstract/scopus_id/105006848897,scopus,PENDING,NOT_STARTED,,6,344
Microstructure and thermal properties of nano-SiO2 reinforced 3D printed multiscale PEEK composites,10.1016/j.compositesb.2025.112599,2-s2.0-105004549486,105004549486,2025,2025-08-15,Composites Part B Engineering,13598368,,Article,,University of Leeds; Luleå University of Technology,15,True,https://api.elsevier.com/content/abstract/scopus_id/105004549486,scopus,PENDING,NOT_STARTED,,6,345
Physics and Chemistry of Two-Dimensional Triangulene-Based Lattices,10.1021/acs.accounts.4c00557,2-s2.0-85214508374,85214508374,2025,2025-01-07,Accounts of Chemical Research,00014842,,Article,,Technische Universität Dresden,13,True,https://api.elsevier.com/content/abstract/scopus_id/85214508374,scopus,PENDING,NOT_STARTED,,6,346
Predicting the stability of geopolymer activator solutions for optimised synthesis through thermodynamic modelling,10.1016/j.cej.2025.163543,2-s2.0-105005360324,105005360324,2025,2025-07-01,Chemical Engineering Journal,13858947,,Article,,Cooperative Research Centres Australia; John de Laeter Research Centre,13,True,https://api.elsevier.com/content/abstract/scopus_id/105005360324,scopus,PENDING,NOT_STARTED,,6,347
Universal scaling behavior of transport properties in non-magnetic RuO2,10.1038/s43246-025-00905-0,2-s2.0-105012975077,105012975077,2025,2025-12-01,Communications Materials,,,Article,,China Jiliang University,13,True,https://api.elsevier.com/content/abstract/scopus_id/105012975077,scopus,PENDING,NOT_STARTED,,6,348
Germanene-Based Two-Dimensional Magnet with Tunable Properties,10.1021/acsnano.5c03331,2-s2.0-105006933446,105006933446,2025,2025-06-10,ACS Nano,19360851,,Article,,Forschungszentrum Jülich GmbH; Gruppo Nazionale di Struttura della Materia,12,True,https://api.elsevier.com/content/abstract/scopus_id/105006933446,scopus,PENDING,NOT_STARTED,,6,349
"In-Depth DFT-Based Analysis of the Structural, Mechanical, Thermodynamic, and Electronic Characteristics of CuP2 and Cu3P: Insights into Material Stability and Performance",10.3390/met15040369,2-s2.0-105003650782,105003650782,2025,2025-04-01,Metals,,,Article,,National United University Taiwan,12,True,https://api.elsevier.com/content/abstract/scopus_id/105003650782,scopus,PENDING,NOT_STARTED,,6,350
Quantum spin Hall effect in magnetic graphene,10.1038/s41467-025-60377-1,2-s2.0-105008827528,105008827528,2025,2025-12-01,Nature Communications,,,Article,,Harvard University; Kavli Institute of Nanoscience Delft,12,True,https://api.elsevier.com/content/abstract/scopus_id/105008827528,scopus,PENDING,NOT_STARTED,,6,351
Giant Circularly Polarized Luminescence Driven by Excited-State Hybridization Between Molecular Emitters and Chiral Environments,10.1002/adma.202506941,2-s2.0-105010893704,105010893704,2025,2025-10-09,Advanced Materials,09359648,,Article,,Linköpings Universitet; Max Planck Institute of Microstructure Physics,11,True,https://api.elsevier.com/content/abstract/scopus_id/105010893704,scopus,PENDING,NOT_STARTED,,6,352
Impacts of oxytactic microorganisms and viscous dissipation in Carreau nanoliquid featuring ferromagnetic nanoparticles,10.1016/j.padiff.2024.101027,2-s2.0-85213265427,85213265427,2025,2025-03-01,Partial Differential Equations in Applied Mathematics,,,Article,,Mohi-ud-Din Islamic University,11,True,https://api.elsevier.com/content/abstract/scopus_id/85213265427,scopus,PENDING,NOT_STARTED,,6,353
"Investigation of the Structural, Mechanical, Thermal, and Magneto-Electronic Properties of Promising Ferrite Spinel Oxides XFe2O4 (X = Ge and Sm): A First-Principle Approach",10.1002/qua.70009,2-s2.0-85216094488,85216094488,2025,2025-02-05,International Journal of Quantum Chemistry,00207608,,Article,,Women University of Azad Jammu & kashmir Bagh,11,True,https://api.elsevier.com/content/abstract/scopus_id/85216094488,scopus,PENDING,NOT_STARTED,,6,354
Surprising pressure-induced magnetic transformations from helimagnetic order to antiferromagnetic state in NiI2,10.1038/s41467-025-59561-0,2-s2.0-105004344879,105004344879,2025,2025-12-01,Nature Communications,,,Article,,Southern University of Science and Technology; Shenzhen Technology University,11,True,https://api.elsevier.com/content/abstract/scopus_id/105004344879,scopus,PENDING,NOT_STARTED,,6,355
Flash annealing boosts piezoelectricity of PVDF-TrFE,10.1038/s41467-025-67292-5,2-s2.0-105025062491,105025062491,2025,2025-12-01,Nature Communications,,,Article,,College of Polymer Science and Engineering,10,True,https://api.elsevier.com/content/abstract/scopus_id/105025062491,scopus,PENDING,NOT_STARTED,,6,356
Magnetically Compensated Nanometer-Thin Ga-Substituted Yttrium Iron Garnet (Ga:YIG) Films with Robust Perpendicular Magnetic Anisotropy,10.1002/aelm.202500232,2-s2.0-105009827337,105009827337,2025,2025-09-18,Advanced Electronic Materials,,,Article,,Innovent e.V.,10,True,https://api.elsevier.com/content/abstract/scopus_id/105009827337,scopus,PENDING,NOT_STARTED,,6,357
Prediction of the thermophysical properties of Ag-reduced graphene oxide-water/ethylene-glycol hybrid nanofluids using different machine learning methods,10.1016/j.csite.2025.106038,2-s2.0-105003634325,105003634325,2025,2025-05-01,Case Studies in Thermal Engineering,2214157X,,Article,,Qingdao Huanghai University,10,True,https://api.elsevier.com/content/abstract/scopus_id/105003634325,scopus,PENDING,NOT_STARTED,,6,358
Spin-valley coupling enhanced high-TC ferromagnetism in a non-van der Waals monolayer Cr2Se3 on graphene,10.1038/s41467-025-58643-3,2-s2.0-105003268255,105003268255,2025,2025-12-01,Nature Communications,,,Article,,Tohoku University,10,True,https://api.elsevier.com/content/abstract/scopus_id/105003268255,scopus,PENDING,NOT_STARTED,,6,359
The Effect of Nano-Biochar Derived from Olive Waste on the Thermal and Mechanical Properties of Epoxy Composites,10.3390/polym17101337,2-s2.0-105006730284,105006730284,2025,2025-05-01,Polymers,,,Article,,Necmettin Erbakan Üniversitesi,10,True,https://api.elsevier.com/content/abstract/scopus_id/105006730284,scopus,PENDING,NOT_STARTED,,6,360
"The impact of high-temperature annealing on magnetic properties, structure and martensitic transformation of Ni₂MnGa-based glass-coated microwires",10.1016/j.ceramint.2024.11.414,2-s2.0-85210115260,85210115260,2025,2025-02-01,Ceramics International,02728842,,Article,,Universidad del Pais Vasco; Faculty of Science,10,True,https://api.elsevier.com/content/abstract/scopus_id/85210115260,scopus,PENDING,NOT_STARTED,,6,361
Above-Room-Temperature Ferromagnetism in Large-Scale Epitaxial Fe3GaTe2/Graphene van der Waals Heterostructures,10.1021/acsnano.5c07732,2-s2.0-105020780312,105020780312,2025,2025-11-04,ACS Nano,19360851,,Article,,Paul Drude Institut fur Festkorperelektronik,9,True,https://api.elsevier.com/content/abstract/scopus_id/105020780312,scopus,PENDING,NOT_STARTED,,6,362
Bayesian Optimization with Gaussian Processes Assisted by Deep Learning for Material Designs,10.1021/acs.jpclett.5c00592,2-s2.0-105005428498,105005428498,2025,2025-05-29,Journal of Physical Chemistry Letters,,,Article,,"Institute for Materials Research, Tohoku University",9,True,https://api.elsevier.com/content/abstract/scopus_id/105005428498,scopus,PENDING,NOT_STARTED,,6,363
Effect of annealing conditions on giant magnetoimpedance of Co-rich glass-coated microwires,10.1016/j.jallcom.2024.177626,2-s2.0-85209630030,85209630030,2025,2025-01-05,Journal of Alloys and Compounds,09258388,,Article,,Universidad del Pais Vasco,9,True,https://api.elsevier.com/content/abstract/scopus_id/85209630030,scopus,PENDING,NOT_STARTED,,6,364
Electrical Control of Magnetic Order Transition in 2D Antiferromagnetic Semiconductor FePS3,10.1002/advs.202413892,2-s2.0-105003012505,105003012505,2025,2025-04-17,Advanced Science,,,Article,,State Key Laboratory of Crystal Materials,9,True,https://api.elsevier.com/content/abstract/scopus_id/105003012505,scopus,PENDING,NOT_STARTED,,6,365
Enhanced ferromagnetism in monolayer Cr2Te3 via topological insulator coupling,10.1088/1361-6633/add9c5,2-s2.0-105006667807,105006667807,2025,2025-06-01,Reports on Progress in Physics,00344885,,Article,,Francis Bitter Magnet Laboratory,9,True,https://api.elsevier.com/content/abstract/scopus_id/105006667807,scopus,PENDING,NOT_STARTED,,6,366
Gate-Tunable Exchange Bias and Voltage-Controlled Magnetization Switching in a van der Waals Ferromagnet,10.1002/admi.202400678,2-s2.0-105003263662,105003263662,2025,2025-04-21,Advanced Materials Interfaces,,,Article,,CIC nanoGUNE,9,True,https://api.elsevier.com/content/abstract/scopus_id/105003263662,scopus,PENDING,NOT_STARTED,,6,367
"High-throughput theoretical exploration of multifunctional planar MBenes: Magnetism, topology, superconductivity, and anode applications",10.1016/j.apmate.2025.100297,2-s2.0-105003822517,105003822517,2025,2025-06-01,Advanced Powder Materials,,,Article,,Inner Mongolia Normal University China,9,True,https://api.elsevier.com/content/abstract/scopus_id/105003822517,scopus,PENDING,NOT_STARTED,,6,368
Highly efficient current-induced domain wall motion in a room temperature van der Waals magnet,10.1038/s41467-025-66637-4,2-s2.0-105023334435,105023334435,2025,2025-12-01,Nature Communications,,,Article,,Max Planck Institute of Microstructure Physics,9,True,https://api.elsevier.com/content/abstract/scopus_id/105023334435,scopus,PENDING,NOT_STARTED,,6,369
Molecular dynamics analysis of plastic crystals as solid-solid phase-change materials for thermal energy storage,10.1016/j.est.2025.116978,2-s2.0-105004656175,105004656175,2025,2025-07-30,Journal of Energy Storage,,,Article,,Politecnico di Torino; Mehran University of Engineering & Technology,9,True,https://api.elsevier.com/content/abstract/scopus_id/105004656175,scopus,PENDING,NOT_STARTED,,6,370
Research on the influence of different antioxidants on the thermal behavior of coal spontaneous combustion,10.1016/j.csite.2025.106048,2-s2.0-105003633651,105003633651,2025,2025-05-01,Case Studies in Thermal Engineering,2214157X,,Article,,Xi'an University of Science and Technology; Long Dong University,9,True,https://api.elsevier.com/content/abstract/scopus_id/105003633651,scopus,PENDING,NOT_STARTED,,6,371
Site-controlled multi-ion substitution enabling low-loss and high-permittivity microwave ferrites,10.26599/jac.2025.9221076,2-s2.0-105009236094,105009236094,2025,2025-05-01,Journal of Advanced Ceramics,22264108,,Article,,University of Electronic Science and Technology of China,9,True,https://api.elsevier.com/content/abstract/scopus_id/105009236094,scopus,PENDING,NOT_STARTED,,6,372
The Synergistic Utilization of Glass Aggregates and Glass Powder on the Thermal and Mechanical Properties of Concrete,10.3390/ma18102405,2-s2.0-105006681531,105006681531,2025,2025-05-01,Materials,,,Article,,Xi'an University of Architecture and Technology,9,True,https://api.elsevier.com/content/abstract/scopus_id/105006681531,scopus,PENDING,NOT_STARTED,,6,373
Thermal properties and performance of glycerol-water-NaCl phase change material for cold chain applications,10.1016/j.est.2025.117045,2-s2.0-105005166864,105005166864,2025,2025-08-01,Journal of Energy Storage,,,Article,,Université Moulay Ismaïl; GEPEA - GEnie des Procédés Environnement - Agroalimentaire,9,True,https://api.elsevier.com/content/abstract/scopus_id/105005166864,scopus,PENDING,NOT_STARTED,,6,374
Above-Curie-temperature ultrafast terahertz emission and spin current generation in a 2D superlattice (Fe3GeTe2/CrSb)3,10.1093/nsr/nwae447,2-s2.0-85218120323,85218120323,2025,2025-03-01,National Science Review,20955138,,Article,,Beihang University,8,True,https://api.elsevier.com/content/abstract/scopus_id/85218120323,scopus,PENDING,NOT_STARTED,,6,375
"High-Resolution Drone-Based Aeromagnetic Survey at the Tajogaite Volcano (La Palma, Canary Islands): Insights into Its Early Post-Eruptive Shallow Structure",10.3390/rs17183153,2-s2.0-105017127114,105017127114,2025,2025-09-01,Remote Sensing,,,Article,,Universidad Complutense de Madrid; CSIC-UCM - Instituto de Geociencias (IGEO),8,True,https://api.elsevier.com/content/abstract/scopus_id/105017127114,scopus,PENDING,NOT_STARTED,,6,376
Multifunctional steep-slope spintronic transistors with spin-gapless-semiconductor or spin-gapped-metal electrodes,10.1103/physrevapplied.23.044022,2-s2.0-105002279414,105002279414,2025,2025-04-01,Physical Review Applied,,,Article,,Martin-Luther-Universität Halle-Wittenberg,8,True,https://api.elsevier.com/content/abstract/scopus_id/105002279414,scopus,PENDING,NOT_STARTED,,6,377
Experimental realization of CoFeRuSn quaternary Heusler alloy for room temperature spintronic applications,10.1063/5.0178437,2-s2.0-85182405104,85182405104,2024,2024-01-08,Applied Physics Letters,00036951,,Article,,Bennett University,19,True,https://api.elsevier.com/content/abstract/scopus_id/85182405104,scopus,PENDING,NOT_STARTED,,6,378
Large Nonhysteretic Volume Magnetostriction in a Strong and Ductile High-Entropy Alloy,10.1002/adma.202404192,2-s2.0-85198465480,85198465480,2024,2024-08-28,Advanced Materials,09359648,,Article,,"Frontier Institute of Science and Technology, Xi'an Jiaotong University",19,True,https://api.elsevier.com/content/abstract/scopus_id/85198465480,scopus,PENDING,NOT_STARTED,,6,379
Voltage tunable sign inversion of magnetoresistance in van der Waals Fe3GeTe2/MoSe2/Fe3GeTe2 tunnel junctions,10.1063/5.0202525,2-s2.0-85194458200,85194458200,2024,2024-05-27,Applied Physics Letters,00036951,,Article,,University of Chinese Academy of Sciences; Institute of Semiconductors Chinese Academy of Sciences,19,True,https://api.elsevier.com/content/abstract/scopus_id/85194458200,scopus,PENDING,NOT_STARTED,,6,380
Halogenated-edge polymeric semiconductor for efficient spin transport,10.1038/s41467-024-52770-z,2-s2.0-85205275436,85205275436,2024,2024-12-01,Nature Communications,,,Article,,University of Chinese Academy of Sciences; Institute of Chemistry Chinese Academy of Sciences; National Center for Nanoscience and Technology Beijing,18,True,https://api.elsevier.com/content/abstract/scopus_id/85205275436,scopus,PENDING,NOT_STARTED,,6,381
Ubiquitous Order-Disorder Transition in the Mn Antisite Sublattice of the (MnBi2Te4)(Bi2Te3)n Magnetic Topological Insulators,10.1002/advs.202402753,2-s2.0-85197672783,85197672783,2024,2024-09-11,Advanced Science,,,Article,,Technische Universität Dresden; Università di Parma; Leibniz-Institut für Festkörper- und Werkstoffforschung Dresden; Würzburg-Dresden Cluster of Excellence ct.qmat,18,True,https://api.elsevier.com/content/abstract/scopus_id/85197672783,scopus,PENDING,NOT_STARTED,,6,382
Electrical de-poling and re-poling of relaxor-PbTiO3 piezoelectric single crystals without heat treatment,10.1038/s41467-024-50847-3,2-s2.0-85200037653,85200037653,2024,2024-12-01,Nature Communications,,,Article,,NC State College of Engineering,17,True,https://api.elsevier.com/content/abstract/scopus_id/85200037653,scopus,PENDING,NOT_STARTED,,6,383
Spin Transport Modulation of 2D Fe3O4 Nanosheets Driven by Verwey Phase Transition,10.1002/advs.202405945,2-s2.0-85203025486,85203025486,2024,2024-11-06,Advanced Science,,,Article,,Tiangong University; International Iberian Nanotechnology Laboratory,17,True,https://api.elsevier.com/content/abstract/scopus_id/85203025486,scopus,PENDING,NOT_STARTED,,6,384
Spin-Glass States Generated in a van der Waals Magnet by Alkali-Ion Intercalation,10.1002/adma.202400270,2-s2.0-85199023428,85199023428,2024,2024-09-05,Advanced Materials,09359648,,Article,,The London Centre for Nanotechnology,17,True,https://api.elsevier.com/content/abstract/scopus_id/85199023428,scopus,PENDING,NOT_STARTED,,6,385
"Transition metal (TM = V, Cr, Mn, Fe, Co, Ni)-doped GeSe diluted magnetic semiconductor thin films with high-temperature ferromagnetism",10.1007/s40843-023-2657-2,2-s2.0-85179353976,85179353976,2024,2024-01-01,Science China Materials,20958226,,Article,,School of Physics,17,True,https://api.elsevier.com/content/abstract/scopus_id/85179353976,scopus,PENDING,NOT_STARTED,,6,386
Air stability and composition evolution in van der Waals Fe3GeTe2,10.1063/5.0194520,2-s2.0-85186651479,85186651479,2024,2024-03-01,APL Materials,,,Article,,Beihang University,16,True,https://api.elsevier.com/content/abstract/scopus_id/85186651479,scopus,PENDING,NOT_STARTED,,6,387
Band-driven switching of magnetism in a van der Waals magnetic semimetal,10.1126/sciadv.adk1415,2-s2.0-85190493100,85190493100,2024,2024-04-12,Science Advances,,,Article,,RIKEN Center for Emergent Matter Science,16,True,https://api.elsevier.com/content/abstract/scopus_id/85190493100,scopus,PENDING,NOT_STARTED,,6,388
Control of spin on ferromagnetism and thermoelectric properties of Sr(V/Cr)2S4; emergent spintronic aspirant,10.1088/1402-4896/ad3c7d,2-s2.0-85191316140,85191316140,2024,2024-05-01,Physica Scripta,00318949,,Article,,Sejong University,16,True,https://api.elsevier.com/content/abstract/scopus_id/85191316140,scopus,PENDING,NOT_STARTED,,6,389
High temperature piezoelectric properties and ultra-high temperature sensing properties of bismuth tungstate,10.26599/jac.2024.9220979,2-s2.0-105005274438,105005274438,2024,2024-12-01,Journal of Advanced Ceramics,22264108,,Article,,Beijing Information Science & Technology University,16,True,https://api.elsevier.com/content/abstract/scopus_id/105005274438,scopus,PENDING,NOT_STARTED,,6,390
Designing Quantum Spaces of Higher Dimensionality from a Tetranuclear Erbium-Based Single-Molecule Magnet,10.1021/jacs.4c06600,2-s2.0-85200859028,85200859028,2024,2024-08-21,Journal of the American Chemical Society,00027863,,Article,,Department of Chemistry & Biochemistry,15,True,https://api.elsevier.com/content/abstract/scopus_id/85200859028,scopus,PENDING,NOT_STARTED,,6,391
Multi-Level Switching of Spin-Torque Ferromagnetic Resonance in 2D Magnetite,10.1002/advs.202401944,2-s2.0-85192010668,85192010668,2024,2024-07-10,Advanced Science,,,Article,,Tiangong University; International Iberian Nanotechnology Laboratory,15,True,https://api.elsevier.com/content/abstract/scopus_id/85192010668,scopus,PENDING,NOT_STARTED,,6,392
Atomic-scale visualization of a cascade of magnetic orders in the layered antiferromagnet GdTe3,10.1038/s41535-024-00660-4,2-s2.0-85195279683,85195279683,2024,2024-12-01,Npj Quantum Materials,,,Article,,The Grainger College of Engineering,14,True,https://api.elsevier.com/content/abstract/scopus_id/85195279683,scopus,PENDING,NOT_STARTED,,6,393
Enhancing the electric charge output in LiNbO3-based piezoelectric pressure sensors,10.1039/d3ra07712h,2-s2.0-85187691497,85187691497,2024,2024-03-11,Rsc Advances,,,Article,,North University of China,14,True,https://api.elsevier.com/content/abstract/scopus_id/85187691497,scopus,PENDING,NOT_STARTED,,6,394
"Gallium induced effect on magnetic, magnetostrictive and electrical properties of sintered NiFe2O4",10.1016/j.inoche.2024.112029,2-s2.0-85182712687,85182712687,2024,2024-03-01,Inorganic Chemistry Communications,13877003,,Article,,M. S. Ramaiah University of Applied Sciences,14,True,https://api.elsevier.com/content/abstract/scopus_id/85182712687,scopus,PENDING,NOT_STARTED,,6,395
Giant Room-Temperature Topological Hall Effect in a Square-Net Ferromagnet LaMn2Ge2,10.1002/adma.202305916,2-s2.0-85198356987,85198356987,2024,2024-08-28,Advanced Materials,09359648,,Article,,Max Planck Institute for Chemical Physics of Solids; Indian Institute of Science Education and Research Bhopal,14,True,https://api.elsevier.com/content/abstract/scopus_id/85198356987,scopus,PENDING,NOT_STARTED,,6,396
Impact of JLab data on the determination of GPDs at zero skewness and new insights from transition form factors N → Δ,10.1103/physrevd.109.074042,2-s2.0-85192084899,85192084899,2024,2024-04-01,Physical Review D,24700010,,Article,,University of Tehran; Iranian Research Institute for Fundamental Sciences,14,True,https://api.elsevier.com/content/abstract/scopus_id/85192084899,scopus,PENDING,NOT_STARTED,,6,397
Moiré magnetism in CrBr3 multilayers emerging from differential strain,10.1038/s41467-024-54870-2,2-s2.0-85211121198,85211121198,2024,2024-12-01,Nature Communications,,,Article,,Université de Genève,14,True,https://api.elsevier.com/content/abstract/scopus_id/85211121198,scopus,PENDING,NOT_STARTED,,6,398
Unveiling the role of sintering temperatures in the physical properties of Cu-Mg ferrite nanoparticles for photocatalytic application,10.1016/j.heliyon.2024.e40771,2-s2.0-85210671460,85210671460,2024,2024-12-15,Heliyon,,,Article,,Bangladesh University of Engineering and Technology,14,True,https://api.elsevier.com/content/abstract/scopus_id/85210671460,scopus,PENDING,NOT_STARTED,,6,399
Atomic disorder and Berry phase driven anomalous Hall effect in a Co2FeAl Heusler compound,10.1103/physrevb.105.035124,2-s2.0-85123749838,85123749838,2022,2022-01-15,Physical Review B,24699950,,Article,,Banaras Hindu University,38,True,https://api.elsevier.com/content/abstract/scopus_id/85123749838,scopus,PENDING,NOT_STARTED,,6,400
High piezoelectricity after field cooling AC poling in temperature stable ternary single crystals manufactured by continuous-feeding Bridgman method,10.1007/s40145-021-0490-1,2-s2.0-85121700395,85121700395,2022,2022-01-01,Journal of Advanced Ceramics,22264108,,Article,,Shanghai Institute of Technology; Toyama Prefectural University,38,True,https://api.elsevier.com/content/abstract/scopus_id/85121700395,scopus,PENDING,NOT_STARTED,,6,401
Application of suspension magnetization roasting as technology for high-efficiency separation of valuable iron minerals from high-iron bauxite,10.1016/s1003-6326(22)65955-7,2-s2.0-85136174232,85136174232,2022,2022-07-01,Transactions of Nonferrous Metals Society of China English Edition,10036326,,Article,,College of Resources and Civil Engineering; National-local Joint Engineering Research Center of High-efficient Exploitation Technology for Refractory Iron Ore Resources,37,True,https://api.elsevier.com/content/abstract/scopus_id/85136174232,scopus,PENDING,NOT_STARTED,,6,402
"Investigation on structure, thermodynamic and multifunctional properties of Ni-Zn-Co ferrite for Gd3+ substitution",10.1039/d1ra04762k,2-s2.0-85124619155,85124619155,2022,2022-02-07,Rsc Advances,,,Article,,"Dhaka University of Engineering and Technology, Gazipur",37,True,https://api.elsevier.com/content/abstract/scopus_id/85124619155,scopus,PENDING,NOT_STARTED,,6,403
Machine learning and Python assisted design and verification of Fe–based amorphous/nanocrystalline alloy,10.1016/j.matdes.2022.110726,2-s2.0-85130961198,85130961198,2022,2022-07-01,Materials and Design,02641275,,Article,,Guilin University of Electronic Technology,37,True,https://api.elsevier.com/content/abstract/scopus_id/85130961198,scopus,PENDING,NOT_STARTED,,6,404
Observation of a phase transition within the domain walls of ferromagnetic Co3Sn2S2,10.1038/s41467-022-30460-y,2-s2.0-85130873156,85130873156,2022,2022-12-01,Nature Communications,,,Article,,Lawrence Berkeley National Laboratory,35,True,https://api.elsevier.com/content/abstract/scopus_id/85130873156,scopus,PENDING,NOT_STARTED,,6,405
Revealing 2D Magnetism in a Bulk CrSBr Single Crystal by Electron Spin Resonance,10.1002/adfm.202207044,2-s2.0-85137253779,85137253779,2022,2022-11-03,Advanced Functional Materials,1616301X,,Article,,Università degli Studi di Milano-Bicocca,35,True,https://api.elsevier.com/content/abstract/scopus_id/85137253779,scopus,PENDING,NOT_STARTED,,6,406
Large Magnetic Gap in a Designer Ferromagnet–Topological Insulator–Ferromagnet Heterostructure,10.1002/adma.202107520,2-s2.0-85127424684,85127424684,2022,2022-05-01,Advanced Materials,09359648,,Article,,Monash University,34,True,https://api.elsevier.com/content/abstract/scopus_id/85127424684,scopus,PENDING,NOT_STARTED,,6,407
"Proximity effects in graphene on monolayers of transition-metal phosphorus trichalcogenides M PX3 (M:Mn, Fe, Ni, Co, and X: S, Se)",10.1103/physrevb.106.035137,2-s2.0-85135692724,85135692724,2022,2022-07-15,Physical Review B,24699950,,Article,,Universität Regensburg,32,True,https://api.elsevier.com/content/abstract/scopus_id/85135692724,scopus,PENDING,NOT_STARTED,,6,408
Van der Waals lattice-induced colossal magnetoresistance in Cr2Ge2Te6 thin flakes,10.1038/s41467-022-34193-w,2-s2.0-85140608813,85140608813,2022,2022-12-01,Nature Communications,,,Article,,Key Laboratory of Advanced Materials of Ministry of Education,32,True,https://api.elsevier.com/content/abstract/scopus_id/85140608813,scopus,PENDING,NOT_STARTED,,6,409
In situ laser-ultrasonic monitoring of Poisson's ratio and bulk sound velocities of steel plates during thermal processes,10.1016/j.actamat.2022.118097,2-s2.0-85132215003,85132215003,2022,2022-08-15,Acta Materialia,13596454,,Article,,Recendt GmbH,30,True,https://api.elsevier.com/content/abstract/scopus_id/85132215003,scopus,PENDING,NOT_STARTED,,6,410
Intrinsic hard magnetism and thermal stability of a ThMn12-type permanent magnet,10.1038/s41524-022-00821-8,2-s2.0-85138130352,85138130352,2022,2022-12-01,Npj Computational Materials,,,Article,,Incheon National University,29,True,https://api.elsevier.com/content/abstract/scopus_id/85138130352,scopus,PENDING,NOT_STARTED,,6,411
Evaluation of three pyrolyzer technologies for quantitative pyrolysis-gas chromatography-mass spectrometry (Py-GC-MS) of tire tread polymer in an artificial sediment matrix,10.1016/j.envadv.2022.100213,2-s2.0-85127301752,85127301752,2022,2022-07-01,Environmental Advances,26667657,,Article,,Cardno ChemRisk,28,True,https://api.elsevier.com/content/abstract/scopus_id/85127301752,scopus,PENDING,NOT_STARTED,,6,412
"Influence of the cation distribution, atomic substitution, and atomic vacancies on the physical properties of CoFe2O4 and NiFe2O4 spinel ferrites",10.1103/physrevmaterials.6.124402,2-s2.0-85143732552,85143732552,2022,2022-12-01,Physical Review Materials,,,Article,,Université de Toulouse,28,True,https://api.elsevier.com/content/abstract/scopus_id/85143732552,scopus,PENDING,NOT_STARTED,,6,413
Pyroelectric nanogenerator based on an SbSI-TiO2 nanocomposite,10.3390/s22010069,2-s2.0-85122331157,85122331157,2022,2022-01-01,Sensors,14248220,,Article,,Silesian University of Technology,28,True,https://api.elsevier.com/content/abstract/scopus_id/85122331157,scopus,PENDING,NOT_STARTED,,6,414
"Phonon modes and Raman signatures of MnBi2nTe3n+1(n=1,2,3,4) magnetic topological heterostructures",10.1103/physrevresearch.4.013108,2-s2.0-85125564376,85125564376,2022,2022-03-01,Physical Review Research,26431564,,Article,,"University of California, Los Angeles",27,True,https://api.elsevier.com/content/abstract/scopus_id/85125564376,scopus,PENDING,NOT_STARTED,,6,415
Coupled electromagnetic-thermal solution strategy for induction heating of ferromagnetic materials,10.1016/j.apm.2022.07.009,2-s2.0-85135391110,85135391110,2022,2022-11-01,Applied Mathematical Modelling,0307904X,,Article,,Lunds Universitet; Malmö Universitet,26,True,https://api.elsevier.com/content/abstract/scopus_id/85135391110,scopus,PENDING,NOT_STARTED,,6,416
A machine-learned spin-lattice potential for dynamic simulations of defective magnetic iron,10.1038/s41598-022-25682-5,2-s2.0-85144746981,85144746981,2022,2022-12-01,Scientific Reports,,,Article,,United Kingdom Atomic Energy Authority,25,True,https://api.elsevier.com/content/abstract/scopus_id/85144746981,scopus,PENDING,NOT_STARTED,,6,417
"Enabling high efficiency magnetic refrigeration using laser powder bed fusion of porous LaCe(Fe,Mn,Si)13 structures",10.1016/j.addma.2022.102620,2-s2.0-85122748055,85122748055,2022,2022-03-01,Additive Manufacturing,,,Article,,University of Birmingham,25,True,https://api.elsevier.com/content/abstract/scopus_id/85122748055,scopus,PENDING,NOT_STARTED,,6,418
"Enhanced reversibility of the magnetoelastic transition in (Mn,Fe)2(P,Si) alloys via minimizing the transition-induced elastic strain energy",10.1016/j.jmst.2021.05.087,2-s2.0-85114912619,85114912619,2022,2022-03-20,Journal of Materials Science and Technology,10050302,,Article,,Nanjing University of Science and Technology,25,True,https://api.elsevier.com/content/abstract/scopus_id/85114912619,scopus,PENDING,NOT_STARTED,,6,419
Fe-Cr-Nb-B Ferrofluid for Biomedical Applications,10.3390/nano12091488,2-s2.0-85129120082,85129120082,2022,2022-05-01,Nanomaterials,,,Article,,Universitatea Alexandru Ioan Cuza; SM-S National Institute of Research and Development for Technical Physics,25,True,https://api.elsevier.com/content/abstract/scopus_id/85129120082,scopus,PENDING,NOT_STARTED,,6,420
Simultaneous Detection of Circularly Polarized Luminescence and Raman Optical Activity in an Organic Molecular Lemniscate,10.1002/anie.202206976,2-s2.0-85134207571,85134207571,2022,2022-08-22,Angewandte Chemie International Edition,14337851,,Article,,Universidad de Málaga,25,True,https://api.elsevier.com/content/abstract/scopus_id/85134207571,scopus,PENDING,NOT_STARTED,,6,421
Highly-Tunable Intrinsic Room-Temperature Ferromagnetism in 2D van der Waals Semiconductor CrxGa1−xTe,10.1002/advs.202103173,2-s2.0-85118217316,85118217316,2022,2022-01-01,Advanced Science,,,Article,,Huazhong University of Science and Technology,24,True,https://api.elsevier.com/content/abstract/scopus_id/85118217316,scopus,PENDING,NOT_STARTED,,6,422
Toggle-like current-induced Bloch point dynamics of 3D skyrmion strings in a room temperature nanowire,10.1038/s41467-022-31335-y,2-s2.0-85132868696,85132868696,2022,2022-12-01,Nature Communications,,,Article,,Max Planck Institute for Intelligent Systems,24,True,https://api.elsevier.com/content/abstract/scopus_id/85132868696,scopus,PENDING,NOT_STARTED,,6,423
Magnetic field effects on the quantum spin liquid behaviors of NaYbS2,10.1007/s44214-022-00011-z,2-s2.0-85158066000,85158066000,2022,2022-12-01,Quantum Frontiers,,,Article,,Shanghai Jiao Tong University,23,True,https://api.elsevier.com/content/abstract/scopus_id/85158066000,scopus,PENDING,NOT_STARTED,,6,424
Optical Activity of Spin-Forbidden Electronic Transitions in Metal Complexes from Time-Dependent Density Functional Theory with Spin-Orbit Coupling,10.1002/open.202200020,2-s2.0-85130224680,85130224680,2022,2022-05-01,Chemistryopen,,,Article,,"University at Buffalo, The State University of New York",23,True,https://api.elsevier.com/content/abstract/scopus_id/85130224680,scopus,PENDING,NOT_STARTED,,6,425
Enhancement of Room-Temperature Low-Field Magnetoresistance in Nanostructured Lanthanum Manganite Films for Magnetic Sensor Applications,10.3390/s22114004,2-s2.0-85130833340,85130833340,2022,2022-06-01,Sensors,14248220,,Article,,Vilniaus Gedimino Technikos Universitetas; Fizinių ir Technologijos Mokslų Centras,22,True,https://api.elsevier.com/content/abstract/scopus_id/85130833340,scopus,PENDING,NOT_STARTED,,6,426
Giant valley splitting in a MoTe2/MnSe2 van der Waals heterostructure with room-temperature ferromagnetism,10.1039/d1ma01196k,2-s2.0-85127987088,85127987088,2022,2022-02-11,Materials Advances,,,Article,,Hunan University; Hunan First Normal University,22,True,https://api.elsevier.com/content/abstract/scopus_id/85127987088,scopus,PENDING,NOT_STARTED,,6,427
"Half Metallic Ferromagnetism and Transport Properties of Zinc Chalcogenides ZnX2Se4 (X = Ti, V, Cr) for Spintronic Applications",10.3390/ma15010055,2-s2.0-85122931685,85122931685,2022,2022-01-01,Materials,,,Article,,Taif University,22,True,https://api.elsevier.com/content/abstract/scopus_id/85122931685,scopus,PENDING,NOT_STARTED,,6,428
Magnetic domain walls of the van der Waals material Fe3GeTe2,10.1088/2053-1583/ac5d0e,2-s2.0-85128120060,85128120060,2022,2022-04-01,2d Materials,,,Article,,Karlsruher Institut für Technologie,22,True,https://api.elsevier.com/content/abstract/scopus_id/85128120060,scopus,PENDING,NOT_STARTED,,6,429
Regional thermal anomalies derived from magnetic spectral analysis and 3D gravity inversion: Implications for potential geothermal sites in Tanzania,10.1016/j.geothermics.2022.102431,2-s2.0-85129524730,85129524730,2022,2022-07-01,Geothermics,03756505,,Article,,Haskoli Islands; Tanzania Geothermal Development Company Ltd (TGDC); GRÓ GTP,22,True,https://api.elsevier.com/content/abstract/scopus_id/85129524730,scopus,PENDING,NOT_STARTED,,6,430
Spin–Phonon Coupling in Ferromagnetic Monolayer Chromium Tribromide,10.1002/adma.202108506,2-s2.0-85128204756,85128204756,2022,2022-05-01,Advanced Materials,09359648,,Article,,USC Viterbi School of Engineering,22,True,https://api.elsevier.com/content/abstract/scopus_id/85128204756,scopus,PENDING,NOT_STARTED,,6,431
Accurate Machine Learning Prediction of Protein Circular Dichroism Spectra with Embedded Density Descriptors,10.1021/jacsau.1c00449,2-s2.0-85128670266,85128670266,2021,2021-12-27,Jacs Au,,,Article,,Hefei National Laboratory for Physical Sciences at the Microscale,38,True,https://api.elsevier.com/content/abstract/scopus_id/85128670266,scopus,PENDING,NOT_STARTED,,6,432
Ferromagnetism in two-dimensional CrTe2epitaxial films down to a few atomic layers,10.1063/5.0041531,2-s2.0-85103347254,85103347254,2021,2021-03-01,Aip Advances,,,Article,,Nanjing University,37,True,https://api.elsevier.com/content/abstract/scopus_id/85103347254,scopus,PENDING,NOT_STARTED,,6,433
Strong effect of scandium source purity on chemical and electronic properties of epitaxial ScxAl1−xN/GaN heterostructures,10.1063/5.0054522,2-s2.0-85114556748,85114556748,2021,2021-09-01,APL Materials,,,Article,,Cornell University College of Engineering,37,True,https://api.elsevier.com/content/abstract/scopus_id/85114556748,scopus,PENDING,NOT_STARTED,,6,434
Atomic Wires of Transition Metal Chalcogenides: A Family of 1D Materials for Flexible Electronics and Spintronics,10.1021/jacsau.0c00049,2-s2.0-85143796730,85143796730,2021,2021-02-22,Jacs Au,,,Article,,Dalian University of Technology,36,True,https://api.elsevier.com/content/abstract/scopus_id/85143796730,scopus,PENDING,NOT_STARTED,,6,435
"Ftir, optical, electrical and magnetic properties of SM3+ doped MG nano ferrites",10.33263/briac116.1503715050,2-s2.0-85104898122,85104898122,2021,2021-01-01,Biointerface Research in Applied Chemistry,,,Article,,Osmania University,34,True,https://api.elsevier.com/content/abstract/scopus_id/85104898122,scopus,PENDING,NOT_STARTED,,6,436
Signals of the QCD axion with mass of 17 MeV /c2: Nuclear transitions and light meson decays,10.1103/physrevd.103.055018,2-s2.0-85104267675,85104267675,2021,2021-03-23,Physical Review D,24700010,,Article,,Los Alamos National Laboratory Theoretical Division,34,True,https://api.elsevier.com/content/abstract/scopus_id/85104267675,scopus,PENDING,NOT_STARTED,,6,437
Systematic Study of Monolayer to Trilayer CrI3: Stacking Sequence Dependence of Electronic Structure and Magnetism,10.1021/acs.jpcc.1c04311,2-s2.0-85113964488,85113964488,2021,2021-08-26,Journal of Physical Chemistry C,19327447,,Article,,Uppsala Universitet,34,True,https://api.elsevier.com/content/abstract/scopus_id/85113964488,scopus,PENDING,NOT_STARTED,,6,438
"Determination of phase transition and critical behavior of the as-cast gdgesi-(X) type alloys (where x = ni, nd and pr)",10.3390/ma14010185,2-s2.0-85098795294,85098795294,2021,2021-01-01,Materials,,,Article,,Częstochowa University Of Technology,33,True,https://api.elsevier.com/content/abstract/scopus_id/85098795294,scopus,PENDING,NOT_STARTED,,6,439
Van der Waals electride: Toward intrinsic two-dimensional ferromagnetism of spin-polarized anionic electrons,10.1016/j.mtphys.2021.100473,2-s2.0-85110233167,85110233167,2021,2021-09-01,Materials Today Physics,,,Article,,"Sungkyunkwan University; Institute for Basic Science, Daejeon",33,True,https://api.elsevier.com/content/abstract/scopus_id/85110233167,scopus,PENDING,NOT_STARTED,,6,440
Alkali-deficiency driven charged out-of-phase boundaries for giant electromechanical response,10.1038/s41467-021-23107-x,2-s2.0-85105873762,85105873762,2021,2021-12-01,Nature Communications,,,Article,,National University of Singapore; Xi'an Jiaotong University,32,True,https://api.elsevier.com/content/abstract/scopus_id/85105873762,scopus,PENDING,NOT_STARTED,,6,441
Large magnetic entropy change in Nd2In near the boiling temperature of natural gas,10.1063/5.0054959,2-s2.0-85110537961,85110537961,2021,2021-07-12,Applied Physics Letters,00036951,,Article,,Technische Universität Darmstadt,32,True,https://api.elsevier.com/content/abstract/scopus_id/85110537961,scopus,PENDING,NOT_STARTED,,6,442
1T-CrO2monolayer: a high-temperature Dirac half-metal for high-speed spintronics,10.1039/d0na00884b,2-s2.0-85107402412,85107402412,2021,2021-06-07,Nanoscale Advances,,,Article,,Xiangtan University,31,True,https://api.elsevier.com/content/abstract/scopus_id/85107402412,scopus,PENDING,NOT_STARTED,,6,443
Evolution of Griffiths phase and critical behaviour of La1-x Pbx MnO3 y solid solutions,10.1088/1361-648x/abdd64,2-s2.0-85101842684,85101842684,2021,2021-04-07,Journal of Physics Condensed Matter,09538984,,Article,,Uppsala Universitet,31,True,https://api.elsevier.com/content/abstract/scopus_id/85101842684,scopus,PENDING,NOT_STARTED,,6,444
Active-to-sterile neutrino dipole portal and the XENON1T excess,10.1103/physrevd.104.115026,2-s2.0-85122540804,85122540804,2021,2021-12-01,Physical Review D,24700010,,Article,,Virginia Polytechnic Institute and State University,30,True,https://api.elsevier.com/content/abstract/scopus_id/85122540804,scopus,PENDING,NOT_STARTED,,6,445
Effect of yttrium ion on electrical and magnetic properties of barium based spinel ferrites,10.1016/j.jmrt.2021.03.001,2-s2.0-85106950441,85106950441,2021,2021-01-01,Journal of Materials Research and Technology,22387854,,Article,,Bahauddin Zakariya University,30,True,https://api.elsevier.com/content/abstract/scopus_id/85106950441,scopus,PENDING,NOT_STARTED,,6,446
Rare-Earth Chalcohalides: A Family of van der Waals Layered Kitaev Spin Liquid Candidates,10.1088/0256-307x/38/4/047502,2-s2.0-85107572900,85107572900,2021,2021-05-01,Chinese Physics Letters,0256307X,,Article,,Institute of Physics Chinese Academy of Sciences,29,True,https://api.elsevier.com/content/abstract/scopus_id/85107572900,scopus,PENDING,NOT_STARTED,,6,447
Switchable X-Ray Orbital Angular Momentum from an Artificial Spin Ice,10.1103/physrevlett.126.117201,2-s2.0-85103114571,85103114571,2021,2021-03-15,Physical Review Letters,00319007,,Article,,University of Kentucky; Argonne National Laboratory,29,True,https://api.elsevier.com/content/abstract/scopus_id/85103114571,scopus,PENDING,NOT_STARTED,,6,448
Environmental screening and ligand-field effects to magnetism in CrI3 monolayer,10.1038/s41524-021-00631-4,2-s2.0-85108612515,85108612515,2021,2021-12-01,Npj Computational Materials,,,Article,,Università di Pisa; Radboud Universiteit,28,True,https://api.elsevier.com/content/abstract/scopus_id/85108612515,scopus,PENDING,NOT_STARTED,,6,449
High geothermal heat flow beneath Thwaites Glacier in West Antarctica inferred from aeromagnetic data,10.1038/s43247-021-00242-3,2-s2.0-85129482834,85129482834,2021,2021-12-01,Communications Earth and Environment,,,Article,,Universität Bremen; Alfred-Wegener-Institut Helmholtz-Zentrum für Polar- und Meeresforschung,28,True,https://api.elsevier.com/content/abstract/scopus_id/85129482834,scopus,PENDING,NOT_STARTED,,6,450
Magnetization dependent tunneling conductance of ferromagnetic barriers,10.1038/s41467-021-26973-7,2-s2.0-85119412445,85119412445,2021,2021-12-01,Nature Communications,,,Article,,"Université de Genève; School of Physics, Xi'an Jiaotong University",28,True,https://api.elsevier.com/content/abstract/scopus_id/85119412445,scopus,PENDING,NOT_STARTED,,6,451
Performance analysis of a high-efficiency multi-bed active magnetic regenerator device,10.1016/j.applthermaleng.2021.117569,2-s2.0-85115784471,85115784471,2021,2021-11-25,Applied Thermal Engineering,13594311,,Article,,Technical University of Denmark,28,True,https://api.elsevier.com/content/abstract/scopus_id/85115784471,scopus,PENDING,NOT_STARTED,,6,452
Real-time dynamics of Chern-Simons fluctuations near a critical point,10.1103/physrevd.103.l071502,2-s2.0-85105386297,85105386297,2021,2021-04-21,Physical Review D,24700010,,Article,,Kyocera Corporation,28,True,https://api.elsevier.com/content/abstract/scopus_id/85105386297,scopus,PENDING,NOT_STARTED,,6,453
Domain Wall Motion across Magnetic and Spin Compensation Points in Magnetic Garnets,10.1103/physrevapplied.15.064024,2-s2.0-85107887913,85107887913,2021,2021-06-01,Physical Review Applied,,,Article,,Kotelnikov Institute of Radioengineering and Electronics (IRE) of Russian Academy of Sciences,27,True,https://api.elsevier.com/content/abstract/scopus_id/85107887913,scopus,PENDING,NOT_STARTED,,6,454
Enhanced Interface-Driven Perpendicular Magnetic Anisotropy by Symmetry Control in Oxide Superlattices,10.1103/physrevapplied.15.024001,2-s2.0-85100896610,85100896610,2021,2021-02-01,Physical Review Applied,,,Article,,Tsinghua University; Geballe Laboratory for Advanced Materials,27,True,https://api.elsevier.com/content/abstract/scopus_id/85100896610,scopus,PENDING,NOT_STARTED,,6,455
Microstructural defects in hot deformed and as-transformed τ-MnAl-C,10.1016/j.jallcom.2020.156998,2-s2.0-85090732715,85090732715,2021,2021-01-25,Journal of Alloys and Compounds,09258388,,Article,,Technische Universität Dresden; Leibniz-Institut für Festkörper- und Werkstoffforschung Dresden,27,True,https://api.elsevier.com/content/abstract/scopus_id/85090732715,scopus,PENDING,NOT_STARTED,,6,456
Structural and transport properties of highly Ru-deficient SrRu0.7O3thin films prepared by molecular beam epitaxy: Comparison with stoichiometric SrRuO3,10.1063/5.0044272,2-s2.0-85102453154,85102453154,2021,2021-03-01,Aip Advances,,,Article,,NTT Basic Research Laboratories,27,True,https://api.elsevier.com/content/abstract/scopus_id/85102453154,scopus,PENDING,NOT_STARTED,,6,457
The physical properties of submicron and nano-grained la0.7sr0.3mno3 and nd0.7sr0.3mno3 synthesised by sol–gel and solid-state reaction methods,10.3390/coatings11030361,2-s2.0-85103814857,85103814857,2021,2021-03-01,Coatings,,,Article,,Universiti Putra Malaysia,27,True,https://api.elsevier.com/content/abstract/scopus_id/85103814857,scopus,PENDING,NOT_STARTED,,6,458
Two dimensional V2O3 and its experimental feasibility as robust room-temperature magnetic Chern insulator,10.1038/s41699-021-00245-w,2-s2.0-85109786378,85109786378,2021,2021-12-01,Npj 2d Materials and Applications,,,Article,,KU Leuven,27,True,https://api.elsevier.com/content/abstract/scopus_id/85109786378,scopus,PENDING,NOT_STARTED,,6,459
"Quantum oscillations, magnetic breakdown and thermal Hall effect in Co3Sn2S2",10.1088/1361-6463/ac1c2b,2-s2.0-85114674859,85114674859,2021,2021-11-01,Journal of Physics D Applied Physics,00223727,,Article,,Huazhong University of Science and Technology,26,True,https://api.elsevier.com/content/abstract/scopus_id/85114674859,scopus,PENDING,NOT_STARTED,,6,460
Structure-property relationships in the lanthanide-substituted PbBi2Nb2O9 Aurivillius phase synthesized by the molten salt method,10.1016/j.jallcom.2020.158440,2-s2.0-85098866796,85098866796,2021,2021-04-15,Journal of Alloys and Compounds,09258388,,Article,,Universitas Andalas,24,True,https://api.elsevier.com/content/abstract/scopus_id/85098866796,scopus,PENDING,NOT_STARTED,,6,461
Exact Analytical Solutions for Kinetic Equations Describing Thermochemical Remanence Acquisition for Single-Domain Grains: Implications for Absolute Paleointensity Determinations,10.1029/2020jb021536,2-s2.0-85106960721,85106960721,2021,2021-05-01,Journal of Geophysical Research Solid Earth,21699313,,Article,,Geophysical Observatory Borok,23,True,https://api.elsevier.com/content/abstract/scopus_id/85106960721,scopus,PENDING,NOT_STARTED,,6,462
Magnetic properties and critical behavior of magnetically intercalated WSe2: A theoretical study,10.1088/2053-1583/abd1cc,2-s2.0-85098243865,85098243865,2021,2021-04-01,2d Materials,,,Article,,KU Leuven; Interuniversity Microelectronics Centre; Erik Jonsson School of Engineering and Computer Science,23,True,https://api.elsevier.com/content/abstract/scopus_id/85098243865,scopus,PENDING,NOT_STARTED,,6,463
Magnetism and site occupancy in epitaxial Y-rich yttrium iron garnet films,10.1103/physrevmaterials.5.094403,2-s2.0-85114872116,85114872116,2021,2021-09-01,Physical Review Materials,,,Article,,MIT School of Engineering,23,True,https://api.elsevier.com/content/abstract/scopus_id/85114872116,scopus,PENDING,NOT_STARTED,,6,464
Effects of Fe Deficiency and Co Substitution in Polycrystalline and Single Crystals of Fe3GeTe2,10.1021/acs.cgd.1c00684,2-s2.0-85119141482,85119141482,2021,2021-12-01,Crystal Growth and Design,15287483,,Article,,"Faculty of Science, Engineering and Medicine",22,True,https://api.elsevier.com/content/abstract/scopus_id/85119141482,scopus,PENDING,NOT_STARTED,,6,465
Layer-dependent electronic and magnetic properties of Nb3 I8,10.1103/physrevresearch.2.033001,2-s2.0-85092440076,85092440076,2020,2020-07-01,Physical Review Research,26431564,,Article,,"Università degli Studi di Napoli Federico II; CNR - SuPerconducting and other INnovative materials and devices institute, Napoli",39,True,https://api.elsevier.com/content/abstract/scopus_id/85092440076,scopus,PENDING,NOT_STARTED,,6,466
Quantum Metamaterials with Magnetic Response at Optical Frequencies,10.1103/physrevlett.125.063601,2-s2.0-85089974143,85089974143,2020,2020-08-07,Physical Review Letters,00319007,,Article,,University of Ottawa; Max Planck Institute for the Science of Light,39,True,https://api.elsevier.com/content/abstract/scopus_id/85089974143,scopus,PENDING,NOT_STARTED,,6,467
Effect of terbium ion substitution in inverse spinel nickel ferrite: Structural and magnetic study,10.3390/magnetochemistry6010014,2-s2.0-85091319126,85091319126,2020,2020-03-01,Magnetochemistry,,,Article,,College of Arts & Sciences,38,True,https://api.elsevier.com/content/abstract/scopus_id/85091319126,scopus,PENDING,NOT_STARTED,,6,468
Intrinsic Ferromagnetic Semiconductors in Two-Dimensional Alkali-Based Chromium Chalcogenides,10.1021/acsaelm.0c00686,2-s2.0-85097955099,85097955099,2020,2020-12-22,ACS Applied Electronic Materials,,,Article,,Chongqing University; Southern University of Science and Technology,38,True,https://api.elsevier.com/content/abstract/scopus_id/85097955099,scopus,PENDING,NOT_STARTED,,6,469
Ising ferromagnetism and robust half-metallicity in two-dimensional honeycomb-kagome Cr2O3 layer,10.1038/s41699-020-00174-0,2-s2.0-85095678579,85095678579,2020,2020-12-01,Npj 2d Materials and Applications,,,Article,,University of Tsukuba; Kansai Photon Science Institute,38,True,https://api.elsevier.com/content/abstract/scopus_id/85095678579,scopus,PENDING,NOT_STARTED,,6,470
"Mechanical behavior, enhanced dc resistivity, energy band gap and high temperature magnetic properties of Y-substituted Mg-Zn ferrites",10.1088/2053-1591/ab7791,2-s2.0-85081752151,85081752151,2020,2020-01-01,Materials Research Express,,,Article,,Chittagong University of Engineering and Technology,38,True,https://api.elsevier.com/content/abstract/scopus_id/85081752151,scopus,PENDING,NOT_STARTED,,6,471
Novel electronic nematicity in heavily hole-doped iron pnictide superconductors,10.1073/pnas.1909172117,2-s2.0-85082321717,85082321717,2020,2020-03-24,Proceedings of the National Academy of Sciences of the United States of America,00278424,,Article,,The University of Tokyo,38,True,https://api.elsevier.com/content/abstract/scopus_id/85082321717,scopus,PENDING,NOT_STARTED,,6,472
Magnetic Properties of Quasi-One-Dimensional Lanthanide Calcium Oxyborates Ca4LnO(BO3)3,10.1021/acs.inorgchem.0c01098,2-s2.0-85086722058,85086722058,2020,2020-07-06,Inorganic Chemistry,00201669,,Article,,Department of Physics,37,True,https://api.elsevier.com/content/abstract/scopus_id/85086722058,scopus,PENDING,NOT_STARTED,,6,473
Molecular molds for regularizing Kondo states at atom/metal interfaces,10.1038/s41467-020-16402-6,2-s2.0-85085300332,85085300332,2020,2020-12-01,Nature Communications,,,Article,,Hefei National Laboratory for Physical Sciences at the Microscale,36,True,https://api.elsevier.com/content/abstract/scopus_id/85085300332,scopus,PENDING,NOT_STARTED,,6,474
Understanding the metal-to-insulator transition in La1−xSrxCoO3−δ and its applications for neuromorphic computing,10.1038/s41524-020-00437-w,2-s2.0-85095785466,85095785466,2020,2020-12-01,Npj Computational Materials,,,Article,,Pritzker School of Molecular Engineering,36,True,https://api.elsevier.com/content/abstract/scopus_id/85095785466,scopus,PENDING,NOT_STARTED,,6,475
Termination switching of antiferromagnetic proximity effect in topological insulator,10.1126/sciadv.aaz8463,2-s2.0-85089993977,85089993977,2020,2020-08-01,Science Advances,,,Article,,UCLA Samueli School of Engineering,35,True,https://api.elsevier.com/content/abstract/scopus_id/85089993977,scopus,PENDING,NOT_STARTED,,6,476
Interface Engineered Room-Temperature Ferromagnetic Insulating State in Ultrathin Manganite Films,10.1002/advs.201901606,2-s2.0-85074842609,85074842609,2020,2020-01-01,Advanced Science,,,Article,,University of Cambridge,34,True,https://api.elsevier.com/content/abstract/scopus_id/85074842609,scopus,PENDING,NOT_STARTED,,6,477
Martensitic αʺ-Fe16N2-Type Phase of Non-Stoichiometric Composition: Current Status of Research and Microscopic Statistical-Thermodynamic Model,10.15407/ufm.21.04.580,2-s2.0-85100011780,85100011780,2020,2020-12-01,Progress in Physics of Metals,16081021,,Article,,"G. V. Kurdyumov Institute for Metal Physics, National Academy of Sciences of Ukraine",34,True,https://api.elsevier.com/content/abstract/scopus_id/85100011780,scopus,PENDING,NOT_STARTED,,6,478
Dependence of the magnetization process on the thickness of fe70 pd30 nanostructured thin film,10.3390/ma13245788,2-s2.0-85098253308,85098253308,2020,2020-12-02,Materials,,,Article,,Universidad de Oviedo; Faculty of Science,32,True,https://api.elsevier.com/content/abstract/scopus_id/85098253308,scopus,PENDING,NOT_STARTED,,6,479
High temperature creep-mediated functionality in polycrystalline barium titanate,10.1111/jace.16881,2-s2.0-85075740407,85075740407,2020,2020-03-01,Journal of the American Ceramic Society,00027820,,Article,,Technische Universität Darmstadt; Xi'an University of Technology,31,True,https://api.elsevier.com/content/abstract/scopus_id/85075740407,scopus,PENDING,NOT_STARTED,,6,480
Tunable electronic and magnetic properties of monolayer and bilayer Janus Cr2Cl3I3: A first-principles study,10.1039/d0ma00085j,2-s2.0-85096514490,85096514490,2020,2020-01-01,Materials Advances,,,Article,,Tsinghua University; Shandong University,31,True,https://api.elsevier.com/content/abstract/scopus_id/85096514490,scopus,PENDING,NOT_STARTED,,6,481
Magnetic and magneto-caloric properties of the amorphous fe92−xzr8bx ribbons,10.3390/ma13235334,2-s2.0-85097806758,85097806758,2020,2020-12-01,Materials,,,Article,,Shanghai Polytechnic University,30,True,https://api.elsevier.com/content/abstract/scopus_id/85097806758,scopus,PENDING,NOT_STARTED,,6,482
Room-temperature skyrmion phase in bulk Cu2OSeO3 under high pressures,10.1073/pnas.1922108117,2-s2.0-85083502508,85083502508,2020,2020-04-21,Proceedings of the National Academy of Sciences of the United States of America,00278424,,Article,,University of Houston; College of Natural Sciences and Mathematics,30,True,https://api.elsevier.com/content/abstract/scopus_id/85083502508,scopus,PENDING,NOT_STARTED,,6,483
Electric filed dependent valley polarization in 2D WSe2/CrGeTe3heterostructure,10.1088/1361-6528/aba0f4,2-s2.0-85091105335,85091105335,2020,2020-10-16,Nanotechnology,09574484,,Article,,Pukyong National University,28,True,https://api.elsevier.com/content/abstract/scopus_id/85091105335,scopus,PENDING,NOT_STARTED,,6,484
Existence of a unique solution and invariant measures for the stochastic Landau–Lifshitz–Bloch equation,10.1016/j.jde.2020.06.061,2-s2.0-85087213853,85087213853,2020,2020-11-15,Journal of Differential Equations,00220396,,Article,,University of York,28,True,https://api.elsevier.com/content/abstract/scopus_id/85087213853,scopus,PENDING,NOT_STARTED,,6,485
Interfacial reconstruction in La0.7Sr0.3MnO3thin films: Giant low-field magnetoresistance,10.1039/d0na00287a,2-s2.0-85088446960,85088446960,2020,2020-07-01,Nanoscale Advances,,,Article,,Indian Institute of Technology Madras,28,True,https://api.elsevier.com/content/abstract/scopus_id/85088446960,scopus,PENDING,NOT_STARTED,,6,486
"The Influence of Various Divalent Metal Ions (Mn2+, Co2+, and Cu2+) Substitution on the Structural and Magnetic Properties of Nickel–Zinc Spinel Ferrite",10.1134/s106378342007015x,2-s2.0-85087346691,85087346691,2020,2020-07-01,Physics of the Solid State,10637834,,Article,,Faculty of Science,28,True,https://api.elsevier.com/content/abstract/scopus_id/85087346691,scopus,PENDING,NOT_STARTED,,6,487
Spin-selective response tunability in two-dimensional nanomagnet,10.1088/1361-648x/ab8bf4,2-s2.0-85088899493,85088899493,2020,2020-09-30,Journal of Physics Condensed Matter,09538984,,Article,,Indian Institute of Technology Patna,27,True,https://api.elsevier.com/content/abstract/scopus_id/85088899493,scopus,PENDING,NOT_STARTED,,6,488
Stereochemical Rules Govern the Soft Self-Assembly of Achiral Compounds: Understanding the Heliconical Liquid-Crystalline Phases of Bent-Core Mesogens,10.1002/chem.201904871,2-s2.0-85081210786,85081210786,2020,2020-04-09,Chemistry A European Journal,09476539,,Article,,Martin-Luther-Universität Halle-Wittenberg,27,True,https://api.elsevier.com/content/abstract/scopus_id/85081210786,scopus,PENDING,NOT_STARTED,,6,489
Magnetocuring of temperature failsafe epoxy adhesives,10.1016/j.apmt.2020.100824,2-s2.0-85090901686,85090901686,2020,2020-12-01,Applied Materials Today,,,Article,,Nanyang Technological University,26,True,https://api.elsevier.com/content/abstract/scopus_id/85090901686,scopus,PENDING,NOT_STARTED,,6,490
Microstructure and electrical transport mechanisms of the Ca-doped LaMnO3 films grown on MgO substrate,10.1016/j.jmat.2019.10.002,2-s2.0-85075170958,85075170958,2020,2020-03-01,Journal of Materiomics,23528478,,Article,,"University of Sharjah; Université de Tunis El Manar, Faculté des Sciences de Tunis",26,True,https://api.elsevier.com/content/abstract/scopus_id/85075170958,scopus,PENDING,NOT_STARTED,,6,491
A New Highly Anisotropic Rh-Based Heusler Compound for Magnetic Recording,10.1002/adma.202004331,2-s2.0-85092168561,85092168561,2020,2020-11-01,Advanced Materials,09359648,,Article,,Max Planck Institute for Chemical Physics of Solids,25,True,https://api.elsevier.com/content/abstract/scopus_id/85092168561,scopus,PENDING,NOT_STARTED,,6,492
Energy conversion capacity of barium zirconate titanate,10.3390/ma13020315,2-s2.0-85079759607,85079759607,2020,2020-01-01,Materials,,,Article,,Princess of Naradhiwas University,25,True,https://api.elsevier.com/content/abstract/scopus_id/85079759607,scopus,PENDING,NOT_STARTED,,6,493
First-principles study of magnetism in some novel MXene materials,10.1039/d0ra03643a,2-s2.0-85098457835,85098457835,2020,2020-11-06,Rsc Advances,,,Article,,"East China University of Science and Technology; Ningbo Institute of Industrial Technology, Chinese Academy of Sciences",25,True,https://api.elsevier.com/content/abstract/scopus_id/85098457835,scopus,PENDING,NOT_STARTED,,6,494
Optimizing the caloric properties of Cu-doped Ni-Mn-Ga alloys,10.3390/ma13020419,2-s2.0-85081077694,85081077694,2020,2020-01-01,Materials,,,Article,,Universitat de les Illes Balears,25,True,https://api.elsevier.com/content/abstract/scopus_id/85081077694,scopus,PENDING,NOT_STARTED,,6,495
Size- And temperature-dependent magnetization of iron nanoclusters,10.1103/physrevb.102.184426,2-s2.0-85097152990,85097152990,2020,2020-11-20,Physical Review B,24699950,,Article,,Consejo Nacional de Investigaciones Científicas y Técnicas; Universidad de Mendoza,25,True,https://api.elsevier.com/content/abstract/scopus_id/85097152990,scopus,PENDING,NOT_STARTED,,6,496
Two-dimensional hexagonal manganese carbide monolayer with intrinsic ferromagnetism and half-metallicity,10.1088/1367-2630/abbf6c,2-s2.0-85094966389,85094966389,2020,2020-10-01,New Journal of Physics,13672630,,Article,,Southwest University,25,True,https://api.elsevier.com/content/abstract/scopus_id/85094966389,scopus,PENDING,NOT_STARTED,,6,497
Highly mobile twin boundaries in seven-layer modulated Ni–Mn–Ga–Fe martensite,10.1016/j.scriptamat.2019.10.042,2-s2.0-85074705662,85074705662,2020,2020-03-15,Scripta Materialia,13596462,,Article,,LUT University,24,True,https://api.elsevier.com/content/abstract/scopus_id/85074705662,scopus,PENDING,NOT_STARTED,,6,498
Magnetic Properties of Ferritchromite and Cr-Magnetite and Monitoring of Cr-Spinels Alteration in Ultramafic and Mafic Rocks,10.1029/2020gc009227,2-s2.0-85096414283,85096414283,2020,2020-11-01,Geochemistry Geophysics Geosystems,,,Article,,Géosciences Environnement Toulouse; Laboratoire Chrono-Environnement,24,True,https://api.elsevier.com/content/abstract/scopus_id/85096414283,scopus,PENDING,NOT_STARTED,,6,499
Temperature dependence of magnetic exchange stiffness in iron and nickel,10.1088/1361-6463/ab9672,2-s2.0-85088029789,85088029789,2020,2020-09-23,Journal of Physics D Applied Physics,00223727,,Article,,Kyoto University; Riken,24,True,https://api.elsevier.com/content/abstract/scopus_id/85088029789,scopus,PENDING,NOT_STARTED,,6,500
